Analysis & Synthesis report for Processador_Completo
Wed Jul 15 17:04:24 2026
Quartus Prime Version 20.1.1 Build 720 11/11/2020 SJ Lite Edition


---------------------
; Table of Contents ;
---------------------
  1. Legal Notice
  2. Analysis & Synthesis Summary
  3. Analysis & Synthesis Settings
  4. Parallel Compilation
  5. Analysis & Synthesis Source Files Read
  6. Analysis & Synthesis Resource Usage Summary
  7. Analysis & Synthesis Resource Utilization by Entity
  8. Analysis & Synthesis RAM Summary
  9. Analysis & Synthesis DSP Block Usage Summary
 10. Registers Removed During Synthesis
 11. General Register Statistics
 12. Inverted Register Statistics
 13. Registers Packed Into Inferred Megafunctions
 14. Multiplexer Restructuring Statistics (Restructuring Performed)
 15. Source assignments for Memoria_Instrucoes:comb_5|altsyncram:rom_rtl_0|altsyncram_lf91:auto_generated
 16. Source assignments for Memoria_Principal:comb_47|altsyncram:ram_rtl_0|altsyncram_ud81:auto_generated
 17. Parameter Settings for User Entity Instance: Memoria_Instrucoes:comb_5
 18. Parameter Settings for User Entity Instance: Banco_de_Registradores:comb_10
 19. Parameter Settings for User Entity Instance: Memoria_Principal:comb_47
 20. Parameter Settings for Inferred Entity Instance: Memoria_Instrucoes:comb_5|altsyncram:rom_rtl_0
 21. Parameter Settings for Inferred Entity Instance: Memoria_Principal:comb_47|altsyncram:ram_rtl_0
 22. Parameter Settings for Inferred Entity Instance: Modulo_Entrada_E_Saida:comb_49|lpm_divide:Mod0
 23. Parameter Settings for Inferred Entity Instance: Modulo_Entrada_E_Saida:comb_49|lpm_divide:Div0
 24. Parameter Settings for Inferred Entity Instance: Modulo_Entrada_E_Saida:comb_49|lpm_divide:Mod1
 25. Parameter Settings for Inferred Entity Instance: Modulo_Entrada_E_Saida:comb_49|lpm_divide:Div1
 26. Parameter Settings for Inferred Entity Instance: Modulo_Entrada_E_Saida:comb_49|lpm_divide:Mod2
 27. Parameter Settings for Inferred Entity Instance: Modulo_Entrada_E_Saida:comb_49|lpm_divide:Div2
 28. Parameter Settings for Inferred Entity Instance: Modulo_Entrada_E_Saida:comb_49|lpm_divide:Mod3
 29. Parameter Settings for Inferred Entity Instance: Modulo_Entrada_E_Saida:comb_49|lpm_divide:Div3
 30. Parameter Settings for Inferred Entity Instance: Modulo_Entrada_E_Saida:comb_49|lpm_divide:Mod4
 31. Parameter Settings for Inferred Entity Instance: Modulo_Entrada_E_Saida:comb_49|lpm_divide:Div4
 32. Parameter Settings for Inferred Entity Instance: Modulo_Entrada_E_Saida:comb_49|lpm_divide:Mod5
 33. Parameter Settings for Inferred Entity Instance: Modulo_Entrada_E_Saida:comb_49|lpm_divide:Div5
 34. Parameter Settings for Inferred Entity Instance: Modulo_Entrada_E_Saida:comb_49|lpm_divide:Mod6
 35. Parameter Settings for Inferred Entity Instance: Modulo_Entrada_E_Saida:comb_49|lpm_divide:Div6
 36. Parameter Settings for Inferred Entity Instance: Modulo_Entrada_E_Saida:comb_49|lpm_divide:Mod7
 37. Parameter Settings for Inferred Entity Instance: ULA:comb_44|lpm_divide:Div0
 38. Parameter Settings for Inferred Entity Instance: ULA:comb_44|lpm_mult:Mult0
 39. altsyncram Parameter Settings by Entity Instance
 40. lpm_mult Parameter Settings by Entity Instance
 41. Port Connectivity Checks: "Memoria_Principal:comb_47"
 42. Port Connectivity Checks: "Memoria_Instrucoes:comb_5"
 43. Port Connectivity Checks: "PC:comb_4"
 44. Post-Synthesis Netlist Statistics for Top Partition
 45. Elapsed Time Per Partition
 46. Analysis & Synthesis Messages
 47. Analysis & Synthesis Suppressed Messages



----------------
; Legal Notice ;
----------------
Copyright (C) 2020  Intel Corporation. All rights reserved.
Your use of Intel Corporation's design tools, logic functions 
and other software and tools, and any partner logic 
functions, and any output files from any of the foregoing 
(including device programming or simulation files), and any 
associated documentation or information are expressly subject 
to the terms and conditions of the Intel Program License 
Subscription Agreement, the Intel Quartus Prime License Agreement,
the Intel FPGA IP License Agreement, or other applicable license
agreement, including, without limitation, that your use is for
the sole purpose of programming logic devices manufactured by
Intel and sold by Intel or its authorized distributors.  Please
refer to the applicable agreement for further details, at
https://fpgasoftware.intel.com/eula.



+----------------------------------------------------------------------------------+
; Analysis & Synthesis Summary                                                     ;
+------------------------------------+---------------------------------------------+
; Analysis & Synthesis Status        ; Successful - Wed Jul 15 17:04:24 2026       ;
; Quartus Prime Version              ; 20.1.1 Build 720 11/11/2020 SJ Lite Edition ;
; Revision Name                      ; Processador_Completo                        ;
; Top-level Entity Name              ; Processador_Completo                        ;
; Family                             ; Cyclone IV E                                ;
; Total logic elements               ; 9,823                                       ;
;     Total combinational functions  ; 9,374                                       ;
;     Dedicated logic registers      ; 583                                         ;
; Total registers                    ; 583                                         ;
; Total pins                         ; 507                                         ;
; Total virtual pins                 ; 0                                           ;
; Total memory bits                  ; 14,964                                      ;
; Embedded Multiplier 9-bit elements ; 6                                           ;
; Total PLLs                         ; 0                                           ;
+------------------------------------+---------------------------------------------+


+----------------------------------------------------------------------------------------------------------------+
; Analysis & Synthesis Settings                                                                                  ;
+------------------------------------------------------------------+----------------------+----------------------+
; Option                                                           ; Setting              ; Default Value        ;
+------------------------------------------------------------------+----------------------+----------------------+
; Device                                                           ; EP4CE115F29C7        ;                      ;
; Top-level entity name                                            ; Processador_Completo ; Processador_Completo ;
; Family name                                                      ; Cyclone IV E         ; Cyclone V            ;
; Use smart compilation                                            ; Off                  ; Off                  ;
; Enable parallel Assembler and Timing Analyzer during compilation ; On                   ; On                   ;
; Enable compact report table                                      ; Off                  ; Off                  ;
; Restructure Multiplexers                                         ; Auto                 ; Auto                 ;
; Create Debugging Nodes for IP Cores                              ; Off                  ; Off                  ;
; Preserve fewer node names                                        ; On                   ; On                   ;
; Intel FPGA IP Evaluation Mode                                    ; Enable               ; Enable               ;
; Verilog Version                                                  ; Verilog_2001         ; Verilog_2001         ;
; VHDL Version                                                     ; VHDL_1993            ; VHDL_1993            ;
; State Machine Processing                                         ; Auto                 ; Auto                 ;
; Safe State Machine                                               ; Off                  ; Off                  ;
; Extract Verilog State Machines                                   ; On                   ; On                   ;
; Extract VHDL State Machines                                      ; On                   ; On                   ;
; Ignore Verilog initial constructs                                ; Off                  ; Off                  ;
; Iteration limit for constant Verilog loops                       ; 5000                 ; 5000                 ;
; Iteration limit for non-constant Verilog loops                   ; 250                  ; 250                  ;
; Add Pass-Through Logic to Inferred RAMs                          ; On                   ; On                   ;
; Infer RAMs from Raw Logic                                        ; On                   ; On                   ;
; Parallel Synthesis                                               ; On                   ; On                   ;
; DSP Block Balancing                                              ; Auto                 ; Auto                 ;
; NOT Gate Push-Back                                               ; On                   ; On                   ;
; Power-Up Don't Care                                              ; On                   ; On                   ;
; Remove Redundant Logic Cells                                     ; Off                  ; Off                  ;
; Remove Duplicate Registers                                       ; On                   ; On                   ;
; Ignore CARRY Buffers                                             ; Off                  ; Off                  ;
; Ignore CASCADE Buffers                                           ; Off                  ; Off                  ;
; Ignore GLOBAL Buffers                                            ; Off                  ; Off                  ;
; Ignore ROW GLOBAL Buffers                                        ; Off                  ; Off                  ;
; Ignore LCELL Buffers                                             ; Off                  ; Off                  ;
; Ignore SOFT Buffers                                              ; On                   ; On                   ;
; Limit AHDL Integers to 32 Bits                                   ; Off                  ; Off                  ;
; Optimization Technique                                           ; Balanced             ; Balanced             ;
; Carry Chain Length                                               ; 70                   ; 70                   ;
; Auto Carry Chains                                                ; On                   ; On                   ;
; Auto Open-Drain Pins                                             ; On                   ; On                   ;
; Perform WYSIWYG Primitive Resynthesis                            ; Off                  ; Off                  ;
; Auto ROM Replacement                                             ; On                   ; On                   ;
; Auto RAM Replacement                                             ; On                   ; On                   ;
; Auto DSP Block Replacement                                       ; On                   ; On                   ;
; Auto Shift Register Replacement                                  ; Auto                 ; Auto                 ;
; Allow Shift Register Merging across Hierarchies                  ; Auto                 ; Auto                 ;
; Auto Clock Enable Replacement                                    ; On                   ; On                   ;
; Strict RAM Replacement                                           ; Off                  ; Off                  ;
; Allow Synchronous Control Signals                                ; On                   ; On                   ;
; Force Use of Synchronous Clear Signals                           ; Off                  ; Off                  ;
; Auto RAM Block Balancing                                         ; On                   ; On                   ;
; Auto RAM to Logic Cell Conversion                                ; Off                  ; Off                  ;
; Auto Resource Sharing                                            ; Off                  ; Off                  ;
; Allow Any RAM Size For Recognition                               ; Off                  ; Off                  ;
; Allow Any ROM Size For Recognition                               ; Off                  ; Off                  ;
; Allow Any Shift Register Size For Recognition                    ; Off                  ; Off                  ;
; Use LogicLock Constraints during Resource Balancing              ; On                   ; On                   ;
; Ignore translate_off and synthesis_off directives                ; Off                  ; Off                  ;
; Timing-Driven Synthesis                                          ; On                   ; On                   ;
; Report Parameter Settings                                        ; On                   ; On                   ;
; Report Source Assignments                                        ; On                   ; On                   ;
; Report Connectivity Checks                                       ; On                   ; On                   ;
; Ignore Maximum Fan-Out Assignments                               ; Off                  ; Off                  ;
; Synchronization Register Chain Length                            ; 2                    ; 2                    ;
; Power Optimization During Synthesis                              ; Normal compilation   ; Normal compilation   ;
; HDL message level                                                ; Level2               ; Level2               ;
; Suppress Register Optimization Related Messages                  ; Off                  ; Off                  ;
; Number of Removed Registers Reported in Synthesis Report         ; 5000                 ; 5000                 ;
; Number of Swept Nodes Reported in Synthesis Report               ; 5000                 ; 5000                 ;
; Number of Inverted Registers Reported in Synthesis Report        ; 100                  ; 100                  ;
; Clock MUX Protection                                             ; On                   ; On                   ;
; Auto Gated Clock Conversion                                      ; Off                  ; Off                  ;
; Block Design Naming                                              ; Auto                 ; Auto                 ;
; SDC constraint protection                                        ; Off                  ; Off                  ;
; Synthesis Effort                                                 ; Auto                 ; Auto                 ;
; Shift Register Replacement - Allow Asynchronous Clear Signal     ; On                   ; On                   ;
; Pre-Mapping Resynthesis Optimization                             ; Off                  ; Off                  ;
; Analysis & Synthesis Message Level                               ; Medium               ; Medium               ;
; Disable Register Merging Across Hierarchies                      ; Auto                 ; Auto                 ;
; Resource Aware Inference For Block RAM                           ; On                   ; On                   ;
+------------------------------------------------------------------+----------------------+----------------------+


+------------------------------------------+
; Parallel Compilation                     ;
+----------------------------+-------------+
; Processors                 ; Number      ;
+----------------------------+-------------+
; Number detected on machine ; 8           ;
; Maximum allowed            ; 4           ;
;                            ;             ;
; Average used               ; 1.00        ;
; Maximum used               ; 4           ;
;                            ;             ;
; Usage by Processor         ; % Time Used ;
;     Processor 1            ; 100.0%      ;
;     Processor 2            ;   0.1%      ;
;     Processor 3            ;   0.1%      ;
;     Processor 4            ;   0.1%      ;
+----------------------------+-------------+


+----------------------------------------------------------------------------------------------------------------------------------------------------------------------------------------------------------------------------------------------------------------------------------------------+
; Analysis & Synthesis Source Files Read                                                                                                                                                                                                                                                       ;
+------------------------------------------------------------------+-----------------+-------------------------------------------------------+---------------------------------------------------------------------------------------------------------------------------------------+---------+
; File Name with User-Entered Path                                 ; Used in Netlist ; File Type                                             ; File Name with Absolute Path                                                                                                          ; Library ;
+------------------------------------------------------------------+-----------------+-------------------------------------------------------+---------------------------------------------------------------------------------------------------------------------------------------+---------+
; Modulo_Entrada_E_Saida.v                                         ; yes             ; User Verilog HDL File                                 ; /home/gabriel/Documents/Projects/Compiler/Processador-QAR/OldQuartus/Modulo_Entrada_E_Saida.v                                         ;         ;
; Unidade_de_Controle.v                                            ; yes             ; User Verilog HDL File                                 ; /home/gabriel/Documents/Projects/Compiler/Processador-QAR/OldQuartus/Unidade_de_Controle.v                                            ;         ;
; ULA.v                                                            ; yes             ; User Verilog HDL File                                 ; /home/gabriel/Documents/Projects/Compiler/Processador-QAR/OldQuartus/ULA.v                                                            ;         ;
; Sub1.v                                                           ; yes             ; User Verilog HDL File                                 ; /home/gabriel/Documents/Projects/Compiler/Processador-QAR/OldQuartus/Sub1.v                                                           ;         ;
; PC.v                                                             ; yes             ; User Verilog HDL File                                 ; /home/gabriel/Documents/Projects/Compiler/Processador-QAR/OldQuartus/PC.v                                                             ;         ;
; Mux2.v                                                           ; yes             ; User Verilog HDL File                                 ; /home/gabriel/Documents/Projects/Compiler/Processador-QAR/OldQuartus/Mux2.v                                                           ;         ;
; Mux_PC.v                                                         ; yes             ; User Verilog HDL File                                 ; /home/gabriel/Documents/Projects/Compiler/Processador-QAR/OldQuartus/Mux_PC.v                                                         ;         ;
; Mux_Escrita_Especial.v                                           ; yes             ; User Verilog HDL File                                 ; /home/gabriel/Documents/Projects/Compiler/Processador-QAR/OldQuartus/Mux_Escrita_Especial.v                                           ;         ;
; Mux_Escrita.v                                                    ; yes             ; User Verilog HDL File                                 ; /home/gabriel/Documents/Projects/Compiler/Processador-QAR/OldQuartus/Mux_Escrita.v                                                    ;         ;
; Memoria_Principal.v                                              ; yes             ; User Verilog HDL File                                 ; /home/gabriel/Documents/Projects/Compiler/Processador-QAR/OldQuartus/Memoria_Principal.v                                              ;         ;
; Memoria_Instrucoes.v                                             ; yes             ; User Verilog HDL File                                 ; /home/gabriel/Documents/Projects/Compiler/Processador-QAR/OldQuartus/Memoria_Instrucoes.v                                             ;         ;
; Gerenciador_de_Entrada.v                                         ; yes             ; User Verilog HDL File                                 ; /home/gabriel/Documents/Projects/Compiler/Processador-QAR/OldQuartus/Gerenciador_de_Entrada.v                                         ;         ;
; Banco_de_Registradores.v                                         ; yes             ; User Verilog HDL File                                 ; /home/gabriel/Documents/Projects/Compiler/Processador-QAR/OldQuartus/Banco_de_Registradores.v                                         ;         ;
; Adder.v                                                          ; yes             ; User Verilog HDL File                                 ; /home/gabriel/Documents/Projects/Compiler/Processador-QAR/OldQuartus/Adder.v                                                          ;         ;
; Add1.v                                                           ; yes             ; User Verilog HDL File                                 ; /home/gabriel/Documents/Projects/Compiler/Processador-QAR/OldQuartus/Add1.v                                                           ;         ;
; Processador_Completo.v                                           ; yes             ; User Verilog HDL File                                 ; /home/gabriel/Documents/Projects/Compiler/Processador-QAR/OldQuartus/Processador_Completo.v                                           ;         ;
; single_port_rom_init.txt                                         ; yes             ; Auto-Found File                                       ; /home/gabriel/Documents/Projects/Compiler/Processador-QAR/OldQuartus/single_port_rom_init.txt                                         ;         ;
; altsyncram.tdf                                                   ; yes             ; Megafunction                                          ; /home/gabriel/intelFPGA_lite/20.1/quartus/libraries/megafunctions/altsyncram.tdf                                                      ;         ;
; stratix_ram_block.inc                                            ; yes             ; Megafunction                                          ; /home/gabriel/intelFPGA_lite/20.1/quartus/libraries/megafunctions/stratix_ram_block.inc                                               ;         ;
; lpm_mux.inc                                                      ; yes             ; Megafunction                                          ; /home/gabriel/intelFPGA_lite/20.1/quartus/libraries/megafunctions/lpm_mux.inc                                                         ;         ;
; lpm_decode.inc                                                   ; yes             ; Megafunction                                          ; /home/gabriel/intelFPGA_lite/20.1/quartus/libraries/megafunctions/lpm_decode.inc                                                      ;         ;
; aglobal201.inc                                                   ; yes             ; Megafunction                                          ; /home/gabriel/intelFPGA_lite/20.1/quartus/libraries/megafunctions/aglobal201.inc                                                      ;         ;
; a_rdenreg.inc                                                    ; yes             ; Megafunction                                          ; /home/gabriel/intelFPGA_lite/20.1/quartus/libraries/megafunctions/a_rdenreg.inc                                                       ;         ;
; altrom.inc                                                       ; yes             ; Megafunction                                          ; /home/gabriel/intelFPGA_lite/20.1/quartus/libraries/megafunctions/altrom.inc                                                          ;         ;
; altram.inc                                                       ; yes             ; Megafunction                                          ; /home/gabriel/intelFPGA_lite/20.1/quartus/libraries/megafunctions/altram.inc                                                          ;         ;
; altdpram.inc                                                     ; yes             ; Megafunction                                          ; /home/gabriel/intelFPGA_lite/20.1/quartus/libraries/megafunctions/altdpram.inc                                                        ;         ;
; db/altsyncram_lf91.tdf                                           ; yes             ; Auto-Generated Megafunction                           ; /home/gabriel/Documents/Projects/Compiler/Processador-QAR/OldQuartus/db/altsyncram_lf91.tdf                                           ;         ;
; db/Processador_Completo.ram0_Memoria_Instrucoes_9b3481b3.hdl.mif ; yes             ; Auto-Generated Auto-Found Memory Initialization File  ; /home/gabriel/Documents/Projects/Compiler/Processador-QAR/OldQuartus/db/Processador_Completo.ram0_Memoria_Instrucoes_9b3481b3.hdl.mif ;         ;
; db/altsyncram_ud81.tdf                                           ; yes             ; Auto-Generated Megafunction                           ; /home/gabriel/Documents/Projects/Compiler/Processador-QAR/OldQuartus/db/altsyncram_ud81.tdf                                           ;         ;
; lpm_divide.tdf                                                   ; yes             ; Megafunction                                          ; /home/gabriel/intelFPGA_lite/20.1/quartus/libraries/megafunctions/lpm_divide.tdf                                                      ;         ;
; abs_divider.inc                                                  ; yes             ; Megafunction                                          ; /home/gabriel/intelFPGA_lite/20.1/quartus/libraries/megafunctions/abs_divider.inc                                                     ;         ;
; sign_div_unsign.inc                                              ; yes             ; Megafunction                                          ; /home/gabriel/intelFPGA_lite/20.1/quartus/libraries/megafunctions/sign_div_unsign.inc                                                 ;         ;
; db/lpm_divide_3bm.tdf                                            ; yes             ; Auto-Generated Megafunction                           ; /home/gabriel/Documents/Projects/Compiler/Processador-QAR/OldQuartus/db/lpm_divide_3bm.tdf                                            ;         ;
; db/sign_div_unsign_olh.tdf                                       ; yes             ; Auto-Generated Megafunction                           ; /home/gabriel/Documents/Projects/Compiler/Processador-QAR/OldQuartus/db/sign_div_unsign_olh.tdf                                       ;         ;
; db/alt_u_div_47f.tdf                                             ; yes             ; Auto-Generated Megafunction                           ; /home/gabriel/Documents/Projects/Compiler/Processador-QAR/OldQuartus/db/alt_u_div_47f.tdf                                             ;         ;
; db/add_sub_7pc.tdf                                               ; yes             ; Auto-Generated Megafunction                           ; /home/gabriel/Documents/Projects/Compiler/Processador-QAR/OldQuartus/db/add_sub_7pc.tdf                                               ;         ;
; db/add_sub_8pc.tdf                                               ; yes             ; Auto-Generated Megafunction                           ; /home/gabriel/Documents/Projects/Compiler/Processador-QAR/OldQuartus/db/add_sub_8pc.tdf                                               ;         ;
; db/lpm_divide_0jm.tdf                                            ; yes             ; Auto-Generated Megafunction                           ; /home/gabriel/Documents/Projects/Compiler/Processador-QAR/OldQuartus/db/lpm_divide_0jm.tdf                                            ;         ;
; db/lpm_divide_3jm.tdf                                            ; yes             ; Auto-Generated Megafunction                           ; /home/gabriel/Documents/Projects/Compiler/Processador-QAR/OldQuartus/db/lpm_divide_3jm.tdf                                            ;         ;
; db/sign_div_unsign_rlh.tdf                                       ; yes             ; Auto-Generated Megafunction                           ; /home/gabriel/Documents/Projects/Compiler/Processador-QAR/OldQuartus/db/sign_div_unsign_rlh.tdf                                       ;         ;
; db/alt_u_div_a7f.tdf                                             ; yes             ; Auto-Generated Megafunction                           ; /home/gabriel/Documents/Projects/Compiler/Processador-QAR/OldQuartus/db/alt_u_div_a7f.tdf                                             ;         ;
; db/lpm_divide_dkm.tdf                                            ; yes             ; Auto-Generated Megafunction                           ; /home/gabriel/Documents/Projects/Compiler/Processador-QAR/OldQuartus/db/lpm_divide_dkm.tdf                                            ;         ;
; db/sign_div_unsign_5nh.tdf                                       ; yes             ; Auto-Generated Megafunction                           ; /home/gabriel/Documents/Projects/Compiler/Processador-QAR/OldQuartus/db/sign_div_unsign_5nh.tdf                                       ;         ;
; db/alt_u_div_u9f.tdf                                             ; yes             ; Auto-Generated Megafunction                           ; /home/gabriel/Documents/Projects/Compiler/Processador-QAR/OldQuartus/db/alt_u_div_u9f.tdf                                             ;         ;
; db/lpm_divide_hkm.tdf                                            ; yes             ; Auto-Generated Megafunction                           ; /home/gabriel/Documents/Projects/Compiler/Processador-QAR/OldQuartus/db/lpm_divide_hkm.tdf                                            ;         ;
; db/sign_div_unsign_9nh.tdf                                       ; yes             ; Auto-Generated Megafunction                           ; /home/gabriel/Documents/Projects/Compiler/Processador-QAR/OldQuartus/db/sign_div_unsign_9nh.tdf                                       ;         ;
; db/alt_u_div_6af.tdf                                             ; yes             ; Auto-Generated Megafunction                           ; /home/gabriel/Documents/Projects/Compiler/Processador-QAR/OldQuartus/db/alt_u_div_6af.tdf                                             ;         ;
; db/lpm_divide_kkm.tdf                                            ; yes             ; Auto-Generated Megafunction                           ; /home/gabriel/Documents/Projects/Compiler/Processador-QAR/OldQuartus/db/lpm_divide_kkm.tdf                                            ;         ;
; db/sign_div_unsign_cnh.tdf                                       ; yes             ; Auto-Generated Megafunction                           ; /home/gabriel/Documents/Projects/Compiler/Processador-QAR/OldQuartus/db/sign_div_unsign_cnh.tdf                                       ;         ;
; db/alt_u_div_caf.tdf                                             ; yes             ; Auto-Generated Megafunction                           ; /home/gabriel/Documents/Projects/Compiler/Processador-QAR/OldQuartus/db/alt_u_div_caf.tdf                                             ;         ;
; db/lpm_divide_ekm.tdf                                            ; yes             ; Auto-Generated Megafunction                           ; /home/gabriel/Documents/Projects/Compiler/Processador-QAR/OldQuartus/db/lpm_divide_ekm.tdf                                            ;         ;
; db/sign_div_unsign_6nh.tdf                                       ; yes             ; Auto-Generated Megafunction                           ; /home/gabriel/Documents/Projects/Compiler/Processador-QAR/OldQuartus/db/sign_div_unsign_6nh.tdf                                       ;         ;
; db/alt_u_div_0af.tdf                                             ; yes             ; Auto-Generated Megafunction                           ; /home/gabriel/Documents/Projects/Compiler/Processador-QAR/OldQuartus/db/alt_u_div_0af.tdf                                             ;         ;
; db/lpm_divide_ikm.tdf                                            ; yes             ; Auto-Generated Megafunction                           ; /home/gabriel/Documents/Projects/Compiler/Processador-QAR/OldQuartus/db/lpm_divide_ikm.tdf                                            ;         ;
; db/sign_div_unsign_anh.tdf                                       ; yes             ; Auto-Generated Megafunction                           ; /home/gabriel/Documents/Projects/Compiler/Processador-QAR/OldQuartus/db/sign_div_unsign_anh.tdf                                       ;         ;
; db/alt_u_div_8af.tdf                                             ; yes             ; Auto-Generated Megafunction                           ; /home/gabriel/Documents/Projects/Compiler/Processador-QAR/OldQuartus/db/alt_u_div_8af.tdf                                             ;         ;
; db/lpm_divide_jkm.tdf                                            ; yes             ; Auto-Generated Megafunction                           ; /home/gabriel/Documents/Projects/Compiler/Processador-QAR/OldQuartus/db/lpm_divide_jkm.tdf                                            ;         ;
; db/sign_div_unsign_bnh.tdf                                       ; yes             ; Auto-Generated Megafunction                           ; /home/gabriel/Documents/Projects/Compiler/Processador-QAR/OldQuartus/db/sign_div_unsign_bnh.tdf                                       ;         ;
; db/alt_u_div_7af.tdf                                             ; yes             ; Auto-Generated Megafunction                           ; /home/gabriel/Documents/Projects/Compiler/Processador-QAR/OldQuartus/db/alt_u_div_7af.tdf                                             ;         ;
; lpm_mult.tdf                                                     ; yes             ; Megafunction                                          ; /home/gabriel/intelFPGA_lite/20.1/quartus/libraries/megafunctions/lpm_mult.tdf                                                        ;         ;
; lpm_add_sub.inc                                                  ; yes             ; Megafunction                                          ; /home/gabriel/intelFPGA_lite/20.1/quartus/libraries/megafunctions/lpm_add_sub.inc                                                     ;         ;
; multcore.inc                                                     ; yes             ; Megafunction                                          ; /home/gabriel/intelFPGA_lite/20.1/quartus/libraries/megafunctions/multcore.inc                                                        ;         ;
; bypassff.inc                                                     ; yes             ; Megafunction                                          ; /home/gabriel/intelFPGA_lite/20.1/quartus/libraries/megafunctions/bypassff.inc                                                        ;         ;
; altshift.inc                                                     ; yes             ; Megafunction                                          ; /home/gabriel/intelFPGA_lite/20.1/quartus/libraries/megafunctions/altshift.inc                                                        ;         ;
; db/mult_7dt.tdf                                                  ; yes             ; Auto-Generated Megafunction                           ; /home/gabriel/Documents/Projects/Compiler/Processador-QAR/OldQuartus/db/mult_7dt.tdf                                                  ;         ;
+------------------------------------------------------------------+-----------------+-------------------------------------------------------+---------------------------------------------------------------------------------------------------------------------------------------+---------+


+-----------------------------------------------------------+
; Analysis & Synthesis Resource Usage Summary               ;
+---------------------------------------------+-------------+
; Resource                                    ; Usage       ;
+---------------------------------------------+-------------+
; Estimated Total logic elements              ; 9,823       ;
;                                             ;             ;
; Total combinational functions               ; 9374        ;
; Logic element usage by number of LUT inputs ;             ;
;     -- 4 input functions                    ; 3326        ;
;     -- 3 input functions                    ; 2729        ;
;     -- <=2 input functions                  ; 3319        ;
;                                             ;             ;
; Logic elements by mode                      ;             ;
;     -- normal mode                          ; 6848        ;
;     -- arithmetic mode                      ; 2526        ;
;                                             ;             ;
; Total registers                             ; 583         ;
;     -- Dedicated logic registers            ; 583         ;
;     -- I/O registers                        ; 0           ;
;                                             ;             ;
; I/O pins                                    ; 507         ;
; Total memory bits                           ; 14964       ;
;                                             ;             ;
; Embedded Multiplier 9-bit elements          ; 6           ;
;                                             ;             ;
; Maximum fan-out node                        ; clock~input ;
; Maximum fan-out                             ; 641         ;
; Total fan-out                               ; 30867       ;
; Average fan-out                             ; 2.80        ;
+---------------------------------------------+-------------+


+------------------------------------------------------------------------------------------------------------------------------------------------------------------------------------------------------------------------------------------------------------------------------------------------------------------------------------------------------------------------+
; Analysis & Synthesis Resource Utilization by Entity                                                                                                                                                                                                                                                                                                                    ;
+-------------------------------------------+---------------------+---------------------------+-------------+--------------+---------+-----------+------+--------------+---------------------------------------------------------------------------------------------------------------------------------------------------------+------------------------+--------------+
; Compilation Hierarchy Node                ; Combinational ALUTs ; Dedicated Logic Registers ; Memory Bits ; DSP Elements ; DSP 9x9 ; DSP 18x18 ; Pins ; Virtual Pins ; Full Hierarchy Name                                                                                                                                     ; Entity Name            ; Library Name ;
+-------------------------------------------+---------------------+---------------------------+-------------+--------------+---------+-----------+------+--------------+---------------------------------------------------------------------------------------------------------------------------------------------------------+------------------------+--------------+
; |Processador_Completo                     ; 9374 (0)            ; 583 (0)                   ; 14964       ; 6            ; 0       ; 3         ; 507  ; 0            ; |Processador_Completo                                                                                                                                   ; Processador_Completo   ; work         ;
;    |Add1:comb_7|                          ; 10 (10)             ; 0 (0)                     ; 0           ; 0            ; 0       ; 0         ; 0    ; 0            ; |Processador_Completo|Add1:comb_7                                                                                                                       ; Add1                   ; work         ;
;    |Adder:comb_8|                         ; 27 (27)             ; 0 (0)                     ; 0           ; 0            ; 0       ; 0         ; 0    ; 0            ; |Processador_Completo|Adder:comb_8                                                                                                                      ; Adder                  ; work         ;
;    |Banco_de_Registradores:comb_10|       ; 734 (734)           ; 512 (512)                 ; 0           ; 0            ; 0       ; 0         ; 0    ; 0            ; |Processador_Completo|Banco_de_Registradores:comb_10                                                                                                    ; Banco_de_Registradores ; work         ;
;    |Gerenciador_de_Entrada:comb_6|        ; 73 (73)             ; 0 (0)                     ; 0           ; 0            ; 0       ; 0         ; 0    ; 0            ; |Processador_Completo|Gerenciador_de_Entrada:comb_6                                                                                                     ; Gerenciador_de_Entrada ; work         ;
;    |Memoria_Instrucoes:comb_5|            ; 31 (31)             ; 6 (6)                     ; 6708        ; 0            ; 0       ; 0         ; 0    ; 0            ; |Processador_Completo|Memoria_Instrucoes:comb_5                                                                                                         ; Memoria_Instrucoes     ; work         ;
;       |altsyncram:rom_rtl_0|              ; 0 (0)               ; 0 (0)                     ; 6708        ; 0            ; 0       ; 0         ; 0    ; 0            ; |Processador_Completo|Memoria_Instrucoes:comb_5|altsyncram:rom_rtl_0                                                                                    ; altsyncram             ; work         ;
;          |altsyncram_lf91:auto_generated| ; 0 (0)               ; 0 (0)                     ; 6708        ; 0            ; 0       ; 0         ; 0    ; 0            ; |Processador_Completo|Memoria_Instrucoes:comb_5|altsyncram:rom_rtl_0|altsyncram_lf91:auto_generated                                                     ; altsyncram_lf91        ; work         ;
;    |Memoria_Principal:comb_47|            ; 0 (0)               ; 0 (0)                     ; 8256        ; 0            ; 0       ; 0         ; 0    ; 0            ; |Processador_Completo|Memoria_Principal:comb_47                                                                                                         ; Memoria_Principal      ; work         ;
;       |altsyncram:ram_rtl_0|              ; 0 (0)               ; 0 (0)                     ; 8256        ; 0            ; 0       ; 0         ; 0    ; 0            ; |Processador_Completo|Memoria_Principal:comb_47|altsyncram:ram_rtl_0                                                                                    ; altsyncram             ; work         ;
;          |altsyncram_ud81:auto_generated| ; 0 (0)               ; 0 (0)                     ; 8256        ; 0            ; 0       ; 0         ; 0    ; 0            ; |Processador_Completo|Memoria_Principal:comb_47|altsyncram:ram_rtl_0|altsyncram_ud81:auto_generated                                                     ; altsyncram_ud81        ; work         ;
;    |Modulo_Entrada_E_Saida:comb_49|       ; 6403 (35)           ; 55 (55)                   ; 0           ; 0            ; 0       ; 0         ; 0    ; 0            ; |Processador_Completo|Modulo_Entrada_E_Saida:comb_49                                                                                                    ; Modulo_Entrada_E_Saida ; work         ;
;       |Decodificador_BCD:comb_354|        ; 7 (7)               ; 0 (0)                     ; 0           ; 0            ; 0       ; 0         ; 0    ; 0            ; |Processador_Completo|Modulo_Entrada_E_Saida:comb_49|Decodificador_BCD:comb_354                                                                         ; Decodificador_BCD      ; work         ;
;       |Decodificador_BCD:comb_355|        ; 7 (7)               ; 0 (0)                     ; 0           ; 0            ; 0       ; 0         ; 0    ; 0            ; |Processador_Completo|Modulo_Entrada_E_Saida:comb_49|Decodificador_BCD:comb_355                                                                         ; Decodificador_BCD      ; work         ;
;       |Decodificador_BCD:comb_356|        ; 7 (7)               ; 0 (0)                     ; 0           ; 0            ; 0       ; 0         ; 0    ; 0            ; |Processador_Completo|Modulo_Entrada_E_Saida:comb_49|Decodificador_BCD:comb_356                                                                         ; Decodificador_BCD      ; work         ;
;       |Decodificador_BCD:comb_357|        ; 7 (7)               ; 0 (0)                     ; 0           ; 0            ; 0       ; 0         ; 0    ; 0            ; |Processador_Completo|Modulo_Entrada_E_Saida:comb_49|Decodificador_BCD:comb_357                                                                         ; Decodificador_BCD      ; work         ;
;       |Decodificador_BCD:comb_358|        ; 7 (7)               ; 0 (0)                     ; 0           ; 0            ; 0       ; 0         ; 0    ; 0            ; |Processador_Completo|Modulo_Entrada_E_Saida:comb_49|Decodificador_BCD:comb_358                                                                         ; Decodificador_BCD      ; work         ;
;       |Decodificador_BCD:comb_359|        ; 7 (7)               ; 0 (0)                     ; 0           ; 0            ; 0       ; 0         ; 0    ; 0            ; |Processador_Completo|Modulo_Entrada_E_Saida:comb_49|Decodificador_BCD:comb_359                                                                         ; Decodificador_BCD      ; work         ;
;       |Decodificador_BCD:comb_360|        ; 7 (7)               ; 0 (0)                     ; 0           ; 0            ; 0       ; 0         ; 0    ; 0            ; |Processador_Completo|Modulo_Entrada_E_Saida:comb_49|Decodificador_BCD:comb_360                                                                         ; Decodificador_BCD      ; work         ;
;       |Decodificador_BCD:comb_361|        ; 7 (7)               ; 0 (0)                     ; 0           ; 0            ; 0       ; 0         ; 0    ; 0            ; |Processador_Completo|Modulo_Entrada_E_Saida:comb_49|Decodificador_BCD:comb_361                                                                         ; Decodificador_BCD      ; work         ;
;       |lpm_divide:Div0|                   ; 368 (0)             ; 0 (0)                     ; 0           ; 0            ; 0       ; 0         ; 0    ; 0            ; |Processador_Completo|Modulo_Entrada_E_Saida:comb_49|lpm_divide:Div0                                                                                    ; lpm_divide             ; work         ;
;          |lpm_divide_0jm:auto_generated|  ; 368 (0)             ; 0 (0)                     ; 0           ; 0            ; 0       ; 0         ; 0    ; 0            ; |Processador_Completo|Modulo_Entrada_E_Saida:comb_49|lpm_divide:Div0|lpm_divide_0jm:auto_generated                                                      ; lpm_divide_0jm         ; work         ;
;             |sign_div_unsign_olh:divider| ; 368 (0)             ; 0 (0)                     ; 0           ; 0            ; 0       ; 0         ; 0    ; 0            ; |Processador_Completo|Modulo_Entrada_E_Saida:comb_49|lpm_divide:Div0|lpm_divide_0jm:auto_generated|sign_div_unsign_olh:divider                          ; sign_div_unsign_olh    ; work         ;
;                |alt_u_div_47f:divider|    ; 368 (368)           ; 0 (0)                     ; 0           ; 0            ; 0       ; 0         ; 0    ; 0            ; |Processador_Completo|Modulo_Entrada_E_Saida:comb_49|lpm_divide:Div0|lpm_divide_0jm:auto_generated|sign_div_unsign_olh:divider|alt_u_div_47f:divider    ; alt_u_div_47f          ; work         ;
;       |lpm_divide:Div1|                   ; 553 (0)             ; 0 (0)                     ; 0           ; 0            ; 0       ; 0         ; 0    ; 0            ; |Processador_Completo|Modulo_Entrada_E_Saida:comb_49|lpm_divide:Div1                                                                                    ; lpm_divide             ; work         ;
;          |lpm_divide_3jm:auto_generated|  ; 553 (0)             ; 0 (0)                     ; 0           ; 0            ; 0       ; 0         ; 0    ; 0            ; |Processador_Completo|Modulo_Entrada_E_Saida:comb_49|lpm_divide:Div1|lpm_divide_3jm:auto_generated                                                      ; lpm_divide_3jm         ; work         ;
;             |sign_div_unsign_rlh:divider| ; 553 (0)             ; 0 (0)                     ; 0           ; 0            ; 0       ; 0         ; 0    ; 0            ; |Processador_Completo|Modulo_Entrada_E_Saida:comb_49|lpm_divide:Div1|lpm_divide_3jm:auto_generated|sign_div_unsign_rlh:divider                          ; sign_div_unsign_rlh    ; work         ;
;                |alt_u_div_a7f:divider|    ; 553 (553)           ; 0 (0)                     ; 0           ; 0            ; 0       ; 0         ; 0    ; 0            ; |Processador_Completo|Modulo_Entrada_E_Saida:comb_49|lpm_divide:Div1|lpm_divide_3jm:auto_generated|sign_div_unsign_rlh:divider|alt_u_div_a7f:divider    ; alt_u_div_a7f          ; work         ;
;       |lpm_divide:Div2|                   ; 681 (0)             ; 0 (0)                     ; 0           ; 0            ; 0       ; 0         ; 0    ; 0            ; |Processador_Completo|Modulo_Entrada_E_Saida:comb_49|lpm_divide:Div2                                                                                    ; lpm_divide             ; work         ;
;          |lpm_divide_dkm:auto_generated|  ; 681 (0)             ; 0 (0)                     ; 0           ; 0            ; 0       ; 0         ; 0    ; 0            ; |Processador_Completo|Modulo_Entrada_E_Saida:comb_49|lpm_divide:Div2|lpm_divide_dkm:auto_generated                                                      ; lpm_divide_dkm         ; work         ;
;             |sign_div_unsign_5nh:divider| ; 681 (0)             ; 0 (0)                     ; 0           ; 0            ; 0       ; 0         ; 0    ; 0            ; |Processador_Completo|Modulo_Entrada_E_Saida:comb_49|lpm_divide:Div2|lpm_divide_dkm:auto_generated|sign_div_unsign_5nh:divider                          ; sign_div_unsign_5nh    ; work         ;
;                |alt_u_div_u9f:divider|    ; 681 (681)           ; 0 (0)                     ; 0           ; 0            ; 0       ; 0         ; 0    ; 0            ; |Processador_Completo|Modulo_Entrada_E_Saida:comb_49|lpm_divide:Div2|lpm_divide_dkm:auto_generated|sign_div_unsign_5nh:divider|alt_u_div_u9f:divider    ; alt_u_div_u9f          ; work         ;
;       |lpm_divide:Div3|                   ; 767 (0)             ; 0 (0)                     ; 0           ; 0            ; 0       ; 0         ; 0    ; 0            ; |Processador_Completo|Modulo_Entrada_E_Saida:comb_49|lpm_divide:Div3                                                                                    ; lpm_divide             ; work         ;
;          |lpm_divide_hkm:auto_generated|  ; 767 (0)             ; 0 (0)                     ; 0           ; 0            ; 0       ; 0         ; 0    ; 0            ; |Processador_Completo|Modulo_Entrada_E_Saida:comb_49|lpm_divide:Div3|lpm_divide_hkm:auto_generated                                                      ; lpm_divide_hkm         ; work         ;
;             |sign_div_unsign_9nh:divider| ; 767 (0)             ; 0 (0)                     ; 0           ; 0            ; 0       ; 0         ; 0    ; 0            ; |Processador_Completo|Modulo_Entrada_E_Saida:comb_49|lpm_divide:Div3|lpm_divide_hkm:auto_generated|sign_div_unsign_9nh:divider                          ; sign_div_unsign_9nh    ; work         ;
;                |alt_u_div_6af:divider|    ; 767 (767)           ; 0 (0)                     ; 0           ; 0            ; 0       ; 0         ; 0    ; 0            ; |Processador_Completo|Modulo_Entrada_E_Saida:comb_49|lpm_divide:Div3|lpm_divide_hkm:auto_generated|sign_div_unsign_9nh:divider|alt_u_div_6af:divider    ; alt_u_div_6af          ; work         ;
;       |lpm_divide:Div4|                   ; 763 (0)             ; 0 (0)                     ; 0           ; 0            ; 0       ; 0         ; 0    ; 0            ; |Processador_Completo|Modulo_Entrada_E_Saida:comb_49|lpm_divide:Div4                                                                                    ; lpm_divide             ; work         ;
;          |lpm_divide_kkm:auto_generated|  ; 763 (0)             ; 0 (0)                     ; 0           ; 0            ; 0       ; 0         ; 0    ; 0            ; |Processador_Completo|Modulo_Entrada_E_Saida:comb_49|lpm_divide:Div4|lpm_divide_kkm:auto_generated                                                      ; lpm_divide_kkm         ; work         ;
;             |sign_div_unsign_cnh:divider| ; 763 (0)             ; 0 (0)                     ; 0           ; 0            ; 0       ; 0         ; 0    ; 0            ; |Processador_Completo|Modulo_Entrada_E_Saida:comb_49|lpm_divide:Div4|lpm_divide_kkm:auto_generated|sign_div_unsign_cnh:divider                          ; sign_div_unsign_cnh    ; work         ;
;                |alt_u_div_caf:divider|    ; 763 (763)           ; 0 (0)                     ; 0           ; 0            ; 0       ; 0         ; 0    ; 0            ; |Processador_Completo|Modulo_Entrada_E_Saida:comb_49|lpm_divide:Div4|lpm_divide_kkm:auto_generated|sign_div_unsign_cnh:divider|alt_u_div_caf:divider    ; alt_u_div_caf          ; work         ;
;       |lpm_divide:Div5|                   ; 702 (0)             ; 0 (0)                     ; 0           ; 0            ; 0       ; 0         ; 0    ; 0            ; |Processador_Completo|Modulo_Entrada_E_Saida:comb_49|lpm_divide:Div5                                                                                    ; lpm_divide             ; work         ;
;          |lpm_divide_ekm:auto_generated|  ; 702 (0)             ; 0 (0)                     ; 0           ; 0            ; 0       ; 0         ; 0    ; 0            ; |Processador_Completo|Modulo_Entrada_E_Saida:comb_49|lpm_divide:Div5|lpm_divide_ekm:auto_generated                                                      ; lpm_divide_ekm         ; work         ;
;             |sign_div_unsign_6nh:divider| ; 702 (0)             ; 0 (0)                     ; 0           ; 0            ; 0       ; 0         ; 0    ; 0            ; |Processador_Completo|Modulo_Entrada_E_Saida:comb_49|lpm_divide:Div5|lpm_divide_ekm:auto_generated|sign_div_unsign_6nh:divider                          ; sign_div_unsign_6nh    ; work         ;
;                |alt_u_div_0af:divider|    ; 702 (702)           ; 0 (0)                     ; 0           ; 0            ; 0       ; 0         ; 0    ; 0            ; |Processador_Completo|Modulo_Entrada_E_Saida:comb_49|lpm_divide:Div5|lpm_divide_ekm:auto_generated|sign_div_unsign_6nh:divider|alt_u_div_0af:divider    ; alt_u_div_0af          ; work         ;
;       |lpm_divide:Div6|                   ; 539 (0)             ; 0 (0)                     ; 0           ; 0            ; 0       ; 0         ; 0    ; 0            ; |Processador_Completo|Modulo_Entrada_E_Saida:comb_49|lpm_divide:Div6                                                                                    ; lpm_divide             ; work         ;
;          |lpm_divide_ikm:auto_generated|  ; 539 (0)             ; 0 (0)                     ; 0           ; 0            ; 0       ; 0         ; 0    ; 0            ; |Processador_Completo|Modulo_Entrada_E_Saida:comb_49|lpm_divide:Div6|lpm_divide_ikm:auto_generated                                                      ; lpm_divide_ikm         ; work         ;
;             |sign_div_unsign_anh:divider| ; 539 (0)             ; 0 (0)                     ; 0           ; 0            ; 0       ; 0         ; 0    ; 0            ; |Processador_Completo|Modulo_Entrada_E_Saida:comb_49|lpm_divide:Div6|lpm_divide_ikm:auto_generated|sign_div_unsign_anh:divider                          ; sign_div_unsign_anh    ; work         ;
;                |alt_u_div_8af:divider|    ; 539 (539)           ; 0 (0)                     ; 0           ; 0            ; 0       ; 0         ; 0    ; 0            ; |Processador_Completo|Modulo_Entrada_E_Saida:comb_49|lpm_divide:Div6|lpm_divide_ikm:auto_generated|sign_div_unsign_anh:divider|alt_u_div_8af:divider    ; alt_u_div_8af          ; work         ;
;       |lpm_divide:Mod0|                   ; 371 (0)             ; 0 (0)                     ; 0           ; 0            ; 0       ; 0         ; 0    ; 0            ; |Processador_Completo|Modulo_Entrada_E_Saida:comb_49|lpm_divide:Mod0                                                                                    ; lpm_divide             ; work         ;
;          |lpm_divide_3bm:auto_generated|  ; 371 (0)             ; 0 (0)                     ; 0           ; 0            ; 0       ; 0         ; 0    ; 0            ; |Processador_Completo|Modulo_Entrada_E_Saida:comb_49|lpm_divide:Mod0|lpm_divide_3bm:auto_generated                                                      ; lpm_divide_3bm         ; work         ;
;             |sign_div_unsign_olh:divider| ; 371 (0)             ; 0 (0)                     ; 0           ; 0            ; 0       ; 0         ; 0    ; 0            ; |Processador_Completo|Modulo_Entrada_E_Saida:comb_49|lpm_divide:Mod0|lpm_divide_3bm:auto_generated|sign_div_unsign_olh:divider                          ; sign_div_unsign_olh    ; work         ;
;                |alt_u_div_47f:divider|    ; 371 (371)           ; 0 (0)                     ; 0           ; 0            ; 0       ; 0         ; 0    ; 0            ; |Processador_Completo|Modulo_Entrada_E_Saida:comb_49|lpm_divide:Mod0|lpm_divide_3bm:auto_generated|sign_div_unsign_olh:divider|alt_u_div_47f:divider    ; alt_u_div_47f          ; work         ;
;       |lpm_divide:Mod1|                   ; 360 (0)             ; 0 (0)                     ; 0           ; 0            ; 0       ; 0         ; 0    ; 0            ; |Processador_Completo|Modulo_Entrada_E_Saida:comb_49|lpm_divide:Mod1                                                                                    ; lpm_divide             ; work         ;
;          |lpm_divide_3bm:auto_generated|  ; 360 (0)             ; 0 (0)                     ; 0           ; 0            ; 0       ; 0         ; 0    ; 0            ; |Processador_Completo|Modulo_Entrada_E_Saida:comb_49|lpm_divide:Mod1|lpm_divide_3bm:auto_generated                                                      ; lpm_divide_3bm         ; work         ;
;             |sign_div_unsign_olh:divider| ; 360 (0)             ; 0 (0)                     ; 0           ; 0            ; 0       ; 0         ; 0    ; 0            ; |Processador_Completo|Modulo_Entrada_E_Saida:comb_49|lpm_divide:Mod1|lpm_divide_3bm:auto_generated|sign_div_unsign_olh:divider                          ; sign_div_unsign_olh    ; work         ;
;                |alt_u_div_47f:divider|    ; 360 (360)           ; 0 (0)                     ; 0           ; 0            ; 0       ; 0         ; 0    ; 0            ; |Processador_Completo|Modulo_Entrada_E_Saida:comb_49|lpm_divide:Mod1|lpm_divide_3bm:auto_generated|sign_div_unsign_olh:divider|alt_u_div_47f:divider    ; alt_u_div_47f          ; work         ;
;       |lpm_divide:Mod2|                   ; 318 (0)             ; 0 (0)                     ; 0           ; 0            ; 0       ; 0         ; 0    ; 0            ; |Processador_Completo|Modulo_Entrada_E_Saida:comb_49|lpm_divide:Mod2                                                                                    ; lpm_divide             ; work         ;
;          |lpm_divide_3bm:auto_generated|  ; 318 (0)             ; 0 (0)                     ; 0           ; 0            ; 0       ; 0         ; 0    ; 0            ; |Processador_Completo|Modulo_Entrada_E_Saida:comb_49|lpm_divide:Mod2|lpm_divide_3bm:auto_generated                                                      ; lpm_divide_3bm         ; work         ;
;             |sign_div_unsign_olh:divider| ; 318 (0)             ; 0 (0)                     ; 0           ; 0            ; 0       ; 0         ; 0    ; 0            ; |Processador_Completo|Modulo_Entrada_E_Saida:comb_49|lpm_divide:Mod2|lpm_divide_3bm:auto_generated|sign_div_unsign_olh:divider                          ; sign_div_unsign_olh    ; work         ;
;                |alt_u_div_47f:divider|    ; 318 (318)           ; 0 (0)                     ; 0           ; 0            ; 0       ; 0         ; 0    ; 0            ; |Processador_Completo|Modulo_Entrada_E_Saida:comb_49|lpm_divide:Mod2|lpm_divide_3bm:auto_generated|sign_div_unsign_olh:divider|alt_u_div_47f:divider    ; alt_u_div_47f          ; work         ;
;       |lpm_divide:Mod3|                   ; 276 (0)             ; 0 (0)                     ; 0           ; 0            ; 0       ; 0         ; 0    ; 0            ; |Processador_Completo|Modulo_Entrada_E_Saida:comb_49|lpm_divide:Mod3                                                                                    ; lpm_divide             ; work         ;
;          |lpm_divide_3bm:auto_generated|  ; 276 (0)             ; 0 (0)                     ; 0           ; 0            ; 0       ; 0         ; 0    ; 0            ; |Processador_Completo|Modulo_Entrada_E_Saida:comb_49|lpm_divide:Mod3|lpm_divide_3bm:auto_generated                                                      ; lpm_divide_3bm         ; work         ;
;             |sign_div_unsign_olh:divider| ; 276 (0)             ; 0 (0)                     ; 0           ; 0            ; 0       ; 0         ; 0    ; 0            ; |Processador_Completo|Modulo_Entrada_E_Saida:comb_49|lpm_divide:Mod3|lpm_divide_3bm:auto_generated|sign_div_unsign_olh:divider                          ; sign_div_unsign_olh    ; work         ;
;                |alt_u_div_47f:divider|    ; 276 (276)           ; 0 (0)                     ; 0           ; 0            ; 0       ; 0         ; 0    ; 0            ; |Processador_Completo|Modulo_Entrada_E_Saida:comb_49|lpm_divide:Mod3|lpm_divide_3bm:auto_generated|sign_div_unsign_olh:divider|alt_u_div_47f:divider    ; alt_u_div_47f          ; work         ;
;       |lpm_divide:Mod4|                   ; 220 (0)             ; 0 (0)                     ; 0           ; 0            ; 0       ; 0         ; 0    ; 0            ; |Processador_Completo|Modulo_Entrada_E_Saida:comb_49|lpm_divide:Mod4                                                                                    ; lpm_divide             ; work         ;
;          |lpm_divide_3bm:auto_generated|  ; 220 (0)             ; 0 (0)                     ; 0           ; 0            ; 0       ; 0         ; 0    ; 0            ; |Processador_Completo|Modulo_Entrada_E_Saida:comb_49|lpm_divide:Mod4|lpm_divide_3bm:auto_generated                                                      ; lpm_divide_3bm         ; work         ;
;             |sign_div_unsign_olh:divider| ; 220 (0)             ; 0 (0)                     ; 0           ; 0            ; 0       ; 0         ; 0    ; 0            ; |Processador_Completo|Modulo_Entrada_E_Saida:comb_49|lpm_divide:Mod4|lpm_divide_3bm:auto_generated|sign_div_unsign_olh:divider                          ; sign_div_unsign_olh    ; work         ;
;                |alt_u_div_47f:divider|    ; 220 (220)           ; 0 (0)                     ; 0           ; 0            ; 0       ; 0         ; 0    ; 0            ; |Processador_Completo|Modulo_Entrada_E_Saida:comb_49|lpm_divide:Mod4|lpm_divide_3bm:auto_generated|sign_div_unsign_olh:divider|alt_u_div_47f:divider    ; alt_u_div_47f          ; work         ;
;       |lpm_divide:Mod5|                   ; 178 (0)             ; 0 (0)                     ; 0           ; 0            ; 0       ; 0         ; 0    ; 0            ; |Processador_Completo|Modulo_Entrada_E_Saida:comb_49|lpm_divide:Mod5                                                                                    ; lpm_divide             ; work         ;
;          |lpm_divide_3bm:auto_generated|  ; 178 (0)             ; 0 (0)                     ; 0           ; 0            ; 0       ; 0         ; 0    ; 0            ; |Processador_Completo|Modulo_Entrada_E_Saida:comb_49|lpm_divide:Mod5|lpm_divide_3bm:auto_generated                                                      ; lpm_divide_3bm         ; work         ;
;             |sign_div_unsign_olh:divider| ; 178 (0)             ; 0 (0)                     ; 0           ; 0            ; 0       ; 0         ; 0    ; 0            ; |Processador_Completo|Modulo_Entrada_E_Saida:comb_49|lpm_divide:Mod5|lpm_divide_3bm:auto_generated|sign_div_unsign_olh:divider                          ; sign_div_unsign_olh    ; work         ;
;                |alt_u_div_47f:divider|    ; 178 (178)           ; 0 (0)                     ; 0           ; 0            ; 0       ; 0         ; 0    ; 0            ; |Processador_Completo|Modulo_Entrada_E_Saida:comb_49|lpm_divide:Mod5|lpm_divide_3bm:auto_generated|sign_div_unsign_olh:divider|alt_u_div_47f:divider    ; alt_u_div_47f          ; work         ;
;       |lpm_divide:Mod6|                   ; 136 (0)             ; 0 (0)                     ; 0           ; 0            ; 0       ; 0         ; 0    ; 0            ; |Processador_Completo|Modulo_Entrada_E_Saida:comb_49|lpm_divide:Mod6                                                                                    ; lpm_divide             ; work         ;
;          |lpm_divide_3bm:auto_generated|  ; 136 (0)             ; 0 (0)                     ; 0           ; 0            ; 0       ; 0         ; 0    ; 0            ; |Processador_Completo|Modulo_Entrada_E_Saida:comb_49|lpm_divide:Mod6|lpm_divide_3bm:auto_generated                                                      ; lpm_divide_3bm         ; work         ;
;             |sign_div_unsign_olh:divider| ; 136 (0)             ; 0 (0)                     ; 0           ; 0            ; 0       ; 0         ; 0    ; 0            ; |Processador_Completo|Modulo_Entrada_E_Saida:comb_49|lpm_divide:Mod6|lpm_divide_3bm:auto_generated|sign_div_unsign_olh:divider                          ; sign_div_unsign_olh    ; work         ;
;                |alt_u_div_47f:divider|    ; 136 (136)           ; 0 (0)                     ; 0           ; 0            ; 0       ; 0         ; 0    ; 0            ; |Processador_Completo|Modulo_Entrada_E_Saida:comb_49|lpm_divide:Mod6|lpm_divide_3bm:auto_generated|sign_div_unsign_olh:divider|alt_u_div_47f:divider    ; alt_u_div_47f          ; work         ;
;       |lpm_divide:Mod7|                   ; 80 (0)              ; 0 (0)                     ; 0           ; 0            ; 0       ; 0         ; 0    ; 0            ; |Processador_Completo|Modulo_Entrada_E_Saida:comb_49|lpm_divide:Mod7                                                                                    ; lpm_divide             ; work         ;
;          |lpm_divide_3bm:auto_generated|  ; 80 (0)              ; 0 (0)                     ; 0           ; 0            ; 0       ; 0         ; 0    ; 0            ; |Processador_Completo|Modulo_Entrada_E_Saida:comb_49|lpm_divide:Mod7|lpm_divide_3bm:auto_generated                                                      ; lpm_divide_3bm         ; work         ;
;             |sign_div_unsign_olh:divider| ; 80 (0)              ; 0 (0)                     ; 0           ; 0            ; 0       ; 0         ; 0    ; 0            ; |Processador_Completo|Modulo_Entrada_E_Saida:comb_49|lpm_divide:Mod7|lpm_divide_3bm:auto_generated|sign_div_unsign_olh:divider                          ; sign_div_unsign_olh    ; work         ;
;                |alt_u_div_47f:divider|    ; 80 (80)             ; 0 (0)                     ; 0           ; 0            ; 0       ; 0         ; 0    ; 0            ; |Processador_Completo|Modulo_Entrada_E_Saida:comb_49|lpm_divide:Mod7|lpm_divide_3bm:auto_generated|sign_div_unsign_olh:divider|alt_u_div_47f:divider    ; alt_u_div_47f          ; work         ;
;    |Mux2:comb_43|                         ; 32 (32)             ; 0 (0)                     ; 0           ; 0            ; 0       ; 0         ; 0    ; 0            ; |Processador_Completo|Mux2:comb_43                                                                                                                      ; Mux2                   ; work         ;
;    |Mux_Escrita:comb_48|                  ; 64 (64)             ; 0 (0)                     ; 0           ; 0            ; 0       ; 0         ; 0    ; 0            ; |Processador_Completo|Mux_Escrita:comb_48                                                                                                               ; Mux_Escrita            ; work         ;
;    |Mux_PC:comb_9|                        ; 67 (67)             ; 0 (0)                     ; 0           ; 0            ; 0       ; 0         ; 0    ; 0            ; |Processador_Completo|Mux_PC:comb_9                                                                                                                     ; Mux_PC                 ; work         ;
;    |PC:comb_4|                            ; 10 (10)             ; 10 (10)                   ; 0           ; 0            ; 0       ; 0         ; 0    ; 0            ; |Processador_Completo|PC:comb_4                                                                                                                         ; PC                     ; work         ;
;    |Sub1:comb_45|                         ; 32 (32)             ; 0 (0)                     ; 0           ; 0            ; 0       ; 0         ; 0    ; 0            ; |Processador_Completo|Sub1:comb_45                                                                                                                      ; Sub1                   ; work         ;
;    |ULA:comb_44|                          ; 1828 (685)          ; 0 (0)                     ; 0           ; 6            ; 0       ; 3         ; 0    ; 0            ; |Processador_Completo|ULA:comb_44                                                                                                                       ; ULA                    ; work         ;
;       |lpm_divide:Div0|                   ; 1115 (0)            ; 0 (0)                     ; 0           ; 0            ; 0       ; 0         ; 0    ; 0            ; |Processador_Completo|ULA:comb_44|lpm_divide:Div0                                                                                                       ; lpm_divide             ; work         ;
;          |lpm_divide_jkm:auto_generated|  ; 1115 (0)            ; 0 (0)                     ; 0           ; 0            ; 0       ; 0         ; 0    ; 0            ; |Processador_Completo|ULA:comb_44|lpm_divide:Div0|lpm_divide_jkm:auto_generated                                                                         ; lpm_divide_jkm         ; work         ;
;             |sign_div_unsign_bnh:divider| ; 1115 (0)            ; 0 (0)                     ; 0           ; 0            ; 0       ; 0         ; 0    ; 0            ; |Processador_Completo|ULA:comb_44|lpm_divide:Div0|lpm_divide_jkm:auto_generated|sign_div_unsign_bnh:divider                                             ; sign_div_unsign_bnh    ; work         ;
;                |alt_u_div_7af:divider|    ; 1115 (1114)         ; 0 (0)                     ; 0           ; 0            ; 0       ; 0         ; 0    ; 0            ; |Processador_Completo|ULA:comb_44|lpm_divide:Div0|lpm_divide_jkm:auto_generated|sign_div_unsign_bnh:divider|alt_u_div_7af:divider                       ; alt_u_div_7af          ; work         ;
;                   |add_sub_8pc:add_sub_1| ; 1 (1)               ; 0 (0)                     ; 0           ; 0            ; 0       ; 0         ; 0    ; 0            ; |Processador_Completo|ULA:comb_44|lpm_divide:Div0|lpm_divide_jkm:auto_generated|sign_div_unsign_bnh:divider|alt_u_div_7af:divider|add_sub_8pc:add_sub_1 ; add_sub_8pc            ; work         ;
;       |lpm_mult:Mult0|                    ; 28 (0)              ; 0 (0)                     ; 0           ; 6            ; 0       ; 3         ; 0    ; 0            ; |Processador_Completo|ULA:comb_44|lpm_mult:Mult0                                                                                                        ; lpm_mult               ; work         ;
;          |mult_7dt:auto_generated|        ; 28 (28)             ; 0 (0)                     ; 0           ; 6            ; 0       ; 3         ; 0    ; 0            ; |Processador_Completo|ULA:comb_44|lpm_mult:Mult0|mult_7dt:auto_generated                                                                                ; mult_7dt               ; work         ;
;    |Unidade_de_Controle:comb_3|           ; 63 (63)             ; 0 (0)                     ; 0           ; 0            ; 0       ; 0         ; 0    ; 0            ; |Processador_Completo|Unidade_de_Controle:comb_3                                                                                                        ; Unidade_de_Controle    ; work         ;
+-------------------------------------------+---------------------+---------------------------+-------------+--------------+---------+-----------+------+--------------+---------------------------------------------------------------------------------------------------------------------------------------------------------+------------------------+--------------+
Note: For table entries with two numbers listed, the numbers in parentheses indicate the number of resources of the given type used by the specific entity alone. The numbers listed outside of parentheses indicate the total resources of the given type used by the specific entity and all of its sub-entities in the hierarchy.


+-----------------------------------------------------------------------------------------------------------------------------------------------------------------------------------------------------------------------------------------------------+
; Analysis & Synthesis RAM Summary                                                                                                                                                                                                                    ;
+------------------------------------------------------------------------------------------+------+-------------+--------------+--------------+--------------+--------------+------+------------------------------------------------------------------+
; Name                                                                                     ; Type ; Mode        ; Port A Depth ; Port A Width ; Port B Depth ; Port B Width ; Size ; MIF                                                              ;
+------------------------------------------------------------------------------------------+------+-------------+--------------+--------------+--------------+--------------+------+------------------------------------------------------------------+
; Memoria_Instrucoes:comb_5|altsyncram:rom_rtl_0|altsyncram_lf91:auto_generated|ALTSYNCRAM ; AUTO ; ROM         ; 258          ; 32           ; --           ; --           ; 8256 ; db/Processador_Completo.ram0_Memoria_Instrucoes_9b3481b3.hdl.mif ;
; Memoria_Principal:comb_47|altsyncram:ram_rtl_0|altsyncram_ud81:auto_generated|ALTSYNCRAM ; AUTO ; Single Port ; 258          ; 32           ; --           ; --           ; 8256 ; None                                                             ;
+------------------------------------------------------------------------------------------+------+-------------+--------------+--------------+--------------+--------------+------+------------------------------------------------------------------+


+-----------------------------------------------------+
; Analysis & Synthesis DSP Block Usage Summary        ;
+---------------------------------------+-------------+
; Statistic                             ; Number Used ;
+---------------------------------------+-------------+
; Simple Multipliers (9-bit)            ; 0           ;
; Simple Multipliers (18-bit)           ; 3           ;
; Embedded Multiplier Blocks            ; --          ;
; Embedded Multiplier 9-bit elements    ; 6           ;
; Signed Embedded Multipliers           ; 0           ;
; Unsigned Embedded Multipliers         ; 3           ;
; Mixed Sign Embedded Multipliers       ; 0           ;
; Variable Sign Embedded Multipliers    ; 0           ;
; Dedicated Input Shift Register Chains ; 0           ;
+---------------------------------------+-------------+
Note: number of Embedded Multiplier Blocks used is only available after a successful fit.


+-----------------------------------------------------------------------------------+
; Registers Removed During Synthesis                                                ;
+------------------------------------------+----------------------------------------+
; Register name                            ; Reason for Removal                     ;
+------------------------------------------+----------------------------------------+
; Modulo_Entrada_E_Saida:comb_49|aux       ; Stuck at VCC due to stuck port data_in ;
; Banco_de_Registradores:comb_10|aux       ; Stuck at VCC due to stuck port data_in ;
; Memoria_Instrucoes:comb_5|rom~0          ; Stuck at GND due to stuck port clock   ;
; Memoria_Instrucoes:comb_5|rom~1          ; Stuck at GND due to stuck port clock   ;
; Memoria_Instrucoes:comb_5|rom~2          ; Stuck at GND due to stuck port clock   ;
; Memoria_Instrucoes:comb_5|rom~3          ; Stuck at GND due to stuck port clock   ;
; Memoria_Instrucoes:comb_5|rom~4          ; Stuck at GND due to stuck port clock   ;
; Memoria_Instrucoes:comb_5|rom~5          ; Stuck at GND due to stuck port clock   ;
; Memoria_Instrucoes:comb_5|rom~6          ; Stuck at GND due to stuck port clock   ;
; Memoria_Instrucoes:comb_5|rom~7          ; Stuck at GND due to stuck port clock   ;
; Memoria_Instrucoes:comb_5|rom~8          ; Stuck at GND due to stuck port clock   ;
; Memoria_Instrucoes:comb_5|rom~9          ; Stuck at GND due to stuck port clock   ;
; Memoria_Instrucoes:comb_5|rom~10         ; Stuck at GND due to stuck port clock   ;
; Memoria_Instrucoes:comb_5|rom~11         ; Stuck at GND due to stuck port clock   ;
; Memoria_Instrucoes:comb_5|rom~12         ; Stuck at GND due to stuck port clock   ;
; Memoria_Instrucoes:comb_5|rom~13         ; Stuck at GND due to stuck port clock   ;
; Memoria_Instrucoes:comb_5|rom~14         ; Stuck at GND due to stuck port clock   ;
; Memoria_Instrucoes:comb_5|rom~15         ; Stuck at GND due to stuck port clock   ;
; Memoria_Instrucoes:comb_5|rom~16         ; Stuck at GND due to stuck port clock   ;
; Memoria_Instrucoes:comb_5|rom~17         ; Stuck at GND due to stuck port clock   ;
; Memoria_Instrucoes:comb_5|rom~18         ; Stuck at GND due to stuck port clock   ;
; Memoria_Instrucoes:comb_5|rom~19         ; Stuck at GND due to stuck port clock   ;
; Memoria_Instrucoes:comb_5|rom~20         ; Stuck at GND due to stuck port clock   ;
; Memoria_Instrucoes:comb_5|rom~21         ; Stuck at GND due to stuck port clock   ;
; Memoria_Instrucoes:comb_5|rom~22         ; Stuck at GND due to stuck port clock   ;
; Memoria_Instrucoes:comb_5|rom~23         ; Stuck at GND due to stuck port clock   ;
; Memoria_Instrucoes:comb_5|rom~24         ; Stuck at GND due to stuck port clock   ;
; Memoria_Instrucoes:comb_5|rom~25         ; Stuck at GND due to stuck port clock   ;
; Memoria_Instrucoes:comb_5|rom~26         ; Stuck at GND due to stuck port clock   ;
; Memoria_Instrucoes:comb_5|rom~27         ; Stuck at GND due to stuck port clock   ;
; Memoria_Instrucoes:comb_5|rom~28         ; Stuck at GND due to stuck port clock   ;
; Memoria_Instrucoes:comb_5|rom~29         ; Stuck at GND due to stuck port clock   ;
; Memoria_Instrucoes:comb_5|rom~30         ; Stuck at GND due to stuck port clock   ;
; Memoria_Instrucoes:comb_5|rom~31         ; Stuck at GND due to stuck port clock   ;
; Memoria_Instrucoes:comb_5|rom~32         ; Stuck at GND due to stuck port clock   ;
; Memoria_Instrucoes:comb_5|rom~33         ; Stuck at GND due to stuck port clock   ;
; Memoria_Instrucoes:comb_5|rom~34         ; Stuck at GND due to stuck port clock   ;
; Memoria_Instrucoes:comb_5|rom~35         ; Stuck at GND due to stuck port clock   ;
; Memoria_Instrucoes:comb_5|rom~36         ; Stuck at GND due to stuck port clock   ;
; Memoria_Instrucoes:comb_5|rom~37         ; Stuck at GND due to stuck port clock   ;
; Memoria_Instrucoes:comb_5|rom~38         ; Stuck at GND due to stuck port clock   ;
; Memoria_Instrucoes:comb_5|rom~39         ; Stuck at GND due to stuck port clock   ;
; Memoria_Instrucoes:comb_5|rom~40         ; Stuck at GND due to stuck port clock   ;
; Memoria_Instrucoes:comb_5|rom~41         ; Stuck at GND due to stuck port clock   ;
; Memoria_Instrucoes:comb_5|rom~42         ; Stuck at GND due to stuck port clock   ;
; Memoria_Instrucoes:comb_5|rom~43         ; Stuck at GND due to stuck port clock   ;
; Memoria_Instrucoes:comb_5|rom~44         ; Stuck at GND due to stuck port clock   ;
; Memoria_Instrucoes:comb_5|rom~45         ; Stuck at GND due to stuck port clock   ;
; Memoria_Instrucoes:comb_5|rom~46         ; Stuck at GND due to stuck port clock   ;
; Memoria_Instrucoes:comb_5|rom~47         ; Stuck at GND due to stuck port clock   ;
; Memoria_Instrucoes:comb_5|rom~48         ; Stuck at GND due to stuck port clock   ;
; Memoria_Instrucoes:comb_5|rom~49         ; Stuck at GND due to stuck port clock   ;
; Memoria_Instrucoes:comb_5|rom~50         ; Stuck at GND due to stuck port clock   ;
; Memoria_Instrucoes:comb_5|rom~51         ; Stuck at GND due to stuck port clock   ;
; Memoria_Instrucoes:comb_5|rom~52         ; Stuck at GND due to stuck port clock   ;
; Memoria_Instrucoes:comb_5|rom~53         ; Stuck at GND due to stuck port clock   ;
; Memoria_Instrucoes:comb_5|rom~54         ; Stuck at GND due to stuck port clock   ;
; Memoria_Instrucoes:comb_5|rom~55         ; Stuck at GND due to stuck port clock   ;
; Memoria_Instrucoes:comb_5|rom~56         ; Stuck at GND due to stuck port clock   ;
; Memoria_Instrucoes:comb_5|rom~57         ; Stuck at GND due to stuck port clock   ;
; Memoria_Instrucoes:comb_5|rom~58         ; Stuck at GND due to stuck port clock   ;
; Memoria_Instrucoes:comb_5|rom~59         ; Stuck at GND due to stuck port clock   ;
; Memoria_Instrucoes:comb_5|rom~60         ; Stuck at GND due to stuck port clock   ;
; Memoria_Instrucoes:comb_5|rom~61         ; Stuck at GND due to stuck port clock   ;
; Memoria_Instrucoes:comb_5|rom~62         ; Stuck at GND due to stuck port clock   ;
; Memoria_Instrucoes:comb_5|rom~63         ; Stuck at GND due to stuck port clock   ;
; Memoria_Instrucoes:comb_5|rom~64         ; Stuck at GND due to stuck port clock   ;
; Memoria_Instrucoes:comb_5|rom~65         ; Stuck at GND due to stuck port clock   ;
; Memoria_Instrucoes:comb_5|rom~66         ; Stuck at GND due to stuck port clock   ;
; Memoria_Instrucoes:comb_5|rom~67         ; Stuck at GND due to stuck port clock   ;
; Memoria_Instrucoes:comb_5|rom~68         ; Stuck at GND due to stuck port clock   ;
; Memoria_Instrucoes:comb_5|rom~69         ; Stuck at GND due to stuck port clock   ;
; Memoria_Instrucoes:comb_5|rom~70         ; Stuck at GND due to stuck port clock   ;
; Memoria_Instrucoes:comb_5|rom~71         ; Stuck at GND due to stuck port clock   ;
; Memoria_Instrucoes:comb_5|rom~72         ; Stuck at GND due to stuck port clock   ;
; Memoria_Instrucoes:comb_5|rom~73         ; Stuck at GND due to stuck port clock   ;
; Memoria_Instrucoes:comb_5|rom~74         ; Stuck at GND due to stuck port clock   ;
; Memoria_Instrucoes:comb_5|rom~75         ; Stuck at GND due to stuck port clock   ;
; Memoria_Instrucoes:comb_5|rom~76         ; Stuck at GND due to stuck port clock   ;
; Memoria_Instrucoes:comb_5|rom~77         ; Stuck at GND due to stuck port clock   ;
; Memoria_Instrucoes:comb_5|rom~78         ; Stuck at GND due to stuck port clock   ;
; Memoria_Instrucoes:comb_5|rom~79         ; Stuck at GND due to stuck port clock   ;
; Memoria_Instrucoes:comb_5|rom~80         ; Stuck at GND due to stuck port clock   ;
; Memoria_Instrucoes:comb_5|rom~81         ; Stuck at GND due to stuck port clock   ;
; Memoria_Instrucoes:comb_5|rom~82         ; Stuck at GND due to stuck port clock   ;
; Memoria_Instrucoes:comb_5|rom~83         ; Stuck at GND due to stuck port clock   ;
; Memoria_Instrucoes:comb_5|rom~84         ; Stuck at GND due to stuck port clock   ;
; Memoria_Instrucoes:comb_5|rom~85         ; Stuck at GND due to stuck port clock   ;
; Memoria_Instrucoes:comb_5|rom~86         ; Stuck at GND due to stuck port clock   ;
; Memoria_Instrucoes:comb_5|rom~87         ; Stuck at GND due to stuck port clock   ;
; Memoria_Instrucoes:comb_5|rom~88         ; Stuck at GND due to stuck port clock   ;
; Memoria_Instrucoes:comb_5|rom~89         ; Stuck at GND due to stuck port clock   ;
; Memoria_Instrucoes:comb_5|rom~90         ; Stuck at GND due to stuck port clock   ;
; Memoria_Instrucoes:comb_5|rom~91         ; Stuck at GND due to stuck port clock   ;
; Memoria_Instrucoes:comb_5|rom~92         ; Stuck at GND due to stuck port clock   ;
; Memoria_Instrucoes:comb_5|rom~93         ; Stuck at GND due to stuck port clock   ;
; Memoria_Instrucoes:comb_5|rom~94         ; Stuck at GND due to stuck port clock   ;
; Memoria_Instrucoes:comb_5|rom~95         ; Stuck at GND due to stuck port clock   ;
; Memoria_Instrucoes:comb_5|rom~96         ; Stuck at GND due to stuck port clock   ;
; Memoria_Instrucoes:comb_5|rom~97         ; Stuck at GND due to stuck port clock   ;
; Memoria_Instrucoes:comb_5|rom~98         ; Stuck at GND due to stuck port clock   ;
; Memoria_Instrucoes:comb_5|rom~99         ; Stuck at GND due to stuck port clock   ;
; Memoria_Instrucoes:comb_5|rom~100        ; Stuck at GND due to stuck port clock   ;
; Memoria_Instrucoes:comb_5|rom~101        ; Stuck at GND due to stuck port clock   ;
; Memoria_Instrucoes:comb_5|rom~102        ; Stuck at GND due to stuck port clock   ;
; Memoria_Instrucoes:comb_5|rom~103        ; Stuck at GND due to stuck port clock   ;
; Memoria_Instrucoes:comb_5|rom~104        ; Stuck at GND due to stuck port clock   ;
; Memoria_Instrucoes:comb_5|rom~105        ; Stuck at GND due to stuck port clock   ;
; Memoria_Instrucoes:comb_5|rom~106        ; Stuck at GND due to stuck port clock   ;
; Memoria_Instrucoes:comb_5|rom~107        ; Stuck at GND due to stuck port clock   ;
; Memoria_Instrucoes:comb_5|rom~108        ; Stuck at GND due to stuck port clock   ;
; Memoria_Instrucoes:comb_5|rom~109        ; Stuck at GND due to stuck port clock   ;
; Memoria_Instrucoes:comb_5|rom~110        ; Stuck at GND due to stuck port clock   ;
; Memoria_Instrucoes:comb_5|rom~111        ; Stuck at GND due to stuck port clock   ;
; Memoria_Instrucoes:comb_5|rom~112        ; Stuck at GND due to stuck port clock   ;
; Memoria_Instrucoes:comb_5|rom~113        ; Stuck at GND due to stuck port clock   ;
; Memoria_Instrucoes:comb_5|rom~114        ; Stuck at GND due to stuck port clock   ;
; Memoria_Instrucoes:comb_5|rom~115        ; Stuck at GND due to stuck port clock   ;
; Memoria_Instrucoes:comb_5|rom~116        ; Stuck at GND due to stuck port clock   ;
; Memoria_Instrucoes:comb_5|rom~117        ; Stuck at GND due to stuck port clock   ;
; Memoria_Instrucoes:comb_5|rom~118        ; Stuck at GND due to stuck port clock   ;
; Memoria_Instrucoes:comb_5|rom~119        ; Stuck at GND due to stuck port clock   ;
; Memoria_Instrucoes:comb_5|rom~120        ; Stuck at GND due to stuck port clock   ;
; Memoria_Instrucoes:comb_5|rom~121        ; Stuck at GND due to stuck port clock   ;
; Memoria_Instrucoes:comb_5|rom~122        ; Stuck at GND due to stuck port clock   ;
; Memoria_Instrucoes:comb_5|rom~123        ; Stuck at GND due to stuck port clock   ;
; Memoria_Instrucoes:comb_5|rom~124        ; Stuck at GND due to stuck port clock   ;
; Memoria_Instrucoes:comb_5|rom~125        ; Stuck at GND due to stuck port clock   ;
; Memoria_Instrucoes:comb_5|rom~126        ; Stuck at GND due to stuck port clock   ;
; Memoria_Instrucoes:comb_5|rom~127        ; Stuck at GND due to stuck port clock   ;
; Memoria_Instrucoes:comb_5|rom~128        ; Stuck at GND due to stuck port clock   ;
; Memoria_Instrucoes:comb_5|rom~129        ; Stuck at GND due to stuck port clock   ;
; Memoria_Instrucoes:comb_5|rom~130        ; Stuck at GND due to stuck port clock   ;
; Memoria_Instrucoes:comb_5|rom~131        ; Stuck at GND due to stuck port clock   ;
; Memoria_Instrucoes:comb_5|rom~132        ; Stuck at GND due to stuck port clock   ;
; Memoria_Instrucoes:comb_5|rom~133        ; Stuck at GND due to stuck port clock   ;
; Memoria_Instrucoes:comb_5|rom~134        ; Stuck at GND due to stuck port clock   ;
; Memoria_Instrucoes:comb_5|rom~135        ; Stuck at GND due to stuck port clock   ;
; Memoria_Instrucoes:comb_5|rom~136        ; Stuck at GND due to stuck port clock   ;
; Memoria_Instrucoes:comb_5|rom~137        ; Stuck at GND due to stuck port clock   ;
; Memoria_Instrucoes:comb_5|rom~138        ; Stuck at GND due to stuck port clock   ;
; Memoria_Instrucoes:comb_5|rom~139        ; Stuck at GND due to stuck port clock   ;
; Memoria_Instrucoes:comb_5|rom~140        ; Stuck at GND due to stuck port clock   ;
; Memoria_Instrucoes:comb_5|rom~141        ; Stuck at GND due to stuck port clock   ;
; Memoria_Instrucoes:comb_5|rom~142        ; Stuck at GND due to stuck port clock   ;
; Memoria_Instrucoes:comb_5|rom~143        ; Stuck at GND due to stuck port clock   ;
; Memoria_Instrucoes:comb_5|rom~144        ; Stuck at GND due to stuck port clock   ;
; Memoria_Instrucoes:comb_5|rom~145        ; Stuck at GND due to stuck port clock   ;
; Memoria_Instrucoes:comb_5|rom~146        ; Stuck at GND due to stuck port clock   ;
; Memoria_Instrucoes:comb_5|rom~147        ; Stuck at GND due to stuck port clock   ;
; Memoria_Instrucoes:comb_5|rom~148        ; Stuck at GND due to stuck port clock   ;
; Memoria_Instrucoes:comb_5|rom~149        ; Stuck at GND due to stuck port clock   ;
; Memoria_Instrucoes:comb_5|rom~150        ; Stuck at GND due to stuck port clock   ;
; Memoria_Instrucoes:comb_5|rom~151        ; Stuck at GND due to stuck port clock   ;
; Memoria_Instrucoes:comb_5|rom~152        ; Stuck at GND due to stuck port clock   ;
; Memoria_Instrucoes:comb_5|rom~153        ; Stuck at GND due to stuck port clock   ;
; Memoria_Instrucoes:comb_5|rom~154        ; Stuck at GND due to stuck port clock   ;
; Memoria_Instrucoes:comb_5|rom~155        ; Stuck at GND due to stuck port clock   ;
; Memoria_Instrucoes:comb_5|rom~156        ; Stuck at GND due to stuck port clock   ;
; Memoria_Instrucoes:comb_5|rom~157        ; Stuck at GND due to stuck port clock   ;
; Memoria_Instrucoes:comb_5|rom~158        ; Stuck at GND due to stuck port clock   ;
; Memoria_Instrucoes:comb_5|rom~159        ; Stuck at GND due to stuck port clock   ;
; Memoria_Instrucoes:comb_5|rom~160        ; Stuck at GND due to stuck port clock   ;
; Memoria_Instrucoes:comb_5|rom~161        ; Stuck at GND due to stuck port clock   ;
; Memoria_Instrucoes:comb_5|rom~162        ; Stuck at GND due to stuck port clock   ;
; Memoria_Instrucoes:comb_5|rom~163        ; Stuck at GND due to stuck port clock   ;
; Memoria_Instrucoes:comb_5|rom~164        ; Stuck at GND due to stuck port clock   ;
; Memoria_Instrucoes:comb_5|rom~165        ; Stuck at GND due to stuck port clock   ;
; Memoria_Instrucoes:comb_5|rom~166        ; Stuck at GND due to stuck port clock   ;
; Memoria_Instrucoes:comb_5|rom~167        ; Stuck at GND due to stuck port clock   ;
; Memoria_Instrucoes:comb_5|rom~168        ; Stuck at GND due to stuck port clock   ;
; Memoria_Instrucoes:comb_5|rom~169        ; Stuck at GND due to stuck port clock   ;
; Memoria_Instrucoes:comb_5|rom~170        ; Stuck at GND due to stuck port clock   ;
; Memoria_Instrucoes:comb_5|rom~171        ; Stuck at GND due to stuck port clock   ;
; Memoria_Instrucoes:comb_5|rom~172        ; Stuck at GND due to stuck port clock   ;
; Memoria_Instrucoes:comb_5|rom~173        ; Stuck at GND due to stuck port clock   ;
; Memoria_Instrucoes:comb_5|rom~174        ; Stuck at GND due to stuck port clock   ;
; Memoria_Instrucoes:comb_5|rom~175        ; Stuck at GND due to stuck port clock   ;
; Memoria_Instrucoes:comb_5|rom~176        ; Stuck at GND due to stuck port clock   ;
; Memoria_Instrucoes:comb_5|rom~177        ; Stuck at GND due to stuck port clock   ;
; Memoria_Instrucoes:comb_5|rom~178        ; Stuck at GND due to stuck port clock   ;
; Memoria_Instrucoes:comb_5|rom~179        ; Stuck at GND due to stuck port clock   ;
; Memoria_Instrucoes:comb_5|rom~180        ; Stuck at GND due to stuck port clock   ;
; Memoria_Instrucoes:comb_5|rom~181        ; Stuck at GND due to stuck port clock   ;
; Memoria_Instrucoes:comb_5|rom~182        ; Stuck at GND due to stuck port clock   ;
; Memoria_Instrucoes:comb_5|rom~183        ; Stuck at GND due to stuck port clock   ;
; Memoria_Instrucoes:comb_5|rom~184        ; Stuck at GND due to stuck port clock   ;
; Memoria_Instrucoes:comb_5|rom~185        ; Stuck at GND due to stuck port clock   ;
; Memoria_Instrucoes:comb_5|rom~186        ; Stuck at GND due to stuck port clock   ;
; Memoria_Instrucoes:comb_5|rom~187        ; Stuck at GND due to stuck port clock   ;
; Memoria_Instrucoes:comb_5|rom~188        ; Stuck at GND due to stuck port clock   ;
; Memoria_Instrucoes:comb_5|rom~189        ; Stuck at GND due to stuck port clock   ;
; Memoria_Instrucoes:comb_5|rom~190        ; Stuck at GND due to stuck port clock   ;
; Memoria_Instrucoes:comb_5|rom~191        ; Stuck at GND due to stuck port clock   ;
; Memoria_Instrucoes:comb_5|rom~192        ; Stuck at GND due to stuck port clock   ;
; Memoria_Instrucoes:comb_5|rom~193        ; Stuck at GND due to stuck port clock   ;
; Memoria_Instrucoes:comb_5|rom~194        ; Stuck at GND due to stuck port clock   ;
; Memoria_Instrucoes:comb_5|rom~195        ; Stuck at GND due to stuck port clock   ;
; Memoria_Instrucoes:comb_5|rom~196        ; Stuck at GND due to stuck port clock   ;
; Memoria_Instrucoes:comb_5|rom~197        ; Stuck at GND due to stuck port clock   ;
; Memoria_Instrucoes:comb_5|rom~198        ; Stuck at GND due to stuck port clock   ;
; Memoria_Instrucoes:comb_5|rom~199        ; Stuck at GND due to stuck port clock   ;
; Memoria_Instrucoes:comb_5|rom~200        ; Stuck at GND due to stuck port clock   ;
; Memoria_Instrucoes:comb_5|rom~201        ; Stuck at GND due to stuck port clock   ;
; Memoria_Instrucoes:comb_5|rom~202        ; Stuck at GND due to stuck port clock   ;
; Memoria_Instrucoes:comb_5|rom~203        ; Stuck at GND due to stuck port clock   ;
; Memoria_Instrucoes:comb_5|rom~204        ; Stuck at GND due to stuck port clock   ;
; Memoria_Instrucoes:comb_5|rom~205        ; Stuck at GND due to stuck port clock   ;
; Memoria_Instrucoes:comb_5|rom~206        ; Stuck at GND due to stuck port clock   ;
; Memoria_Instrucoes:comb_5|rom~207        ; Stuck at GND due to stuck port clock   ;
; Memoria_Instrucoes:comb_5|rom~208        ; Stuck at GND due to stuck port clock   ;
; Memoria_Instrucoes:comb_5|rom~209        ; Stuck at GND due to stuck port clock   ;
; Memoria_Instrucoes:comb_5|rom~210        ; Stuck at GND due to stuck port clock   ;
; Memoria_Instrucoes:comb_5|rom~211        ; Stuck at GND due to stuck port clock   ;
; Memoria_Instrucoes:comb_5|rom~212        ; Stuck at GND due to stuck port clock   ;
; Memoria_Instrucoes:comb_5|rom~213        ; Stuck at GND due to stuck port clock   ;
; Memoria_Instrucoes:comb_5|rom~214        ; Stuck at GND due to stuck port clock   ;
; Memoria_Instrucoes:comb_5|rom~215        ; Stuck at GND due to stuck port clock   ;
; Memoria_Instrucoes:comb_5|rom~216        ; Stuck at GND due to stuck port clock   ;
; Memoria_Instrucoes:comb_5|rom~217        ; Stuck at GND due to stuck port clock   ;
; Memoria_Instrucoes:comb_5|rom~218        ; Stuck at GND due to stuck port clock   ;
; Memoria_Instrucoes:comb_5|rom~219        ; Stuck at GND due to stuck port clock   ;
; Memoria_Instrucoes:comb_5|rom~220        ; Stuck at GND due to stuck port clock   ;
; Memoria_Instrucoes:comb_5|rom~221        ; Stuck at GND due to stuck port clock   ;
; Memoria_Instrucoes:comb_5|rom~222        ; Stuck at GND due to stuck port clock   ;
; Memoria_Instrucoes:comb_5|rom~223        ; Stuck at GND due to stuck port clock   ;
; Memoria_Instrucoes:comb_5|rom~224        ; Stuck at GND due to stuck port clock   ;
; Memoria_Instrucoes:comb_5|rom~225        ; Stuck at GND due to stuck port clock   ;
; Memoria_Instrucoes:comb_5|rom~226        ; Stuck at GND due to stuck port clock   ;
; Memoria_Instrucoes:comb_5|rom~227        ; Stuck at GND due to stuck port clock   ;
; Memoria_Instrucoes:comb_5|rom~228        ; Stuck at GND due to stuck port clock   ;
; Memoria_Instrucoes:comb_5|rom~229        ; Stuck at GND due to stuck port clock   ;
; Memoria_Instrucoes:comb_5|rom~230        ; Stuck at GND due to stuck port clock   ;
; Memoria_Instrucoes:comb_5|rom~231        ; Stuck at GND due to stuck port clock   ;
; Memoria_Instrucoes:comb_5|rom~232        ; Stuck at GND due to stuck port clock   ;
; Memoria_Instrucoes:comb_5|rom~233        ; Stuck at GND due to stuck port clock   ;
; Memoria_Instrucoes:comb_5|rom~234        ; Stuck at GND due to stuck port clock   ;
; Memoria_Instrucoes:comb_5|rom~235        ; Stuck at GND due to stuck port clock   ;
; Memoria_Instrucoes:comb_5|rom~236        ; Stuck at GND due to stuck port clock   ;
; Memoria_Instrucoes:comb_5|rom~237        ; Stuck at GND due to stuck port clock   ;
; Memoria_Instrucoes:comb_5|rom~238        ; Stuck at GND due to stuck port clock   ;
; Memoria_Instrucoes:comb_5|rom~239        ; Stuck at GND due to stuck port clock   ;
; Memoria_Instrucoes:comb_5|rom~240        ; Stuck at GND due to stuck port clock   ;
; Memoria_Instrucoes:comb_5|rom~241        ; Stuck at GND due to stuck port clock   ;
; Memoria_Instrucoes:comb_5|rom~242        ; Stuck at GND due to stuck port clock   ;
; Memoria_Instrucoes:comb_5|rom~243        ; Stuck at GND due to stuck port clock   ;
; Memoria_Instrucoes:comb_5|rom~244        ; Stuck at GND due to stuck port clock   ;
; Memoria_Instrucoes:comb_5|rom~245        ; Stuck at GND due to stuck port clock   ;
; Memoria_Instrucoes:comb_5|rom~246        ; Stuck at GND due to stuck port clock   ;
; Memoria_Instrucoes:comb_5|rom~247        ; Stuck at GND due to stuck port clock   ;
; Memoria_Instrucoes:comb_5|rom~248        ; Stuck at GND due to stuck port clock   ;
; Memoria_Instrucoes:comb_5|rom~249        ; Stuck at GND due to stuck port clock   ;
; Memoria_Instrucoes:comb_5|rom~250        ; Stuck at GND due to stuck port clock   ;
; Memoria_Instrucoes:comb_5|rom~251        ; Stuck at GND due to stuck port clock   ;
; Memoria_Instrucoes:comb_5|rom~252        ; Stuck at GND due to stuck port clock   ;
; Memoria_Instrucoes:comb_5|rom~253        ; Stuck at GND due to stuck port clock   ;
; Memoria_Instrucoes:comb_5|rom~254        ; Stuck at GND due to stuck port clock   ;
; Memoria_Instrucoes:comb_5|rom~255        ; Stuck at GND due to stuck port clock   ;
; Memoria_Instrucoes:comb_5|rom~256        ; Stuck at GND due to stuck port clock   ;
; Memoria_Instrucoes:comb_5|rom~257        ; Stuck at GND due to stuck port clock   ;
; Memoria_Instrucoes:comb_5|rom~258        ; Stuck at GND due to stuck port clock   ;
; Memoria_Instrucoes:comb_5|rom~259        ; Stuck at GND due to stuck port clock   ;
; Memoria_Instrucoes:comb_5|rom~260        ; Stuck at GND due to stuck port clock   ;
; Memoria_Instrucoes:comb_5|rom~261        ; Stuck at GND due to stuck port clock   ;
; Memoria_Instrucoes:comb_5|rom~262        ; Stuck at GND due to stuck port clock   ;
; Memoria_Instrucoes:comb_5|rom~263        ; Stuck at GND due to stuck port clock   ;
; Memoria_Instrucoes:comb_5|rom~264        ; Stuck at GND due to stuck port clock   ;
; Memoria_Instrucoes:comb_5|rom~265        ; Stuck at GND due to stuck port clock   ;
; Memoria_Instrucoes:comb_5|rom~266        ; Stuck at GND due to stuck port clock   ;
; Memoria_Instrucoes:comb_5|rom~267        ; Stuck at GND due to stuck port clock   ;
; Memoria_Instrucoes:comb_5|rom~268        ; Stuck at GND due to stuck port clock   ;
; Memoria_Instrucoes:comb_5|rom~269        ; Stuck at GND due to stuck port clock   ;
; Memoria_Instrucoes:comb_5|rom~270        ; Stuck at GND due to stuck port clock   ;
; Memoria_Instrucoes:comb_5|rom~271        ; Stuck at GND due to stuck port clock   ;
; Memoria_Instrucoes:comb_5|rom~272        ; Stuck at GND due to stuck port clock   ;
; Memoria_Instrucoes:comb_5|rom~273        ; Stuck at GND due to stuck port clock   ;
; Memoria_Instrucoes:comb_5|rom~274        ; Stuck at GND due to stuck port clock   ;
; Memoria_Instrucoes:comb_5|rom~275        ; Stuck at GND due to stuck port clock   ;
; Memoria_Instrucoes:comb_5|rom~276        ; Stuck at GND due to stuck port clock   ;
; Memoria_Instrucoes:comb_5|rom~277        ; Stuck at GND due to stuck port clock   ;
; Memoria_Instrucoes:comb_5|rom~278        ; Stuck at GND due to stuck port clock   ;
; Memoria_Instrucoes:comb_5|rom~279        ; Stuck at GND due to stuck port clock   ;
; Memoria_Instrucoes:comb_5|rom~280        ; Stuck at GND due to stuck port clock   ;
; Memoria_Instrucoes:comb_5|rom~281        ; Stuck at GND due to stuck port clock   ;
; Memoria_Instrucoes:comb_5|rom~282        ; Stuck at GND due to stuck port clock   ;
; Memoria_Instrucoes:comb_5|rom~283        ; Stuck at GND due to stuck port clock   ;
; Memoria_Instrucoes:comb_5|rom~284        ; Stuck at GND due to stuck port clock   ;
; Memoria_Instrucoes:comb_5|rom~285        ; Stuck at GND due to stuck port clock   ;
; Memoria_Instrucoes:comb_5|rom~286        ; Stuck at GND due to stuck port clock   ;
; Memoria_Instrucoes:comb_5|rom~287        ; Stuck at GND due to stuck port clock   ;
; Memoria_Instrucoes:comb_5|rom~288        ; Stuck at GND due to stuck port clock   ;
; Memoria_Instrucoes:comb_5|rom~289        ; Stuck at GND due to stuck port clock   ;
; Memoria_Instrucoes:comb_5|rom~290        ; Stuck at GND due to stuck port clock   ;
; Memoria_Instrucoes:comb_5|rom~291        ; Stuck at GND due to stuck port clock   ;
; Memoria_Instrucoes:comb_5|rom~292        ; Stuck at GND due to stuck port clock   ;
; Memoria_Instrucoes:comb_5|rom~293        ; Stuck at GND due to stuck port clock   ;
; Memoria_Instrucoes:comb_5|rom~294        ; Stuck at GND due to stuck port clock   ;
; Memoria_Instrucoes:comb_5|rom~295        ; Stuck at GND due to stuck port clock   ;
; Memoria_Instrucoes:comb_5|rom~296        ; Stuck at GND due to stuck port clock   ;
; Memoria_Instrucoes:comb_5|rom~297        ; Stuck at GND due to stuck port clock   ;
; Memoria_Instrucoes:comb_5|rom~298        ; Stuck at GND due to stuck port clock   ;
; Memoria_Instrucoes:comb_5|rom~299        ; Stuck at GND due to stuck port clock   ;
; Memoria_Instrucoes:comb_5|rom~300        ; Stuck at GND due to stuck port clock   ;
; Memoria_Instrucoes:comb_5|rom~301        ; Stuck at GND due to stuck port clock   ;
; Memoria_Instrucoes:comb_5|rom~302        ; Stuck at GND due to stuck port clock   ;
; Memoria_Instrucoes:comb_5|rom~303        ; Stuck at GND due to stuck port clock   ;
; Memoria_Instrucoes:comb_5|rom~304        ; Stuck at GND due to stuck port clock   ;
; Memoria_Instrucoes:comb_5|rom~305        ; Stuck at GND due to stuck port clock   ;
; Memoria_Instrucoes:comb_5|rom~306        ; Stuck at GND due to stuck port clock   ;
; Memoria_Instrucoes:comb_5|rom~307        ; Stuck at GND due to stuck port clock   ;
; Memoria_Instrucoes:comb_5|rom~308        ; Stuck at GND due to stuck port clock   ;
; Memoria_Instrucoes:comb_5|rom~309        ; Stuck at GND due to stuck port clock   ;
; Memoria_Instrucoes:comb_5|rom~310        ; Stuck at GND due to stuck port clock   ;
; Memoria_Instrucoes:comb_5|rom~311        ; Stuck at GND due to stuck port clock   ;
; Memoria_Instrucoes:comb_5|rom~312        ; Stuck at GND due to stuck port clock   ;
; Memoria_Instrucoes:comb_5|rom~313        ; Stuck at GND due to stuck port clock   ;
; Memoria_Instrucoes:comb_5|rom~314        ; Stuck at GND due to stuck port clock   ;
; Memoria_Instrucoes:comb_5|rom~315        ; Stuck at GND due to stuck port clock   ;
; Memoria_Instrucoes:comb_5|rom~316        ; Stuck at GND due to stuck port clock   ;
; Memoria_Instrucoes:comb_5|rom~317        ; Stuck at GND due to stuck port clock   ;
; Memoria_Instrucoes:comb_5|rom~318        ; Stuck at GND due to stuck port clock   ;
; Memoria_Instrucoes:comb_5|rom~319        ; Stuck at GND due to stuck port clock   ;
; Memoria_Instrucoes:comb_5|rom~320        ; Stuck at GND due to stuck port clock   ;
; Memoria_Instrucoes:comb_5|rom~321        ; Stuck at GND due to stuck port clock   ;
; Memoria_Instrucoes:comb_5|rom~322        ; Stuck at GND due to stuck port clock   ;
; Memoria_Instrucoes:comb_5|rom~323        ; Stuck at GND due to stuck port clock   ;
; Memoria_Instrucoes:comb_5|rom~324        ; Stuck at GND due to stuck port clock   ;
; Memoria_Instrucoes:comb_5|rom~325        ; Stuck at GND due to stuck port clock   ;
; Memoria_Instrucoes:comb_5|rom~326        ; Stuck at GND due to stuck port clock   ;
; Memoria_Instrucoes:comb_5|rom~327        ; Stuck at GND due to stuck port clock   ;
; Memoria_Instrucoes:comb_5|rom~328        ; Stuck at GND due to stuck port clock   ;
; Memoria_Instrucoes:comb_5|rom~329        ; Stuck at GND due to stuck port clock   ;
; Memoria_Instrucoes:comb_5|rom~330        ; Stuck at GND due to stuck port clock   ;
; Memoria_Instrucoes:comb_5|rom~331        ; Stuck at GND due to stuck port clock   ;
; Memoria_Instrucoes:comb_5|rom~332        ; Stuck at GND due to stuck port clock   ;
; Memoria_Instrucoes:comb_5|rom~333        ; Stuck at GND due to stuck port clock   ;
; Memoria_Instrucoes:comb_5|rom~334        ; Stuck at GND due to stuck port clock   ;
; Memoria_Instrucoes:comb_5|rom~335        ; Stuck at GND due to stuck port clock   ;
; Memoria_Instrucoes:comb_5|rom~336        ; Stuck at GND due to stuck port clock   ;
; Memoria_Instrucoes:comb_5|rom~337        ; Stuck at GND due to stuck port clock   ;
; Memoria_Instrucoes:comb_5|rom~338        ; Stuck at GND due to stuck port clock   ;
; Memoria_Instrucoes:comb_5|rom~339        ; Stuck at GND due to stuck port clock   ;
; Memoria_Instrucoes:comb_5|rom~340        ; Stuck at GND due to stuck port clock   ;
; Memoria_Instrucoes:comb_5|rom~341        ; Stuck at GND due to stuck port clock   ;
; Memoria_Instrucoes:comb_5|rom~342        ; Stuck at GND due to stuck port clock   ;
; Memoria_Instrucoes:comb_5|rom~343        ; Stuck at GND due to stuck port clock   ;
; Memoria_Instrucoes:comb_5|rom~344        ; Stuck at GND due to stuck port clock   ;
; Memoria_Instrucoes:comb_5|rom~345        ; Stuck at GND due to stuck port clock   ;
; Memoria_Instrucoes:comb_5|rom~346        ; Stuck at GND due to stuck port clock   ;
; Memoria_Instrucoes:comb_5|rom~347        ; Stuck at GND due to stuck port clock   ;
; Memoria_Instrucoes:comb_5|rom~348        ; Stuck at GND due to stuck port clock   ;
; Memoria_Instrucoes:comb_5|rom~349        ; Stuck at GND due to stuck port clock   ;
; Memoria_Instrucoes:comb_5|rom~350        ; Stuck at GND due to stuck port clock   ;
; Memoria_Instrucoes:comb_5|rom~351        ; Stuck at GND due to stuck port clock   ;
; Memoria_Instrucoes:comb_5|rom~352        ; Stuck at GND due to stuck port clock   ;
; Memoria_Instrucoes:comb_5|rom~353        ; Stuck at GND due to stuck port clock   ;
; Memoria_Instrucoes:comb_5|rom~354        ; Stuck at GND due to stuck port clock   ;
; Memoria_Instrucoes:comb_5|rom~355        ; Stuck at GND due to stuck port clock   ;
; Memoria_Instrucoes:comb_5|rom~356        ; Stuck at GND due to stuck port clock   ;
; Memoria_Instrucoes:comb_5|rom~357        ; Stuck at GND due to stuck port clock   ;
; Memoria_Instrucoes:comb_5|rom~358        ; Stuck at GND due to stuck port clock   ;
; Memoria_Instrucoes:comb_5|rom~359        ; Stuck at GND due to stuck port clock   ;
; Memoria_Instrucoes:comb_5|rom~360        ; Stuck at GND due to stuck port clock   ;
; Memoria_Instrucoes:comb_5|rom~361        ; Stuck at GND due to stuck port clock   ;
; Memoria_Instrucoes:comb_5|rom~362        ; Stuck at GND due to stuck port clock   ;
; Memoria_Instrucoes:comb_5|rom~363        ; Stuck at GND due to stuck port clock   ;
; Memoria_Instrucoes:comb_5|rom~364        ; Stuck at GND due to stuck port clock   ;
; Memoria_Instrucoes:comb_5|rom~365        ; Stuck at GND due to stuck port clock   ;
; Memoria_Instrucoes:comb_5|rom~366        ; Stuck at GND due to stuck port clock   ;
; Memoria_Instrucoes:comb_5|rom~367        ; Stuck at GND due to stuck port clock   ;
; Memoria_Instrucoes:comb_5|rom~368        ; Stuck at GND due to stuck port clock   ;
; Memoria_Instrucoes:comb_5|rom~369        ; Stuck at GND due to stuck port clock   ;
; Memoria_Instrucoes:comb_5|rom~370        ; Stuck at GND due to stuck port clock   ;
; Memoria_Instrucoes:comb_5|rom~371        ; Stuck at GND due to stuck port clock   ;
; Memoria_Instrucoes:comb_5|rom~372        ; Stuck at GND due to stuck port clock   ;
; Memoria_Instrucoes:comb_5|rom~373        ; Stuck at GND due to stuck port clock   ;
; Memoria_Instrucoes:comb_5|rom~374        ; Stuck at GND due to stuck port clock   ;
; Memoria_Instrucoes:comb_5|rom~375        ; Stuck at GND due to stuck port clock   ;
; Memoria_Instrucoes:comb_5|rom~376        ; Stuck at GND due to stuck port clock   ;
; Memoria_Instrucoes:comb_5|rom~377        ; Stuck at GND due to stuck port clock   ;
; Memoria_Instrucoes:comb_5|rom~378        ; Stuck at GND due to stuck port clock   ;
; Memoria_Instrucoes:comb_5|rom~379        ; Stuck at GND due to stuck port clock   ;
; Memoria_Instrucoes:comb_5|rom~380        ; Stuck at GND due to stuck port clock   ;
; Memoria_Instrucoes:comb_5|rom~381        ; Stuck at GND due to stuck port clock   ;
; Memoria_Instrucoes:comb_5|rom~382        ; Stuck at GND due to stuck port clock   ;
; Memoria_Instrucoes:comb_5|rom~383        ; Stuck at GND due to stuck port clock   ;
; Memoria_Instrucoes:comb_5|rom~384        ; Stuck at GND due to stuck port clock   ;
; Memoria_Instrucoes:comb_5|rom~385        ; Stuck at GND due to stuck port clock   ;
; Memoria_Instrucoes:comb_5|rom~386        ; Stuck at GND due to stuck port clock   ;
; Memoria_Instrucoes:comb_5|rom~387        ; Stuck at GND due to stuck port clock   ;
; Memoria_Instrucoes:comb_5|rom~388        ; Stuck at GND due to stuck port clock   ;
; Memoria_Instrucoes:comb_5|rom~389        ; Stuck at GND due to stuck port clock   ;
; Memoria_Instrucoes:comb_5|rom~390        ; Stuck at GND due to stuck port clock   ;
; Memoria_Instrucoes:comb_5|rom~391        ; Stuck at GND due to stuck port clock   ;
; Memoria_Instrucoes:comb_5|rom~392        ; Stuck at GND due to stuck port clock   ;
; Memoria_Instrucoes:comb_5|rom~393        ; Stuck at GND due to stuck port clock   ;
; Memoria_Instrucoes:comb_5|rom~394        ; Stuck at GND due to stuck port clock   ;
; Memoria_Instrucoes:comb_5|rom~395        ; Stuck at GND due to stuck port clock   ;
; Memoria_Instrucoes:comb_5|rom~396        ; Stuck at GND due to stuck port clock   ;
; Memoria_Instrucoes:comb_5|rom~397        ; Stuck at GND due to stuck port clock   ;
; Memoria_Instrucoes:comb_5|rom~398        ; Stuck at GND due to stuck port clock   ;
; Memoria_Instrucoes:comb_5|rom~399        ; Stuck at GND due to stuck port clock   ;
; Memoria_Instrucoes:comb_5|rom~400        ; Stuck at GND due to stuck port clock   ;
; Memoria_Instrucoes:comb_5|rom~401        ; Stuck at GND due to stuck port clock   ;
; Memoria_Instrucoes:comb_5|rom~402        ; Stuck at GND due to stuck port clock   ;
; Memoria_Instrucoes:comb_5|rom~403        ; Stuck at GND due to stuck port clock   ;
; Memoria_Instrucoes:comb_5|rom~404        ; Stuck at GND due to stuck port clock   ;
; Memoria_Instrucoes:comb_5|rom~405        ; Stuck at GND due to stuck port clock   ;
; Memoria_Instrucoes:comb_5|rom~406        ; Stuck at GND due to stuck port clock   ;
; Memoria_Instrucoes:comb_5|rom~407        ; Stuck at GND due to stuck port clock   ;
; Memoria_Instrucoes:comb_5|rom~408        ; Stuck at GND due to stuck port clock   ;
; Memoria_Instrucoes:comb_5|rom~409        ; Stuck at GND due to stuck port clock   ;
; Memoria_Instrucoes:comb_5|rom~410        ; Stuck at GND due to stuck port clock   ;
; Memoria_Instrucoes:comb_5|rom~411        ; Stuck at GND due to stuck port clock   ;
; Memoria_Instrucoes:comb_5|rom~412        ; Stuck at GND due to stuck port clock   ;
; Memoria_Instrucoes:comb_5|rom~413        ; Stuck at GND due to stuck port clock   ;
; Memoria_Instrucoes:comb_5|rom~414        ; Stuck at GND due to stuck port clock   ;
; Memoria_Instrucoes:comb_5|rom~415        ; Stuck at GND due to stuck port clock   ;
; Memoria_Instrucoes:comb_5|rom~416        ; Stuck at GND due to stuck port clock   ;
; Memoria_Instrucoes:comb_5|rom~417        ; Stuck at GND due to stuck port clock   ;
; Memoria_Instrucoes:comb_5|rom~418        ; Stuck at GND due to stuck port clock   ;
; Memoria_Instrucoes:comb_5|rom~419        ; Stuck at GND due to stuck port clock   ;
; Memoria_Instrucoes:comb_5|rom~420        ; Stuck at GND due to stuck port clock   ;
; Memoria_Instrucoes:comb_5|rom~421        ; Stuck at GND due to stuck port clock   ;
; Memoria_Instrucoes:comb_5|rom~422        ; Stuck at GND due to stuck port clock   ;
; Memoria_Instrucoes:comb_5|rom~423        ; Stuck at GND due to stuck port clock   ;
; Memoria_Instrucoes:comb_5|rom~424        ; Stuck at GND due to stuck port clock   ;
; Memoria_Instrucoes:comb_5|rom~425        ; Stuck at GND due to stuck port clock   ;
; Memoria_Instrucoes:comb_5|rom~426        ; Stuck at GND due to stuck port clock   ;
; Memoria_Instrucoes:comb_5|rom~427        ; Stuck at GND due to stuck port clock   ;
; Memoria_Instrucoes:comb_5|rom~428        ; Stuck at GND due to stuck port clock   ;
; Memoria_Instrucoes:comb_5|rom~429        ; Stuck at GND due to stuck port clock   ;
; Memoria_Instrucoes:comb_5|rom~430        ; Stuck at GND due to stuck port clock   ;
; Memoria_Instrucoes:comb_5|rom~431        ; Stuck at GND due to stuck port clock   ;
; Memoria_Instrucoes:comb_5|rom~432        ; Stuck at GND due to stuck port clock   ;
; Memoria_Instrucoes:comb_5|rom~433        ; Stuck at GND due to stuck port clock   ;
; Memoria_Instrucoes:comb_5|rom~434        ; Stuck at GND due to stuck port clock   ;
; Memoria_Instrucoes:comb_5|rom~435        ; Stuck at GND due to stuck port clock   ;
; Memoria_Instrucoes:comb_5|rom~436        ; Stuck at GND due to stuck port clock   ;
; Memoria_Instrucoes:comb_5|rom~437        ; Stuck at GND due to stuck port clock   ;
; Memoria_Instrucoes:comb_5|rom~438        ; Stuck at GND due to stuck port clock   ;
; Memoria_Instrucoes:comb_5|rom~439        ; Stuck at GND due to stuck port clock   ;
; Memoria_Instrucoes:comb_5|rom~440        ; Stuck at GND due to stuck port clock   ;
; Memoria_Instrucoes:comb_5|rom~441        ; Stuck at GND due to stuck port clock   ;
; Memoria_Instrucoes:comb_5|rom~442        ; Stuck at GND due to stuck port clock   ;
; Memoria_Instrucoes:comb_5|rom~443        ; Stuck at GND due to stuck port clock   ;
; Memoria_Instrucoes:comb_5|rom~444        ; Stuck at GND due to stuck port clock   ;
; Memoria_Instrucoes:comb_5|rom~445        ; Stuck at GND due to stuck port clock   ;
; Memoria_Instrucoes:comb_5|rom~446        ; Stuck at GND due to stuck port clock   ;
; Memoria_Instrucoes:comb_5|rom~447        ; Stuck at GND due to stuck port clock   ;
; Memoria_Instrucoes:comb_5|rom~448        ; Stuck at GND due to stuck port clock   ;
; Memoria_Instrucoes:comb_5|rom~449        ; Stuck at GND due to stuck port clock   ;
; Memoria_Instrucoes:comb_5|rom~450        ; Stuck at GND due to stuck port clock   ;
; Memoria_Instrucoes:comb_5|rom~451        ; Stuck at GND due to stuck port clock   ;
; Memoria_Instrucoes:comb_5|rom~452        ; Stuck at GND due to stuck port clock   ;
; Memoria_Instrucoes:comb_5|rom~453        ; Stuck at GND due to stuck port clock   ;
; Memoria_Instrucoes:comb_5|rom~454        ; Stuck at GND due to stuck port clock   ;
; Memoria_Instrucoes:comb_5|rom~455        ; Stuck at GND due to stuck port clock   ;
; Memoria_Instrucoes:comb_5|rom~456        ; Stuck at GND due to stuck port clock   ;
; Memoria_Instrucoes:comb_5|rom~457        ; Stuck at GND due to stuck port clock   ;
; Memoria_Instrucoes:comb_5|rom~458        ; Stuck at GND due to stuck port clock   ;
; Memoria_Instrucoes:comb_5|rom~459        ; Stuck at GND due to stuck port clock   ;
; Memoria_Instrucoes:comb_5|rom~460        ; Stuck at GND due to stuck port clock   ;
; Memoria_Instrucoes:comb_5|rom~461        ; Stuck at GND due to stuck port clock   ;
; Memoria_Instrucoes:comb_5|rom~462        ; Stuck at GND due to stuck port clock   ;
; Memoria_Instrucoes:comb_5|rom~463        ; Stuck at GND due to stuck port clock   ;
; Memoria_Instrucoes:comb_5|rom~464        ; Stuck at GND due to stuck port clock   ;
; Memoria_Instrucoes:comb_5|rom~465        ; Stuck at GND due to stuck port clock   ;
; Memoria_Instrucoes:comb_5|rom~466        ; Stuck at GND due to stuck port clock   ;
; Memoria_Instrucoes:comb_5|rom~467        ; Stuck at GND due to stuck port clock   ;
; Memoria_Instrucoes:comb_5|rom~468        ; Stuck at GND due to stuck port clock   ;
; Memoria_Instrucoes:comb_5|rom~469        ; Stuck at GND due to stuck port clock   ;
; Memoria_Instrucoes:comb_5|rom~470        ; Stuck at GND due to stuck port clock   ;
; Memoria_Instrucoes:comb_5|rom~471        ; Stuck at GND due to stuck port clock   ;
; Memoria_Instrucoes:comb_5|rom~472        ; Stuck at GND due to stuck port clock   ;
; Memoria_Instrucoes:comb_5|rom~473        ; Stuck at GND due to stuck port clock   ;
; Memoria_Instrucoes:comb_5|rom~474        ; Stuck at GND due to stuck port clock   ;
; Memoria_Instrucoes:comb_5|rom~475        ; Stuck at GND due to stuck port clock   ;
; Memoria_Instrucoes:comb_5|rom~476        ; Stuck at GND due to stuck port clock   ;
; Memoria_Instrucoes:comb_5|rom~477        ; Stuck at GND due to stuck port clock   ;
; Memoria_Instrucoes:comb_5|rom~478        ; Stuck at GND due to stuck port clock   ;
; Memoria_Instrucoes:comb_5|rom~479        ; Stuck at GND due to stuck port clock   ;
; Memoria_Instrucoes:comb_5|rom~480        ; Stuck at GND due to stuck port clock   ;
; Memoria_Instrucoes:comb_5|rom~481        ; Stuck at GND due to stuck port clock   ;
; Memoria_Instrucoes:comb_5|rom~482        ; Stuck at GND due to stuck port clock   ;
; Memoria_Instrucoes:comb_5|rom~483        ; Stuck at GND due to stuck port clock   ;
; Memoria_Instrucoes:comb_5|rom~484        ; Stuck at GND due to stuck port clock   ;
; Memoria_Instrucoes:comb_5|rom~485        ; Stuck at GND due to stuck port clock   ;
; Memoria_Instrucoes:comb_5|rom~486        ; Stuck at GND due to stuck port clock   ;
; Memoria_Instrucoes:comb_5|rom~487        ; Stuck at GND due to stuck port clock   ;
; Memoria_Instrucoes:comb_5|rom~488        ; Stuck at GND due to stuck port clock   ;
; Memoria_Instrucoes:comb_5|rom~489        ; Stuck at GND due to stuck port clock   ;
; Memoria_Instrucoes:comb_5|rom~490        ; Stuck at GND due to stuck port clock   ;
; Memoria_Instrucoes:comb_5|rom~491        ; Stuck at GND due to stuck port clock   ;
; Memoria_Instrucoes:comb_5|rom~492        ; Stuck at GND due to stuck port clock   ;
; Memoria_Instrucoes:comb_5|rom~493        ; Stuck at GND due to stuck port clock   ;
; Memoria_Instrucoes:comb_5|rom~494        ; Stuck at GND due to stuck port clock   ;
; Memoria_Instrucoes:comb_5|rom~495        ; Stuck at GND due to stuck port clock   ;
; Memoria_Instrucoes:comb_5|rom~496        ; Stuck at GND due to stuck port clock   ;
; Memoria_Instrucoes:comb_5|rom~497        ; Stuck at GND due to stuck port clock   ;
; Memoria_Instrucoes:comb_5|rom~498        ; Stuck at GND due to stuck port clock   ;
; Memoria_Instrucoes:comb_5|rom~499        ; Stuck at GND due to stuck port clock   ;
; Memoria_Instrucoes:comb_5|rom~500        ; Stuck at GND due to stuck port clock   ;
; Memoria_Instrucoes:comb_5|rom~501        ; Stuck at GND due to stuck port clock   ;
; Memoria_Instrucoes:comb_5|rom~502        ; Stuck at GND due to stuck port clock   ;
; Memoria_Instrucoes:comb_5|rom~503        ; Stuck at GND due to stuck port clock   ;
; Memoria_Instrucoes:comb_5|rom~504        ; Stuck at GND due to stuck port clock   ;
; Memoria_Instrucoes:comb_5|rom~505        ; Stuck at GND due to stuck port clock   ;
; Memoria_Instrucoes:comb_5|rom~506        ; Stuck at GND due to stuck port clock   ;
; Memoria_Instrucoes:comb_5|rom~507        ; Stuck at GND due to stuck port clock   ;
; Memoria_Instrucoes:comb_5|rom~508        ; Stuck at GND due to stuck port clock   ;
; Memoria_Instrucoes:comb_5|rom~509        ; Stuck at GND due to stuck port clock   ;
; Memoria_Instrucoes:comb_5|rom~510        ; Stuck at GND due to stuck port clock   ;
; Memoria_Instrucoes:comb_5|rom~511        ; Stuck at GND due to stuck port clock   ;
; Memoria_Instrucoes:comb_5|rom~512        ; Stuck at GND due to stuck port clock   ;
; Memoria_Instrucoes:comb_5|rom~513        ; Stuck at GND due to stuck port clock   ;
; Memoria_Instrucoes:comb_5|rom~514        ; Stuck at GND due to stuck port clock   ;
; Memoria_Instrucoes:comb_5|rom~515        ; Stuck at GND due to stuck port clock   ;
; Memoria_Instrucoes:comb_5|rom~516        ; Stuck at GND due to stuck port clock   ;
; Memoria_Instrucoes:comb_5|rom~517        ; Stuck at GND due to stuck port clock   ;
; Memoria_Instrucoes:comb_5|rom~518        ; Stuck at GND due to stuck port clock   ;
; Memoria_Instrucoes:comb_5|rom~519        ; Stuck at GND due to stuck port clock   ;
; Memoria_Instrucoes:comb_5|rom~520        ; Stuck at GND due to stuck port clock   ;
; Memoria_Instrucoes:comb_5|rom~521        ; Stuck at GND due to stuck port clock   ;
; Memoria_Instrucoes:comb_5|rom~522        ; Stuck at GND due to stuck port clock   ;
; Memoria_Instrucoes:comb_5|rom~523        ; Stuck at GND due to stuck port clock   ;
; Memoria_Instrucoes:comb_5|rom~524        ; Stuck at GND due to stuck port clock   ;
; Memoria_Instrucoes:comb_5|rom~525        ; Stuck at GND due to stuck port clock   ;
; Memoria_Instrucoes:comb_5|rom~526        ; Stuck at GND due to stuck port clock   ;
; Memoria_Instrucoes:comb_5|rom~527        ; Stuck at GND due to stuck port clock   ;
; Memoria_Instrucoes:comb_5|rom~528        ; Stuck at GND due to stuck port clock   ;
; Memoria_Instrucoes:comb_5|rom~529        ; Stuck at GND due to stuck port clock   ;
; Memoria_Instrucoes:comb_5|rom~530        ; Stuck at GND due to stuck port clock   ;
; Memoria_Instrucoes:comb_5|rom~531        ; Stuck at GND due to stuck port clock   ;
; Memoria_Instrucoes:comb_5|rom~532        ; Stuck at GND due to stuck port clock   ;
; Memoria_Instrucoes:comb_5|rom~533        ; Stuck at GND due to stuck port clock   ;
; Memoria_Instrucoes:comb_5|rom~534        ; Stuck at GND due to stuck port clock   ;
; Memoria_Instrucoes:comb_5|rom~535        ; Stuck at GND due to stuck port clock   ;
; Memoria_Instrucoes:comb_5|rom~536        ; Stuck at GND due to stuck port clock   ;
; Memoria_Instrucoes:comb_5|rom~537        ; Stuck at GND due to stuck port clock   ;
; Memoria_Instrucoes:comb_5|rom~538        ; Stuck at GND due to stuck port clock   ;
; Memoria_Instrucoes:comb_5|rom~539        ; Stuck at GND due to stuck port clock   ;
; Memoria_Instrucoes:comb_5|rom~540        ; Stuck at GND due to stuck port clock   ;
; Memoria_Instrucoes:comb_5|rom~541        ; Stuck at GND due to stuck port clock   ;
; Memoria_Instrucoes:comb_5|rom~542        ; Stuck at GND due to stuck port clock   ;
; Memoria_Instrucoes:comb_5|rom~543        ; Stuck at GND due to stuck port clock   ;
; Memoria_Instrucoes:comb_5|rom~544        ; Stuck at GND due to stuck port clock   ;
; Memoria_Instrucoes:comb_5|rom~545        ; Stuck at GND due to stuck port clock   ;
; Memoria_Instrucoes:comb_5|rom~546        ; Stuck at GND due to stuck port clock   ;
; Memoria_Instrucoes:comb_5|rom~547        ; Stuck at GND due to stuck port clock   ;
; Memoria_Instrucoes:comb_5|rom~548        ; Stuck at GND due to stuck port clock   ;
; Memoria_Instrucoes:comb_5|rom~549        ; Stuck at GND due to stuck port clock   ;
; Memoria_Instrucoes:comb_5|rom~550        ; Stuck at GND due to stuck port clock   ;
; Memoria_Instrucoes:comb_5|rom~551        ; Stuck at GND due to stuck port clock   ;
; Memoria_Instrucoes:comb_5|rom~552        ; Stuck at GND due to stuck port clock   ;
; Memoria_Instrucoes:comb_5|rom~553        ; Stuck at GND due to stuck port clock   ;
; Memoria_Instrucoes:comb_5|rom~554        ; Stuck at GND due to stuck port clock   ;
; Memoria_Instrucoes:comb_5|rom~555        ; Stuck at GND due to stuck port clock   ;
; Memoria_Instrucoes:comb_5|rom~556        ; Stuck at GND due to stuck port clock   ;
; Memoria_Instrucoes:comb_5|rom~557        ; Stuck at GND due to stuck port clock   ;
; Memoria_Instrucoes:comb_5|rom~558        ; Stuck at GND due to stuck port clock   ;
; Memoria_Instrucoes:comb_5|rom~559        ; Stuck at GND due to stuck port clock   ;
; Memoria_Instrucoes:comb_5|rom~560        ; Stuck at GND due to stuck port clock   ;
; Memoria_Instrucoes:comb_5|rom~561        ; Stuck at GND due to stuck port clock   ;
; Memoria_Instrucoes:comb_5|rom~562        ; Stuck at GND due to stuck port clock   ;
; Memoria_Instrucoes:comb_5|rom~563        ; Stuck at GND due to stuck port clock   ;
; Memoria_Instrucoes:comb_5|rom~564        ; Stuck at GND due to stuck port clock   ;
; Memoria_Instrucoes:comb_5|rom~565        ; Stuck at GND due to stuck port clock   ;
; Memoria_Instrucoes:comb_5|rom~566        ; Stuck at GND due to stuck port clock   ;
; Memoria_Instrucoes:comb_5|rom~567        ; Stuck at GND due to stuck port clock   ;
; Memoria_Instrucoes:comb_5|rom~568        ; Stuck at GND due to stuck port clock   ;
; Memoria_Instrucoes:comb_5|rom~569        ; Stuck at GND due to stuck port clock   ;
; Memoria_Instrucoes:comb_5|rom~570        ; Stuck at GND due to stuck port clock   ;
; Memoria_Instrucoes:comb_5|rom~571        ; Stuck at GND due to stuck port clock   ;
; Memoria_Instrucoes:comb_5|rom~572        ; Stuck at GND due to stuck port clock   ;
; Memoria_Instrucoes:comb_5|rom~573        ; Stuck at GND due to stuck port clock   ;
; Memoria_Instrucoes:comb_5|rom~574        ; Stuck at GND due to stuck port clock   ;
; Memoria_Instrucoes:comb_5|rom~575        ; Stuck at GND due to stuck port clock   ;
; Memoria_Instrucoes:comb_5|rom~576        ; Stuck at GND due to stuck port clock   ;
; Memoria_Instrucoes:comb_5|rom~577        ; Stuck at GND due to stuck port clock   ;
; Memoria_Instrucoes:comb_5|rom~578        ; Stuck at GND due to stuck port clock   ;
; Memoria_Instrucoes:comb_5|rom~579        ; Stuck at GND due to stuck port clock   ;
; Memoria_Instrucoes:comb_5|rom~580        ; Stuck at GND due to stuck port clock   ;
; Memoria_Instrucoes:comb_5|rom~581        ; Stuck at GND due to stuck port clock   ;
; Memoria_Instrucoes:comb_5|rom~582        ; Stuck at GND due to stuck port clock   ;
; Memoria_Instrucoes:comb_5|rom~583        ; Stuck at GND due to stuck port clock   ;
; Memoria_Instrucoes:comb_5|rom~584        ; Stuck at GND due to stuck port clock   ;
; Memoria_Instrucoes:comb_5|rom~585        ; Stuck at GND due to stuck port clock   ;
; Memoria_Instrucoes:comb_5|rom~586        ; Stuck at GND due to stuck port clock   ;
; Memoria_Instrucoes:comb_5|rom~587        ; Stuck at GND due to stuck port clock   ;
; Memoria_Instrucoes:comb_5|rom~588        ; Stuck at GND due to stuck port clock   ;
; Memoria_Instrucoes:comb_5|rom~589        ; Stuck at GND due to stuck port clock   ;
; Memoria_Instrucoes:comb_5|rom~590        ; Stuck at GND due to stuck port clock   ;
; Memoria_Instrucoes:comb_5|rom~591        ; Stuck at GND due to stuck port clock   ;
; Memoria_Instrucoes:comb_5|rom~592        ; Stuck at GND due to stuck port clock   ;
; Memoria_Instrucoes:comb_5|rom~593        ; Stuck at GND due to stuck port clock   ;
; Memoria_Instrucoes:comb_5|rom~594        ; Stuck at GND due to stuck port clock   ;
; Memoria_Instrucoes:comb_5|rom~595        ; Stuck at GND due to stuck port clock   ;
; Memoria_Instrucoes:comb_5|rom~596        ; Stuck at GND due to stuck port clock   ;
; Memoria_Instrucoes:comb_5|rom~597        ; Stuck at GND due to stuck port clock   ;
; Memoria_Instrucoes:comb_5|rom~598        ; Stuck at GND due to stuck port clock   ;
; Memoria_Instrucoes:comb_5|rom~599        ; Stuck at GND due to stuck port clock   ;
; Memoria_Instrucoes:comb_5|rom~600        ; Stuck at GND due to stuck port clock   ;
; Memoria_Instrucoes:comb_5|rom~601        ; Stuck at GND due to stuck port clock   ;
; Memoria_Instrucoes:comb_5|rom~602        ; Stuck at GND due to stuck port clock   ;
; Memoria_Instrucoes:comb_5|rom~603        ; Stuck at GND due to stuck port clock   ;
; Memoria_Instrucoes:comb_5|rom~604        ; Stuck at GND due to stuck port clock   ;
; Memoria_Instrucoes:comb_5|rom~605        ; Stuck at GND due to stuck port clock   ;
; Memoria_Instrucoes:comb_5|rom~606        ; Stuck at GND due to stuck port clock   ;
; Memoria_Instrucoes:comb_5|rom~607        ; Stuck at GND due to stuck port clock   ;
; Memoria_Instrucoes:comb_5|rom~608        ; Stuck at GND due to stuck port clock   ;
; Memoria_Instrucoes:comb_5|rom~609        ; Stuck at GND due to stuck port clock   ;
; Memoria_Instrucoes:comb_5|rom~610        ; Stuck at GND due to stuck port clock   ;
; Memoria_Instrucoes:comb_5|rom~611        ; Stuck at GND due to stuck port clock   ;
; Memoria_Instrucoes:comb_5|rom~612        ; Stuck at GND due to stuck port clock   ;
; Memoria_Instrucoes:comb_5|rom~613        ; Stuck at GND due to stuck port clock   ;
; Memoria_Instrucoes:comb_5|rom~614        ; Stuck at GND due to stuck port clock   ;
; Memoria_Instrucoes:comb_5|rom~615        ; Stuck at GND due to stuck port clock   ;
; Memoria_Instrucoes:comb_5|rom~616        ; Stuck at GND due to stuck port clock   ;
; Memoria_Instrucoes:comb_5|rom~617        ; Stuck at GND due to stuck port clock   ;
; Memoria_Instrucoes:comb_5|rom~618        ; Stuck at GND due to stuck port clock   ;
; Memoria_Instrucoes:comb_5|rom~619        ; Stuck at GND due to stuck port clock   ;
; Memoria_Instrucoes:comb_5|rom~620        ; Stuck at GND due to stuck port clock   ;
; Memoria_Instrucoes:comb_5|rom~621        ; Stuck at GND due to stuck port clock   ;
; Memoria_Instrucoes:comb_5|rom~622        ; Stuck at GND due to stuck port clock   ;
; Memoria_Instrucoes:comb_5|rom~623        ; Stuck at GND due to stuck port clock   ;
; Memoria_Instrucoes:comb_5|rom~624        ; Stuck at GND due to stuck port clock   ;
; Memoria_Instrucoes:comb_5|rom~625        ; Stuck at GND due to stuck port clock   ;
; Memoria_Instrucoes:comb_5|rom~626        ; Stuck at GND due to stuck port clock   ;
; Memoria_Instrucoes:comb_5|rom~627        ; Stuck at GND due to stuck port clock   ;
; Memoria_Instrucoes:comb_5|rom~628        ; Stuck at GND due to stuck port clock   ;
; Memoria_Instrucoes:comb_5|rom~629        ; Stuck at GND due to stuck port clock   ;
; Memoria_Instrucoes:comb_5|rom~630        ; Stuck at GND due to stuck port clock   ;
; Memoria_Instrucoes:comb_5|rom~631        ; Stuck at GND due to stuck port clock   ;
; Memoria_Instrucoes:comb_5|rom~632        ; Stuck at GND due to stuck port clock   ;
; Memoria_Instrucoes:comb_5|rom~633        ; Stuck at GND due to stuck port clock   ;
; Memoria_Instrucoes:comb_5|rom~634        ; Stuck at GND due to stuck port clock   ;
; Memoria_Instrucoes:comb_5|rom~635        ; Stuck at GND due to stuck port clock   ;
; Memoria_Instrucoes:comb_5|rom~636        ; Stuck at GND due to stuck port clock   ;
; Memoria_Instrucoes:comb_5|rom~637        ; Stuck at GND due to stuck port clock   ;
; Memoria_Instrucoes:comb_5|rom~638        ; Stuck at GND due to stuck port clock   ;
; Memoria_Instrucoes:comb_5|rom~639        ; Stuck at GND due to stuck port clock   ;
; Memoria_Instrucoes:comb_5|rom~640        ; Stuck at GND due to stuck port clock   ;
; Memoria_Instrucoes:comb_5|rom~641        ; Stuck at GND due to stuck port clock   ;
; Memoria_Instrucoes:comb_5|rom~642        ; Stuck at GND due to stuck port clock   ;
; Memoria_Instrucoes:comb_5|rom~643        ; Stuck at GND due to stuck port clock   ;
; Memoria_Instrucoes:comb_5|rom~644        ; Stuck at GND due to stuck port clock   ;
; Memoria_Instrucoes:comb_5|rom~645        ; Stuck at GND due to stuck port clock   ;
; Memoria_Instrucoes:comb_5|rom~646        ; Stuck at GND due to stuck port clock   ;
; Memoria_Instrucoes:comb_5|rom~647        ; Stuck at GND due to stuck port clock   ;
; Memoria_Instrucoes:comb_5|rom~648        ; Stuck at GND due to stuck port clock   ;
; Memoria_Instrucoes:comb_5|rom~649        ; Stuck at GND due to stuck port clock   ;
; Memoria_Instrucoes:comb_5|rom~650        ; Stuck at GND due to stuck port clock   ;
; Memoria_Instrucoes:comb_5|rom~651        ; Stuck at GND due to stuck port clock   ;
; Memoria_Instrucoes:comb_5|rom~652        ; Stuck at GND due to stuck port clock   ;
; Memoria_Instrucoes:comb_5|rom~653        ; Stuck at GND due to stuck port clock   ;
; Memoria_Instrucoes:comb_5|rom~654        ; Stuck at GND due to stuck port clock   ;
; Memoria_Instrucoes:comb_5|rom~655        ; Stuck at GND due to stuck port clock   ;
; Memoria_Instrucoes:comb_5|rom~656        ; Stuck at GND due to stuck port clock   ;
; Memoria_Instrucoes:comb_5|rom~657        ; Stuck at GND due to stuck port clock   ;
; Memoria_Instrucoes:comb_5|rom~658        ; Stuck at GND due to stuck port clock   ;
; Memoria_Instrucoes:comb_5|rom~659        ; Stuck at GND due to stuck port clock   ;
; Memoria_Instrucoes:comb_5|rom~660        ; Stuck at GND due to stuck port clock   ;
; Memoria_Instrucoes:comb_5|rom~661        ; Stuck at GND due to stuck port clock   ;
; Memoria_Instrucoes:comb_5|rom~662        ; Stuck at GND due to stuck port clock   ;
; Memoria_Instrucoes:comb_5|rom~663        ; Stuck at GND due to stuck port clock   ;
; Memoria_Instrucoes:comb_5|rom~664        ; Stuck at GND due to stuck port clock   ;
; Memoria_Instrucoes:comb_5|rom~665        ; Stuck at GND due to stuck port clock   ;
; Memoria_Instrucoes:comb_5|rom~666        ; Stuck at GND due to stuck port clock   ;
; Memoria_Instrucoes:comb_5|rom~667        ; Stuck at GND due to stuck port clock   ;
; Memoria_Instrucoes:comb_5|rom~668        ; Stuck at GND due to stuck port clock   ;
; Memoria_Instrucoes:comb_5|rom~669        ; Stuck at GND due to stuck port clock   ;
; Memoria_Instrucoes:comb_5|rom~670        ; Stuck at GND due to stuck port clock   ;
; Memoria_Instrucoes:comb_5|rom~671        ; Stuck at GND due to stuck port clock   ;
; Memoria_Instrucoes:comb_5|rom~672        ; Stuck at GND due to stuck port clock   ;
; Memoria_Instrucoes:comb_5|rom~673        ; Stuck at GND due to stuck port clock   ;
; Memoria_Instrucoes:comb_5|rom~674        ; Stuck at GND due to stuck port clock   ;
; Memoria_Instrucoes:comb_5|rom~675        ; Stuck at GND due to stuck port clock   ;
; Memoria_Instrucoes:comb_5|rom~676        ; Stuck at GND due to stuck port clock   ;
; Memoria_Instrucoes:comb_5|rom~677        ; Stuck at GND due to stuck port clock   ;
; Memoria_Instrucoes:comb_5|rom~678        ; Stuck at GND due to stuck port clock   ;
; Memoria_Instrucoes:comb_5|rom~679        ; Stuck at GND due to stuck port clock   ;
; Memoria_Instrucoes:comb_5|rom~680        ; Stuck at GND due to stuck port clock   ;
; Memoria_Instrucoes:comb_5|rom~681        ; Stuck at GND due to stuck port clock   ;
; Memoria_Instrucoes:comb_5|rom~682        ; Stuck at GND due to stuck port clock   ;
; Memoria_Instrucoes:comb_5|rom~683        ; Stuck at GND due to stuck port clock   ;
; Memoria_Instrucoes:comb_5|rom~684        ; Stuck at GND due to stuck port clock   ;
; Memoria_Instrucoes:comb_5|rom~685        ; Stuck at GND due to stuck port clock   ;
; Memoria_Instrucoes:comb_5|rom~686        ; Stuck at GND due to stuck port clock   ;
; Memoria_Instrucoes:comb_5|rom~687        ; Stuck at GND due to stuck port clock   ;
; Memoria_Instrucoes:comb_5|rom~688        ; Stuck at GND due to stuck port clock   ;
; Memoria_Instrucoes:comb_5|rom~689        ; Stuck at GND due to stuck port clock   ;
; Memoria_Instrucoes:comb_5|rom~690        ; Stuck at GND due to stuck port clock   ;
; Memoria_Instrucoes:comb_5|rom~691        ; Stuck at GND due to stuck port clock   ;
; Memoria_Instrucoes:comb_5|rom~692        ; Stuck at GND due to stuck port clock   ;
; Memoria_Instrucoes:comb_5|rom~693        ; Stuck at GND due to stuck port clock   ;
; Memoria_Instrucoes:comb_5|rom~694        ; Stuck at GND due to stuck port clock   ;
; Memoria_Instrucoes:comb_5|rom~695        ; Stuck at GND due to stuck port clock   ;
; Memoria_Instrucoes:comb_5|rom~696        ; Stuck at GND due to stuck port clock   ;
; Memoria_Instrucoes:comb_5|rom~697        ; Stuck at GND due to stuck port clock   ;
; Memoria_Instrucoes:comb_5|rom~698        ; Stuck at GND due to stuck port clock   ;
; Memoria_Instrucoes:comb_5|rom~699        ; Stuck at GND due to stuck port clock   ;
; Memoria_Instrucoes:comb_5|rom~700        ; Stuck at GND due to stuck port clock   ;
; Memoria_Instrucoes:comb_5|rom~701        ; Stuck at GND due to stuck port clock   ;
; Memoria_Instrucoes:comb_5|rom~702        ; Stuck at GND due to stuck port clock   ;
; Memoria_Instrucoes:comb_5|rom~703        ; Stuck at GND due to stuck port clock   ;
; Memoria_Instrucoes:comb_5|rom~704        ; Stuck at GND due to stuck port clock   ;
; Memoria_Instrucoes:comb_5|rom~705        ; Stuck at GND due to stuck port clock   ;
; Memoria_Instrucoes:comb_5|rom~706        ; Stuck at GND due to stuck port clock   ;
; Memoria_Instrucoes:comb_5|rom~707        ; Stuck at GND due to stuck port clock   ;
; Memoria_Instrucoes:comb_5|rom~708        ; Stuck at GND due to stuck port clock   ;
; Memoria_Instrucoes:comb_5|rom~709        ; Stuck at GND due to stuck port clock   ;
; Memoria_Instrucoes:comb_5|rom~710        ; Stuck at GND due to stuck port clock   ;
; Memoria_Instrucoes:comb_5|rom~711        ; Stuck at GND due to stuck port clock   ;
; Memoria_Instrucoes:comb_5|rom~712        ; Stuck at GND due to stuck port clock   ;
; Memoria_Instrucoes:comb_5|rom~713        ; Stuck at GND due to stuck port clock   ;
; Memoria_Instrucoes:comb_5|rom~714        ; Stuck at GND due to stuck port clock   ;
; Memoria_Instrucoes:comb_5|rom~715        ; Stuck at GND due to stuck port clock   ;
; Memoria_Instrucoes:comb_5|rom~716        ; Stuck at GND due to stuck port clock   ;
; Memoria_Instrucoes:comb_5|rom~717        ; Stuck at GND due to stuck port clock   ;
; Memoria_Instrucoes:comb_5|rom~718        ; Stuck at GND due to stuck port clock   ;
; Memoria_Instrucoes:comb_5|rom~719        ; Stuck at GND due to stuck port clock   ;
; Memoria_Instrucoes:comb_5|rom~720        ; Stuck at GND due to stuck port clock   ;
; Memoria_Instrucoes:comb_5|rom~721        ; Stuck at GND due to stuck port clock   ;
; Memoria_Instrucoes:comb_5|rom~722        ; Stuck at GND due to stuck port clock   ;
; Memoria_Instrucoes:comb_5|rom~723        ; Stuck at GND due to stuck port clock   ;
; Memoria_Instrucoes:comb_5|rom~724        ; Stuck at GND due to stuck port clock   ;
; Memoria_Instrucoes:comb_5|rom~725        ; Stuck at GND due to stuck port clock   ;
; Memoria_Instrucoes:comb_5|rom~726        ; Stuck at GND due to stuck port clock   ;
; Memoria_Instrucoes:comb_5|rom~727        ; Stuck at GND due to stuck port clock   ;
; Memoria_Instrucoes:comb_5|rom~728        ; Stuck at GND due to stuck port clock   ;
; Memoria_Instrucoes:comb_5|rom~729        ; Stuck at GND due to stuck port clock   ;
; Memoria_Instrucoes:comb_5|rom~730        ; Stuck at GND due to stuck port clock   ;
; Memoria_Instrucoes:comb_5|rom~731        ; Stuck at GND due to stuck port clock   ;
; Memoria_Instrucoes:comb_5|rom~732        ; Stuck at GND due to stuck port clock   ;
; Memoria_Instrucoes:comb_5|rom~733        ; Stuck at GND due to stuck port clock   ;
; Memoria_Instrucoes:comb_5|rom~734        ; Stuck at GND due to stuck port clock   ;
; Memoria_Instrucoes:comb_5|rom~735        ; Stuck at GND due to stuck port clock   ;
; Memoria_Instrucoes:comb_5|rom~736        ; Stuck at GND due to stuck port clock   ;
; Memoria_Instrucoes:comb_5|rom~737        ; Stuck at GND due to stuck port clock   ;
; Memoria_Instrucoes:comb_5|rom~738        ; Stuck at GND due to stuck port clock   ;
; Memoria_Instrucoes:comb_5|rom~739        ; Stuck at GND due to stuck port clock   ;
; Memoria_Instrucoes:comb_5|rom~740        ; Stuck at GND due to stuck port clock   ;
; Memoria_Instrucoes:comb_5|rom~741        ; Stuck at GND due to stuck port clock   ;
; Memoria_Instrucoes:comb_5|rom~742        ; Stuck at GND due to stuck port clock   ;
; Memoria_Instrucoes:comb_5|rom~743        ; Stuck at GND due to stuck port clock   ;
; Memoria_Instrucoes:comb_5|rom~744        ; Stuck at GND due to stuck port clock   ;
; Memoria_Instrucoes:comb_5|rom~745        ; Stuck at GND due to stuck port clock   ;
; Memoria_Instrucoes:comb_5|rom~746        ; Stuck at GND due to stuck port clock   ;
; Memoria_Instrucoes:comb_5|rom~747        ; Stuck at GND due to stuck port clock   ;
; Memoria_Instrucoes:comb_5|rom~748        ; Stuck at GND due to stuck port clock   ;
; Memoria_Instrucoes:comb_5|rom~749        ; Stuck at GND due to stuck port clock   ;
; Memoria_Instrucoes:comb_5|rom~750        ; Stuck at GND due to stuck port clock   ;
; Memoria_Instrucoes:comb_5|rom~751        ; Stuck at GND due to stuck port clock   ;
; Memoria_Instrucoes:comb_5|rom~752        ; Stuck at GND due to stuck port clock   ;
; Memoria_Instrucoes:comb_5|rom~753        ; Stuck at GND due to stuck port clock   ;
; Memoria_Instrucoes:comb_5|rom~754        ; Stuck at GND due to stuck port clock   ;
; Memoria_Instrucoes:comb_5|rom~755        ; Stuck at GND due to stuck port clock   ;
; Memoria_Instrucoes:comb_5|rom~756        ; Stuck at GND due to stuck port clock   ;
; Memoria_Instrucoes:comb_5|rom~757        ; Stuck at GND due to stuck port clock   ;
; Memoria_Instrucoes:comb_5|rom~758        ; Stuck at GND due to stuck port clock   ;
; Memoria_Instrucoes:comb_5|rom~759        ; Stuck at GND due to stuck port clock   ;
; Memoria_Instrucoes:comb_5|rom~760        ; Stuck at GND due to stuck port clock   ;
; Memoria_Instrucoes:comb_5|rom~761        ; Stuck at GND due to stuck port clock   ;
; Memoria_Instrucoes:comb_5|rom~762        ; Stuck at GND due to stuck port clock   ;
; Memoria_Instrucoes:comb_5|rom~763        ; Stuck at GND due to stuck port clock   ;
; Memoria_Instrucoes:comb_5|rom~764        ; Stuck at GND due to stuck port clock   ;
; Memoria_Instrucoes:comb_5|rom~765        ; Stuck at GND due to stuck port clock   ;
; Memoria_Instrucoes:comb_5|rom~766        ; Stuck at GND due to stuck port clock   ;
; Memoria_Instrucoes:comb_5|rom~767        ; Stuck at GND due to stuck port clock   ;
; Memoria_Instrucoes:comb_5|rom~768        ; Stuck at GND due to stuck port clock   ;
; Memoria_Instrucoes:comb_5|rom~769        ; Stuck at GND due to stuck port clock   ;
; Memoria_Instrucoes:comb_5|rom~770        ; Stuck at GND due to stuck port clock   ;
; Memoria_Instrucoes:comb_5|rom~771        ; Stuck at GND due to stuck port clock   ;
; Memoria_Instrucoes:comb_5|rom~772        ; Stuck at GND due to stuck port clock   ;
; Memoria_Instrucoes:comb_5|rom~773        ; Stuck at GND due to stuck port clock   ;
; Memoria_Instrucoes:comb_5|rom~774        ; Stuck at GND due to stuck port clock   ;
; Memoria_Instrucoes:comb_5|rom~775        ; Stuck at GND due to stuck port clock   ;
; Memoria_Instrucoes:comb_5|rom~776        ; Stuck at GND due to stuck port clock   ;
; Memoria_Instrucoes:comb_5|rom~777        ; Stuck at GND due to stuck port clock   ;
; Memoria_Instrucoes:comb_5|rom~778        ; Stuck at GND due to stuck port clock   ;
; Memoria_Instrucoes:comb_5|rom~779        ; Stuck at GND due to stuck port clock   ;
; Memoria_Instrucoes:comb_5|rom~780        ; Stuck at GND due to stuck port clock   ;
; Memoria_Instrucoes:comb_5|rom~781        ; Stuck at GND due to stuck port clock   ;
; Memoria_Instrucoes:comb_5|rom~782        ; Stuck at GND due to stuck port clock   ;
; Memoria_Instrucoes:comb_5|rom~783        ; Stuck at GND due to stuck port clock   ;
; Memoria_Instrucoes:comb_5|rom~784        ; Stuck at GND due to stuck port clock   ;
; Memoria_Instrucoes:comb_5|rom~785        ; Stuck at GND due to stuck port clock   ;
; Memoria_Instrucoes:comb_5|rom~786        ; Stuck at GND due to stuck port clock   ;
; Memoria_Instrucoes:comb_5|rom~787        ; Stuck at GND due to stuck port clock   ;
; Memoria_Instrucoes:comb_5|rom~788        ; Stuck at GND due to stuck port clock   ;
; Memoria_Instrucoes:comb_5|rom~789        ; Stuck at GND due to stuck port clock   ;
; Memoria_Instrucoes:comb_5|rom~790        ; Stuck at GND due to stuck port clock   ;
; Memoria_Instrucoes:comb_5|rom~791        ; Stuck at GND due to stuck port clock   ;
; Memoria_Instrucoes:comb_5|rom~792        ; Stuck at GND due to stuck port clock   ;
; Memoria_Instrucoes:comb_5|rom~793        ; Stuck at GND due to stuck port clock   ;
; Memoria_Instrucoes:comb_5|rom~794        ; Stuck at GND due to stuck port clock   ;
; Memoria_Instrucoes:comb_5|rom~795        ; Stuck at GND due to stuck port clock   ;
; Memoria_Instrucoes:comb_5|rom~796        ; Stuck at GND due to stuck port clock   ;
; Memoria_Instrucoes:comb_5|rom~797        ; Stuck at GND due to stuck port clock   ;
; Memoria_Instrucoes:comb_5|rom~798        ; Stuck at GND due to stuck port clock   ;
; Memoria_Instrucoes:comb_5|rom~799        ; Stuck at GND due to stuck port clock   ;
; Memoria_Instrucoes:comb_5|rom~800        ; Stuck at GND due to stuck port clock   ;
; Memoria_Instrucoes:comb_5|rom~801        ; Stuck at GND due to stuck port clock   ;
; Memoria_Instrucoes:comb_5|rom~802        ; Stuck at GND due to stuck port clock   ;
; Memoria_Instrucoes:comb_5|rom~803        ; Stuck at GND due to stuck port clock   ;
; Memoria_Instrucoes:comb_5|rom~804        ; Stuck at GND due to stuck port clock   ;
; Memoria_Instrucoes:comb_5|rom~805        ; Stuck at GND due to stuck port clock   ;
; Memoria_Instrucoes:comb_5|rom~806        ; Stuck at GND due to stuck port clock   ;
; Memoria_Instrucoes:comb_5|rom~807        ; Stuck at GND due to stuck port clock   ;
; Memoria_Instrucoes:comb_5|rom~808        ; Stuck at GND due to stuck port clock   ;
; Memoria_Instrucoes:comb_5|rom~809        ; Stuck at GND due to stuck port clock   ;
; Memoria_Instrucoes:comb_5|rom~810        ; Stuck at GND due to stuck port clock   ;
; Memoria_Instrucoes:comb_5|rom~811        ; Stuck at GND due to stuck port clock   ;
; Memoria_Instrucoes:comb_5|rom~812        ; Stuck at GND due to stuck port clock   ;
; Memoria_Instrucoes:comb_5|rom~813        ; Stuck at GND due to stuck port clock   ;
; Memoria_Instrucoes:comb_5|rom~814        ; Stuck at GND due to stuck port clock   ;
; Memoria_Instrucoes:comb_5|rom~815        ; Stuck at GND due to stuck port clock   ;
; Memoria_Instrucoes:comb_5|rom~816        ; Stuck at GND due to stuck port clock   ;
; Memoria_Instrucoes:comb_5|rom~817        ; Stuck at GND due to stuck port clock   ;
; Memoria_Instrucoes:comb_5|rom~818        ; Stuck at GND due to stuck port clock   ;
; Memoria_Instrucoes:comb_5|rom~819        ; Stuck at GND due to stuck port clock   ;
; Memoria_Instrucoes:comb_5|rom~820        ; Stuck at GND due to stuck port clock   ;
; Memoria_Instrucoes:comb_5|rom~821        ; Stuck at GND due to stuck port clock   ;
; Memoria_Instrucoes:comb_5|rom~822        ; Stuck at GND due to stuck port clock   ;
; Memoria_Instrucoes:comb_5|rom~823        ; Stuck at GND due to stuck port clock   ;
; Memoria_Instrucoes:comb_5|rom~824        ; Stuck at GND due to stuck port clock   ;
; Memoria_Instrucoes:comb_5|rom~825        ; Stuck at GND due to stuck port clock   ;
; Memoria_Instrucoes:comb_5|rom~826        ; Stuck at GND due to stuck port clock   ;
; Memoria_Instrucoes:comb_5|rom~827        ; Stuck at GND due to stuck port clock   ;
; Memoria_Instrucoes:comb_5|rom~828        ; Stuck at GND due to stuck port clock   ;
; Memoria_Instrucoes:comb_5|rom~829        ; Stuck at GND due to stuck port clock   ;
; Memoria_Instrucoes:comb_5|rom~830        ; Stuck at GND due to stuck port clock   ;
; Memoria_Instrucoes:comb_5|rom~831        ; Stuck at GND due to stuck port clock   ;
; Memoria_Instrucoes:comb_5|rom~832        ; Stuck at GND due to stuck port clock   ;
; Memoria_Instrucoes:comb_5|rom~833        ; Stuck at GND due to stuck port clock   ;
; Memoria_Instrucoes:comb_5|rom~834        ; Stuck at GND due to stuck port clock   ;
; Memoria_Instrucoes:comb_5|rom~835        ; Stuck at GND due to stuck port clock   ;
; Memoria_Instrucoes:comb_5|rom~836        ; Stuck at GND due to stuck port clock   ;
; Memoria_Instrucoes:comb_5|rom~837        ; Stuck at GND due to stuck port clock   ;
; Memoria_Instrucoes:comb_5|rom~838        ; Stuck at GND due to stuck port clock   ;
; Memoria_Instrucoes:comb_5|rom~839        ; Stuck at GND due to stuck port clock   ;
; Memoria_Instrucoes:comb_5|rom~840        ; Stuck at GND due to stuck port clock   ;
; Memoria_Instrucoes:comb_5|rom~841        ; Stuck at GND due to stuck port clock   ;
; Memoria_Instrucoes:comb_5|rom~842        ; Stuck at GND due to stuck port clock   ;
; Memoria_Instrucoes:comb_5|rom~843        ; Stuck at GND due to stuck port clock   ;
; Memoria_Instrucoes:comb_5|rom~844        ; Stuck at GND due to stuck port clock   ;
; Memoria_Instrucoes:comb_5|rom~845        ; Stuck at GND due to stuck port clock   ;
; Memoria_Instrucoes:comb_5|rom~846        ; Stuck at GND due to stuck port clock   ;
; Memoria_Instrucoes:comb_5|rom~847        ; Stuck at GND due to stuck port clock   ;
; Memoria_Instrucoes:comb_5|rom~848        ; Stuck at GND due to stuck port clock   ;
; Memoria_Instrucoes:comb_5|rom~849        ; Stuck at GND due to stuck port clock   ;
; Memoria_Instrucoes:comb_5|rom~850        ; Stuck at GND due to stuck port clock   ;
; Memoria_Instrucoes:comb_5|rom~851        ; Stuck at GND due to stuck port clock   ;
; Memoria_Instrucoes:comb_5|rom~852        ; Stuck at GND due to stuck port clock   ;
; Memoria_Instrucoes:comb_5|rom~853        ; Stuck at GND due to stuck port clock   ;
; Memoria_Instrucoes:comb_5|rom~854        ; Stuck at GND due to stuck port clock   ;
; Memoria_Instrucoes:comb_5|rom~855        ; Stuck at GND due to stuck port clock   ;
; Memoria_Instrucoes:comb_5|rom~856        ; Stuck at GND due to stuck port clock   ;
; Memoria_Instrucoes:comb_5|rom~857        ; Stuck at GND due to stuck port clock   ;
; Memoria_Instrucoes:comb_5|rom~858        ; Stuck at GND due to stuck port clock   ;
; Memoria_Instrucoes:comb_5|rom~859        ; Stuck at GND due to stuck port clock   ;
; Memoria_Instrucoes:comb_5|rom~860        ; Stuck at GND due to stuck port clock   ;
; Memoria_Instrucoes:comb_5|rom~861        ; Stuck at GND due to stuck port clock   ;
; Memoria_Instrucoes:comb_5|rom~862        ; Stuck at GND due to stuck port clock   ;
; Memoria_Instrucoes:comb_5|rom~863        ; Stuck at GND due to stuck port clock   ;
; Memoria_Instrucoes:comb_5|rom~864        ; Stuck at GND due to stuck port clock   ;
; Memoria_Instrucoes:comb_5|rom~865        ; Stuck at GND due to stuck port clock   ;
; Memoria_Instrucoes:comb_5|rom~866        ; Stuck at GND due to stuck port clock   ;
; Memoria_Instrucoes:comb_5|rom~867        ; Stuck at GND due to stuck port clock   ;
; Memoria_Instrucoes:comb_5|rom~868        ; Stuck at GND due to stuck port clock   ;
; Memoria_Instrucoes:comb_5|rom~869        ; Stuck at GND due to stuck port clock   ;
; Memoria_Instrucoes:comb_5|rom~870        ; Stuck at GND due to stuck port clock   ;
; Memoria_Instrucoes:comb_5|rom~871        ; Stuck at GND due to stuck port clock   ;
; Memoria_Instrucoes:comb_5|rom~872        ; Stuck at GND due to stuck port clock   ;
; Memoria_Instrucoes:comb_5|rom~873        ; Stuck at GND due to stuck port clock   ;
; Memoria_Instrucoes:comb_5|rom~874        ; Stuck at GND due to stuck port clock   ;
; Memoria_Instrucoes:comb_5|rom~875        ; Stuck at GND due to stuck port clock   ;
; Memoria_Instrucoes:comb_5|rom~876        ; Stuck at GND due to stuck port clock   ;
; Memoria_Instrucoes:comb_5|rom~877        ; Stuck at GND due to stuck port clock   ;
; Memoria_Instrucoes:comb_5|rom~878        ; Stuck at GND due to stuck port clock   ;
; Memoria_Instrucoes:comb_5|rom~879        ; Stuck at GND due to stuck port clock   ;
; Memoria_Instrucoes:comb_5|rom~880        ; Stuck at GND due to stuck port clock   ;
; Memoria_Instrucoes:comb_5|rom~881        ; Stuck at GND due to stuck port clock   ;
; Memoria_Instrucoes:comb_5|rom~882        ; Stuck at GND due to stuck port clock   ;
; Memoria_Instrucoes:comb_5|rom~883        ; Stuck at GND due to stuck port clock   ;
; Memoria_Instrucoes:comb_5|rom~884        ; Stuck at GND due to stuck port clock   ;
; Memoria_Instrucoes:comb_5|rom~885        ; Stuck at GND due to stuck port clock   ;
; Memoria_Instrucoes:comb_5|rom~886        ; Stuck at GND due to stuck port clock   ;
; Memoria_Instrucoes:comb_5|rom~887        ; Stuck at GND due to stuck port clock   ;
; Memoria_Instrucoes:comb_5|rom~888        ; Stuck at GND due to stuck port clock   ;
; Memoria_Instrucoes:comb_5|rom~889        ; Stuck at GND due to stuck port clock   ;
; Memoria_Instrucoes:comb_5|rom~890        ; Stuck at GND due to stuck port clock   ;
; Memoria_Instrucoes:comb_5|rom~891        ; Stuck at GND due to stuck port clock   ;
; Memoria_Instrucoes:comb_5|rom~892        ; Stuck at GND due to stuck port clock   ;
; Memoria_Instrucoes:comb_5|rom~893        ; Stuck at GND due to stuck port clock   ;
; Memoria_Instrucoes:comb_5|rom~894        ; Stuck at GND due to stuck port clock   ;
; Memoria_Instrucoes:comb_5|rom~895        ; Stuck at GND due to stuck port clock   ;
; Memoria_Instrucoes:comb_5|rom~896        ; Stuck at GND due to stuck port clock   ;
; Memoria_Instrucoes:comb_5|rom~897        ; Stuck at GND due to stuck port clock   ;
; Memoria_Instrucoes:comb_5|rom~898        ; Stuck at GND due to stuck port clock   ;
; Memoria_Instrucoes:comb_5|rom~899        ; Stuck at GND due to stuck port clock   ;
; Memoria_Instrucoes:comb_5|rom~900        ; Stuck at GND due to stuck port clock   ;
; Memoria_Instrucoes:comb_5|rom~901        ; Stuck at GND due to stuck port clock   ;
; Memoria_Instrucoes:comb_5|rom~902        ; Stuck at GND due to stuck port clock   ;
; Memoria_Instrucoes:comb_5|rom~903        ; Stuck at GND due to stuck port clock   ;
; Memoria_Instrucoes:comb_5|rom~904        ; Stuck at GND due to stuck port clock   ;
; Memoria_Instrucoes:comb_5|rom~905        ; Stuck at GND due to stuck port clock   ;
; Memoria_Instrucoes:comb_5|rom~906        ; Stuck at GND due to stuck port clock   ;
; Memoria_Instrucoes:comb_5|rom~907        ; Stuck at GND due to stuck port clock   ;
; Memoria_Instrucoes:comb_5|rom~908        ; Stuck at GND due to stuck port clock   ;
; Memoria_Instrucoes:comb_5|rom~909        ; Stuck at GND due to stuck port clock   ;
; Memoria_Instrucoes:comb_5|rom~910        ; Stuck at GND due to stuck port clock   ;
; Memoria_Instrucoes:comb_5|rom~911        ; Stuck at GND due to stuck port clock   ;
; Memoria_Instrucoes:comb_5|rom~912        ; Stuck at GND due to stuck port clock   ;
; Memoria_Instrucoes:comb_5|rom~913        ; Stuck at GND due to stuck port clock   ;
; Memoria_Instrucoes:comb_5|rom~914        ; Stuck at GND due to stuck port clock   ;
; Memoria_Instrucoes:comb_5|rom~915        ; Stuck at GND due to stuck port clock   ;
; Memoria_Instrucoes:comb_5|rom~916        ; Stuck at GND due to stuck port clock   ;
; Memoria_Instrucoes:comb_5|rom~917        ; Stuck at GND due to stuck port clock   ;
; Memoria_Instrucoes:comb_5|rom~918        ; Stuck at GND due to stuck port clock   ;
; Memoria_Instrucoes:comb_5|rom~919        ; Stuck at GND due to stuck port clock   ;
; Memoria_Instrucoes:comb_5|rom~920        ; Stuck at GND due to stuck port clock   ;
; Memoria_Instrucoes:comb_5|rom~921        ; Stuck at GND due to stuck port clock   ;
; Memoria_Instrucoes:comb_5|rom~922        ; Stuck at GND due to stuck port clock   ;
; Memoria_Instrucoes:comb_5|rom~923        ; Stuck at GND due to stuck port clock   ;
; Memoria_Instrucoes:comb_5|rom~924        ; Stuck at GND due to stuck port clock   ;
; Memoria_Instrucoes:comb_5|rom~925        ; Stuck at GND due to stuck port clock   ;
; Memoria_Instrucoes:comb_5|rom~926        ; Stuck at GND due to stuck port clock   ;
; Memoria_Instrucoes:comb_5|rom~927        ; Stuck at GND due to stuck port clock   ;
; Memoria_Instrucoes:comb_5|rom~928        ; Stuck at GND due to stuck port clock   ;
; Memoria_Instrucoes:comb_5|rom~929        ; Stuck at GND due to stuck port clock   ;
; Memoria_Instrucoes:comb_5|rom~930        ; Stuck at GND due to stuck port clock   ;
; Memoria_Instrucoes:comb_5|rom~931        ; Stuck at GND due to stuck port clock   ;
; Memoria_Instrucoes:comb_5|rom~932        ; Stuck at GND due to stuck port clock   ;
; Memoria_Instrucoes:comb_5|rom~933        ; Stuck at GND due to stuck port clock   ;
; Memoria_Instrucoes:comb_5|rom~934        ; Stuck at GND due to stuck port clock   ;
; Memoria_Instrucoes:comb_5|rom~935        ; Stuck at GND due to stuck port clock   ;
; Memoria_Instrucoes:comb_5|rom~936        ; Stuck at GND due to stuck port clock   ;
; Memoria_Instrucoes:comb_5|rom~937        ; Stuck at GND due to stuck port clock   ;
; Memoria_Instrucoes:comb_5|rom~938        ; Stuck at GND due to stuck port clock   ;
; Memoria_Instrucoes:comb_5|rom~939        ; Stuck at GND due to stuck port clock   ;
; Memoria_Instrucoes:comb_5|rom~940        ; Stuck at GND due to stuck port clock   ;
; Memoria_Instrucoes:comb_5|rom~941        ; Stuck at GND due to stuck port clock   ;
; Memoria_Instrucoes:comb_5|rom~942        ; Stuck at GND due to stuck port clock   ;
; Memoria_Instrucoes:comb_5|rom~943        ; Stuck at GND due to stuck port clock   ;
; Memoria_Instrucoes:comb_5|rom~944        ; Stuck at GND due to stuck port clock   ;
; Memoria_Instrucoes:comb_5|rom~945        ; Stuck at GND due to stuck port clock   ;
; Memoria_Instrucoes:comb_5|rom~946        ; Stuck at GND due to stuck port clock   ;
; Memoria_Instrucoes:comb_5|rom~947        ; Stuck at GND due to stuck port clock   ;
; Memoria_Instrucoes:comb_5|rom~948        ; Stuck at GND due to stuck port clock   ;
; Memoria_Instrucoes:comb_5|rom~949        ; Stuck at GND due to stuck port clock   ;
; Memoria_Instrucoes:comb_5|rom~950        ; Stuck at GND due to stuck port clock   ;
; Memoria_Instrucoes:comb_5|rom~951        ; Stuck at GND due to stuck port clock   ;
; Memoria_Instrucoes:comb_5|rom~952        ; Stuck at GND due to stuck port clock   ;
; Memoria_Instrucoes:comb_5|rom~953        ; Stuck at GND due to stuck port clock   ;
; Memoria_Instrucoes:comb_5|rom~954        ; Stuck at GND due to stuck port clock   ;
; Memoria_Instrucoes:comb_5|rom~955        ; Stuck at GND due to stuck port clock   ;
; Memoria_Instrucoes:comb_5|rom~956        ; Stuck at GND due to stuck port clock   ;
; Memoria_Instrucoes:comb_5|rom~957        ; Stuck at GND due to stuck port clock   ;
; Memoria_Instrucoes:comb_5|rom~958        ; Stuck at GND due to stuck port clock   ;
; Memoria_Instrucoes:comb_5|rom~959        ; Stuck at GND due to stuck port clock   ;
; Memoria_Instrucoes:comb_5|rom~960        ; Stuck at GND due to stuck port clock   ;
; Memoria_Instrucoes:comb_5|rom~961        ; Stuck at GND due to stuck port clock   ;
; Memoria_Instrucoes:comb_5|rom~962        ; Stuck at GND due to stuck port clock   ;
; Memoria_Instrucoes:comb_5|rom~963        ; Stuck at GND due to stuck port clock   ;
; Memoria_Instrucoes:comb_5|rom~964        ; Stuck at GND due to stuck port clock   ;
; Memoria_Instrucoes:comb_5|rom~965        ; Stuck at GND due to stuck port clock   ;
; Memoria_Instrucoes:comb_5|rom~966        ; Stuck at GND due to stuck port clock   ;
; Memoria_Instrucoes:comb_5|rom~967        ; Stuck at GND due to stuck port clock   ;
; Memoria_Instrucoes:comb_5|rom~968        ; Stuck at GND due to stuck port clock   ;
; Memoria_Instrucoes:comb_5|rom~969        ; Stuck at GND due to stuck port clock   ;
; Memoria_Instrucoes:comb_5|rom~970        ; Stuck at GND due to stuck port clock   ;
; Memoria_Instrucoes:comb_5|rom~971        ; Stuck at GND due to stuck port clock   ;
; Memoria_Instrucoes:comb_5|rom~972        ; Stuck at GND due to stuck port clock   ;
; Memoria_Instrucoes:comb_5|rom~973        ; Stuck at GND due to stuck port clock   ;
; Memoria_Instrucoes:comb_5|rom~974        ; Stuck at GND due to stuck port clock   ;
; Memoria_Instrucoes:comb_5|rom~975        ; Stuck at GND due to stuck port clock   ;
; Memoria_Instrucoes:comb_5|rom~976        ; Stuck at GND due to stuck port clock   ;
; Memoria_Instrucoes:comb_5|rom~977        ; Stuck at GND due to stuck port clock   ;
; Memoria_Instrucoes:comb_5|rom~978        ; Stuck at GND due to stuck port clock   ;
; Memoria_Instrucoes:comb_5|rom~979        ; Stuck at GND due to stuck port clock   ;
; Memoria_Instrucoes:comb_5|rom~980        ; Stuck at GND due to stuck port clock   ;
; Memoria_Instrucoes:comb_5|rom~981        ; Stuck at GND due to stuck port clock   ;
; Memoria_Instrucoes:comb_5|rom~982        ; Stuck at GND due to stuck port clock   ;
; Memoria_Instrucoes:comb_5|rom~983        ; Stuck at GND due to stuck port clock   ;
; Memoria_Instrucoes:comb_5|rom~984        ; Stuck at GND due to stuck port clock   ;
; Memoria_Instrucoes:comb_5|rom~985        ; Stuck at GND due to stuck port clock   ;
; Memoria_Instrucoes:comb_5|rom~986        ; Stuck at GND due to stuck port clock   ;
; Memoria_Instrucoes:comb_5|rom~987        ; Stuck at GND due to stuck port clock   ;
; Memoria_Instrucoes:comb_5|rom~988        ; Stuck at GND due to stuck port clock   ;
; Memoria_Instrucoes:comb_5|rom~989        ; Stuck at GND due to stuck port clock   ;
; Memoria_Instrucoes:comb_5|rom~990        ; Stuck at GND due to stuck port clock   ;
; Memoria_Instrucoes:comb_5|rom~991        ; Stuck at GND due to stuck port clock   ;
; Memoria_Instrucoes:comb_5|rom~992        ; Stuck at GND due to stuck port clock   ;
; Memoria_Instrucoes:comb_5|rom~993        ; Stuck at GND due to stuck port clock   ;
; Memoria_Instrucoes:comb_5|rom~994        ; Stuck at GND due to stuck port clock   ;
; Memoria_Instrucoes:comb_5|rom~995        ; Stuck at GND due to stuck port clock   ;
; Memoria_Instrucoes:comb_5|rom~996        ; Stuck at GND due to stuck port clock   ;
; Memoria_Instrucoes:comb_5|rom~997        ; Stuck at GND due to stuck port clock   ;
; Memoria_Instrucoes:comb_5|rom~998        ; Stuck at GND due to stuck port clock   ;
; Memoria_Instrucoes:comb_5|rom~999        ; Stuck at GND due to stuck port clock   ;
; Memoria_Instrucoes:comb_5|rom~1000       ; Stuck at GND due to stuck port clock   ;
; Memoria_Instrucoes:comb_5|rom~1001       ; Stuck at GND due to stuck port clock   ;
; Memoria_Instrucoes:comb_5|rom~1002       ; Stuck at GND due to stuck port clock   ;
; Memoria_Instrucoes:comb_5|rom~1003       ; Stuck at GND due to stuck port clock   ;
; Memoria_Instrucoes:comb_5|rom~1004       ; Stuck at GND due to stuck port clock   ;
; Memoria_Instrucoes:comb_5|rom~1005       ; Stuck at GND due to stuck port clock   ;
; Memoria_Instrucoes:comb_5|rom~1006       ; Stuck at GND due to stuck port clock   ;
; Memoria_Instrucoes:comb_5|rom~1007       ; Stuck at GND due to stuck port clock   ;
; Memoria_Instrucoes:comb_5|rom~1008       ; Stuck at GND due to stuck port clock   ;
; Memoria_Instrucoes:comb_5|rom~1009       ; Stuck at GND due to stuck port clock   ;
; Memoria_Instrucoes:comb_5|rom~1010       ; Stuck at GND due to stuck port clock   ;
; Memoria_Instrucoes:comb_5|rom~1011       ; Stuck at GND due to stuck port clock   ;
; Memoria_Instrucoes:comb_5|rom~1012       ; Stuck at GND due to stuck port clock   ;
; Memoria_Instrucoes:comb_5|rom~1013       ; Stuck at GND due to stuck port clock   ;
; Memoria_Instrucoes:comb_5|rom~1014       ; Stuck at GND due to stuck port clock   ;
; Memoria_Instrucoes:comb_5|rom~1015       ; Stuck at GND due to stuck port clock   ;
; Memoria_Instrucoes:comb_5|rom~1016       ; Stuck at GND due to stuck port clock   ;
; Memoria_Instrucoes:comb_5|rom~1017       ; Stuck at GND due to stuck port clock   ;
; Memoria_Instrucoes:comb_5|rom~1018       ; Stuck at GND due to stuck port clock   ;
; Memoria_Instrucoes:comb_5|rom~1019       ; Stuck at GND due to stuck port clock   ;
; Memoria_Instrucoes:comb_5|rom~1020       ; Stuck at GND due to stuck port clock   ;
; Memoria_Instrucoes:comb_5|rom~1021       ; Stuck at GND due to stuck port clock   ;
; Memoria_Instrucoes:comb_5|rom~1022       ; Stuck at GND due to stuck port clock   ;
; Memoria_Instrucoes:comb_5|rom~1023       ; Stuck at GND due to stuck port clock   ;
; Memoria_Instrucoes:comb_5|rom~1024       ; Stuck at GND due to stuck port clock   ;
; Memoria_Instrucoes:comb_5|rom~1025       ; Stuck at GND due to stuck port clock   ;
; Memoria_Instrucoes:comb_5|rom~1026       ; Stuck at GND due to stuck port clock   ;
; Memoria_Instrucoes:comb_5|rom~1027       ; Stuck at GND due to stuck port clock   ;
; Memoria_Instrucoes:comb_5|rom~1028       ; Stuck at GND due to stuck port clock   ;
; Memoria_Instrucoes:comb_5|rom~1029       ; Stuck at GND due to stuck port clock   ;
; Memoria_Instrucoes:comb_5|rom~1030       ; Stuck at GND due to stuck port clock   ;
; Memoria_Instrucoes:comb_5|rom~1031       ; Stuck at GND due to stuck port clock   ;
; Memoria_Instrucoes:comb_5|rom~1032       ; Stuck at GND due to stuck port clock   ;
; Memoria_Instrucoes:comb_5|rom~1033       ; Stuck at GND due to stuck port clock   ;
; Memoria_Instrucoes:comb_5|rom~1034       ; Stuck at GND due to stuck port clock   ;
; Memoria_Instrucoes:comb_5|rom~1035       ; Stuck at GND due to stuck port clock   ;
; Memoria_Instrucoes:comb_5|rom~1036       ; Stuck at GND due to stuck port clock   ;
; Memoria_Instrucoes:comb_5|rom~1037       ; Stuck at GND due to stuck port clock   ;
; Memoria_Instrucoes:comb_5|rom~1038       ; Stuck at GND due to stuck port clock   ;
; Memoria_Instrucoes:comb_5|rom~1039       ; Stuck at GND due to stuck port clock   ;
; Memoria_Instrucoes:comb_5|rom~1040       ; Stuck at GND due to stuck port clock   ;
; Memoria_Instrucoes:comb_5|rom~1041       ; Stuck at GND due to stuck port clock   ;
; Memoria_Instrucoes:comb_5|rom~1042       ; Stuck at GND due to stuck port clock   ;
; Memoria_Instrucoes:comb_5|rom~1043       ; Stuck at GND due to stuck port clock   ;
; Memoria_Instrucoes:comb_5|rom~1044       ; Stuck at GND due to stuck port clock   ;
; Memoria_Instrucoes:comb_5|rom~1045       ; Stuck at GND due to stuck port clock   ;
; Memoria_Instrucoes:comb_5|rom~1046       ; Stuck at GND due to stuck port clock   ;
; Memoria_Instrucoes:comb_5|rom~1047       ; Stuck at GND due to stuck port clock   ;
; Memoria_Instrucoes:comb_5|rom~1048       ; Stuck at GND due to stuck port clock   ;
; Memoria_Instrucoes:comb_5|rom~1049       ; Stuck at GND due to stuck port clock   ;
; Memoria_Instrucoes:comb_5|rom~1050       ; Stuck at GND due to stuck port clock   ;
; Memoria_Instrucoes:comb_5|rom~1051       ; Stuck at GND due to stuck port clock   ;
; Memoria_Instrucoes:comb_5|rom~1052       ; Stuck at GND due to stuck port clock   ;
; Memoria_Instrucoes:comb_5|rom~1053       ; Stuck at GND due to stuck port clock   ;
; Memoria_Instrucoes:comb_5|rom~1054       ; Stuck at GND due to stuck port clock   ;
; Memoria_Instrucoes:comb_5|rom~1055       ; Stuck at GND due to stuck port clock   ;
; Memoria_Instrucoes:comb_5|rom~1056       ; Stuck at GND due to stuck port clock   ;
; Memoria_Instrucoes:comb_5|rom~1057       ; Stuck at GND due to stuck port clock   ;
; Memoria_Instrucoes:comb_5|rom~1058       ; Stuck at GND due to stuck port clock   ;
; Memoria_Instrucoes:comb_5|rom~1059       ; Stuck at GND due to stuck port clock   ;
; Memoria_Instrucoes:comb_5|rom~1060       ; Stuck at GND due to stuck port clock   ;
; Memoria_Instrucoes:comb_5|rom~1061       ; Stuck at GND due to stuck port clock   ;
; Memoria_Instrucoes:comb_5|rom~1062       ; Stuck at GND due to stuck port clock   ;
; Memoria_Instrucoes:comb_5|rom~1063       ; Stuck at GND due to stuck port clock   ;
; Memoria_Instrucoes:comb_5|rom~1064       ; Stuck at GND due to stuck port clock   ;
; Memoria_Instrucoes:comb_5|rom~1065       ; Stuck at GND due to stuck port clock   ;
; Memoria_Instrucoes:comb_5|rom~1066       ; Stuck at GND due to stuck port clock   ;
; Memoria_Instrucoes:comb_5|rom~1067       ; Stuck at GND due to stuck port clock   ;
; Memoria_Instrucoes:comb_5|rom~1068       ; Stuck at GND due to stuck port clock   ;
; Memoria_Instrucoes:comb_5|rom~1069       ; Stuck at GND due to stuck port clock   ;
; Memoria_Instrucoes:comb_5|rom~1070       ; Stuck at GND due to stuck port clock   ;
; Memoria_Instrucoes:comb_5|rom~1071       ; Stuck at GND due to stuck port clock   ;
; Memoria_Instrucoes:comb_5|rom~1072       ; Stuck at GND due to stuck port clock   ;
; Memoria_Instrucoes:comb_5|rom~1073       ; Stuck at GND due to stuck port clock   ;
; Memoria_Instrucoes:comb_5|rom~1074       ; Stuck at GND due to stuck port clock   ;
; Memoria_Instrucoes:comb_5|rom~1075       ; Stuck at GND due to stuck port clock   ;
; Memoria_Instrucoes:comb_5|rom~1076       ; Stuck at GND due to stuck port clock   ;
; Memoria_Instrucoes:comb_5|rom~1077       ; Stuck at GND due to stuck port clock   ;
; Memoria_Instrucoes:comb_5|rom~1078       ; Stuck at GND due to stuck port clock   ;
; Memoria_Instrucoes:comb_5|rom~1079       ; Stuck at GND due to stuck port clock   ;
; Memoria_Instrucoes:comb_5|rom~1080       ; Stuck at GND due to stuck port clock   ;
; Memoria_Instrucoes:comb_5|rom~1081       ; Stuck at GND due to stuck port clock   ;
; Memoria_Instrucoes:comb_5|rom~1082       ; Stuck at GND due to stuck port clock   ;
; Memoria_Instrucoes:comb_5|rom~1083       ; Stuck at GND due to stuck port clock   ;
; Memoria_Instrucoes:comb_5|rom~1084       ; Stuck at GND due to stuck port clock   ;
; Memoria_Instrucoes:comb_5|rom~1085       ; Stuck at GND due to stuck port clock   ;
; Memoria_Instrucoes:comb_5|rom~1086       ; Stuck at GND due to stuck port clock   ;
; Memoria_Instrucoes:comb_5|rom~1087       ; Stuck at GND due to stuck port clock   ;
; Memoria_Instrucoes:comb_5|rom~1088       ; Stuck at GND due to stuck port clock   ;
; Memoria_Instrucoes:comb_5|rom~1089       ; Stuck at GND due to stuck port clock   ;
; Memoria_Instrucoes:comb_5|rom~1090       ; Stuck at GND due to stuck port clock   ;
; Memoria_Instrucoes:comb_5|rom~1091       ; Stuck at GND due to stuck port clock   ;
; Memoria_Instrucoes:comb_5|rom~1092       ; Stuck at GND due to stuck port clock   ;
; Memoria_Instrucoes:comb_5|rom~1093       ; Stuck at GND due to stuck port clock   ;
; Memoria_Instrucoes:comb_5|rom~1094       ; Stuck at GND due to stuck port clock   ;
; Memoria_Instrucoes:comb_5|rom~1095       ; Stuck at GND due to stuck port clock   ;
; Memoria_Instrucoes:comb_5|rom~1096       ; Stuck at GND due to stuck port clock   ;
; Memoria_Instrucoes:comb_5|rom~1097       ; Stuck at GND due to stuck port clock   ;
; Memoria_Instrucoes:comb_5|rom~1098       ; Stuck at GND due to stuck port clock   ;
; Memoria_Instrucoes:comb_5|rom~1099       ; Stuck at GND due to stuck port clock   ;
; Memoria_Instrucoes:comb_5|rom~1100       ; Stuck at GND due to stuck port clock   ;
; Memoria_Instrucoes:comb_5|rom~1101       ; Stuck at GND due to stuck port clock   ;
; Memoria_Instrucoes:comb_5|rom~1102       ; Stuck at GND due to stuck port clock   ;
; Memoria_Instrucoes:comb_5|rom~1103       ; Stuck at GND due to stuck port clock   ;
; Memoria_Instrucoes:comb_5|rom~1104       ; Stuck at GND due to stuck port clock   ;
; Memoria_Instrucoes:comb_5|rom~1105       ; Stuck at GND due to stuck port clock   ;
; Memoria_Instrucoes:comb_5|rom~1106       ; Stuck at GND due to stuck port clock   ;
; Memoria_Instrucoes:comb_5|rom~1107       ; Stuck at GND due to stuck port clock   ;
; Memoria_Instrucoes:comb_5|rom~1108       ; Stuck at GND due to stuck port clock   ;
; Memoria_Instrucoes:comb_5|rom~1109       ; Stuck at GND due to stuck port clock   ;
; Memoria_Instrucoes:comb_5|rom~1110       ; Stuck at GND due to stuck port clock   ;
; Memoria_Instrucoes:comb_5|rom~1111       ; Stuck at GND due to stuck port clock   ;
; Memoria_Instrucoes:comb_5|rom~1112       ; Stuck at GND due to stuck port clock   ;
; Memoria_Instrucoes:comb_5|rom~1113       ; Stuck at GND due to stuck port clock   ;
; Memoria_Instrucoes:comb_5|rom~1114       ; Stuck at GND due to stuck port clock   ;
; Memoria_Instrucoes:comb_5|rom~1115       ; Stuck at GND due to stuck port clock   ;
; Memoria_Instrucoes:comb_5|rom~1116       ; Stuck at GND due to stuck port clock   ;
; Memoria_Instrucoes:comb_5|rom~1117       ; Stuck at GND due to stuck port clock   ;
; Memoria_Instrucoes:comb_5|rom~1118       ; Stuck at GND due to stuck port clock   ;
; Memoria_Instrucoes:comb_5|rom~1119       ; Stuck at GND due to stuck port clock   ;
; Memoria_Instrucoes:comb_5|rom~1120       ; Stuck at GND due to stuck port clock   ;
; Memoria_Instrucoes:comb_5|rom~1121       ; Stuck at GND due to stuck port clock   ;
; Memoria_Instrucoes:comb_5|rom~1122       ; Stuck at GND due to stuck port clock   ;
; Memoria_Instrucoes:comb_5|rom~1123       ; Stuck at GND due to stuck port clock   ;
; Memoria_Instrucoes:comb_5|rom~1124       ; Stuck at GND due to stuck port clock   ;
; Memoria_Instrucoes:comb_5|rom~1125       ; Stuck at GND due to stuck port clock   ;
; Memoria_Instrucoes:comb_5|rom~1126       ; Stuck at GND due to stuck port clock   ;
; Memoria_Instrucoes:comb_5|rom~1127       ; Stuck at GND due to stuck port clock   ;
; Memoria_Instrucoes:comb_5|rom~1128       ; Stuck at GND due to stuck port clock   ;
; Memoria_Instrucoes:comb_5|rom~1129       ; Stuck at GND due to stuck port clock   ;
; Memoria_Instrucoes:comb_5|rom~1130       ; Stuck at GND due to stuck port clock   ;
; Memoria_Instrucoes:comb_5|rom~1131       ; Stuck at GND due to stuck port clock   ;
; Memoria_Instrucoes:comb_5|rom~1132       ; Stuck at GND due to stuck port clock   ;
; Memoria_Instrucoes:comb_5|rom~1133       ; Stuck at GND due to stuck port clock   ;
; Memoria_Instrucoes:comb_5|rom~1134       ; Stuck at GND due to stuck port clock   ;
; Memoria_Instrucoes:comb_5|rom~1135       ; Stuck at GND due to stuck port clock   ;
; Memoria_Instrucoes:comb_5|rom~1136       ; Stuck at GND due to stuck port clock   ;
; Memoria_Instrucoes:comb_5|rom~1137       ; Stuck at GND due to stuck port clock   ;
; Memoria_Instrucoes:comb_5|rom~1138       ; Stuck at GND due to stuck port clock   ;
; Memoria_Instrucoes:comb_5|rom~1139       ; Stuck at GND due to stuck port clock   ;
; Memoria_Instrucoes:comb_5|rom~1140       ; Stuck at GND due to stuck port clock   ;
; Memoria_Instrucoes:comb_5|rom~1141       ; Stuck at GND due to stuck port clock   ;
; Memoria_Instrucoes:comb_5|rom~1142       ; Stuck at GND due to stuck port clock   ;
; Memoria_Instrucoes:comb_5|rom~1143       ; Stuck at GND due to stuck port clock   ;
; Memoria_Instrucoes:comb_5|rom~1144       ; Stuck at GND due to stuck port clock   ;
; Memoria_Instrucoes:comb_5|rom~1145       ; Stuck at GND due to stuck port clock   ;
; Memoria_Instrucoes:comb_5|rom~1146       ; Stuck at GND due to stuck port clock   ;
; Memoria_Instrucoes:comb_5|rom~1147       ; Stuck at GND due to stuck port clock   ;
; Memoria_Instrucoes:comb_5|rom~1148       ; Stuck at GND due to stuck port clock   ;
; Memoria_Instrucoes:comb_5|rom~1149       ; Stuck at GND due to stuck port clock   ;
; Memoria_Instrucoes:comb_5|rom~1150       ; Stuck at GND due to stuck port clock   ;
; Memoria_Instrucoes:comb_5|rom~1151       ; Stuck at GND due to stuck port clock   ;
; Memoria_Instrucoes:comb_5|rom~1152       ; Stuck at GND due to stuck port clock   ;
; Memoria_Instrucoes:comb_5|rom~1153       ; Stuck at GND due to stuck port clock   ;
; Memoria_Instrucoes:comb_5|rom~1154       ; Stuck at GND due to stuck port clock   ;
; Memoria_Instrucoes:comb_5|rom~1155       ; Stuck at GND due to stuck port clock   ;
; Memoria_Instrucoes:comb_5|rom~1156       ; Stuck at GND due to stuck port clock   ;
; Memoria_Instrucoes:comb_5|rom~1157       ; Stuck at GND due to stuck port clock   ;
; Memoria_Instrucoes:comb_5|rom~1158       ; Stuck at GND due to stuck port clock   ;
; Memoria_Instrucoes:comb_5|rom~1159       ; Stuck at GND due to stuck port clock   ;
; Memoria_Instrucoes:comb_5|rom~1160       ; Stuck at GND due to stuck port clock   ;
; Memoria_Instrucoes:comb_5|rom~1161       ; Stuck at GND due to stuck port clock   ;
; Memoria_Instrucoes:comb_5|rom~1162       ; Stuck at GND due to stuck port clock   ;
; Memoria_Instrucoes:comb_5|rom~1163       ; Stuck at GND due to stuck port clock   ;
; Memoria_Instrucoes:comb_5|rom~1164       ; Stuck at GND due to stuck port clock   ;
; Memoria_Instrucoes:comb_5|rom~1165       ; Stuck at GND due to stuck port clock   ;
; Memoria_Instrucoes:comb_5|rom~1166       ; Stuck at GND due to stuck port clock   ;
; Memoria_Instrucoes:comb_5|rom~1167       ; Stuck at GND due to stuck port clock   ;
; Memoria_Instrucoes:comb_5|rom~1168       ; Stuck at GND due to stuck port clock   ;
; Memoria_Instrucoes:comb_5|rom~1169       ; Stuck at GND due to stuck port clock   ;
; Memoria_Instrucoes:comb_5|rom~1170       ; Stuck at GND due to stuck port clock   ;
; Memoria_Instrucoes:comb_5|rom~1171       ; Stuck at GND due to stuck port clock   ;
; Memoria_Instrucoes:comb_5|rom~1172       ; Stuck at GND due to stuck port clock   ;
; Memoria_Instrucoes:comb_5|rom~1173       ; Stuck at GND due to stuck port clock   ;
; Memoria_Instrucoes:comb_5|rom~1174       ; Stuck at GND due to stuck port clock   ;
; Memoria_Instrucoes:comb_5|rom~1175       ; Stuck at GND due to stuck port clock   ;
; Memoria_Instrucoes:comb_5|rom~1176       ; Stuck at GND due to stuck port clock   ;
; Memoria_Instrucoes:comb_5|rom~1177       ; Stuck at GND due to stuck port clock   ;
; Memoria_Instrucoes:comb_5|rom~1178       ; Stuck at GND due to stuck port clock   ;
; Memoria_Instrucoes:comb_5|rom~1179       ; Stuck at GND due to stuck port clock   ;
; Memoria_Instrucoes:comb_5|rom~1180       ; Stuck at GND due to stuck port clock   ;
; Memoria_Instrucoes:comb_5|rom~1181       ; Stuck at GND due to stuck port clock   ;
; Memoria_Instrucoes:comb_5|rom~1182       ; Stuck at GND due to stuck port clock   ;
; Memoria_Instrucoes:comb_5|rom~1183       ; Stuck at GND due to stuck port clock   ;
; Memoria_Instrucoes:comb_5|rom~1184       ; Stuck at GND due to stuck port clock   ;
; Memoria_Instrucoes:comb_5|rom~1185       ; Stuck at GND due to stuck port clock   ;
; Memoria_Instrucoes:comb_5|rom~1186       ; Stuck at GND due to stuck port clock   ;
; Memoria_Instrucoes:comb_5|rom~1187       ; Stuck at GND due to stuck port clock   ;
; Memoria_Instrucoes:comb_5|rom~1188       ; Stuck at GND due to stuck port clock   ;
; Memoria_Instrucoes:comb_5|rom~1189       ; Stuck at GND due to stuck port clock   ;
; Memoria_Instrucoes:comb_5|rom~1190       ; Stuck at GND due to stuck port clock   ;
; Memoria_Instrucoes:comb_5|rom~1191       ; Stuck at GND due to stuck port clock   ;
; Memoria_Instrucoes:comb_5|rom~1192       ; Stuck at GND due to stuck port clock   ;
; Memoria_Instrucoes:comb_5|rom~1193       ; Stuck at GND due to stuck port clock   ;
; Memoria_Instrucoes:comb_5|rom~1194       ; Stuck at GND due to stuck port clock   ;
; Memoria_Instrucoes:comb_5|rom~1195       ; Stuck at GND due to stuck port clock   ;
; Memoria_Instrucoes:comb_5|rom~1196       ; Stuck at GND due to stuck port clock   ;
; Memoria_Instrucoes:comb_5|rom~1197       ; Stuck at GND due to stuck port clock   ;
; Memoria_Instrucoes:comb_5|rom~1198       ; Stuck at GND due to stuck port clock   ;
; Memoria_Instrucoes:comb_5|rom~1199       ; Stuck at GND due to stuck port clock   ;
; Memoria_Instrucoes:comb_5|rom~1200       ; Stuck at GND due to stuck port clock   ;
; Memoria_Instrucoes:comb_5|rom~1201       ; Stuck at GND due to stuck port clock   ;
; Memoria_Instrucoes:comb_5|rom~1202       ; Stuck at GND due to stuck port clock   ;
; Memoria_Instrucoes:comb_5|rom~1203       ; Stuck at GND due to stuck port clock   ;
; Memoria_Instrucoes:comb_5|rom~1204       ; Stuck at GND due to stuck port clock   ;
; Memoria_Instrucoes:comb_5|rom~1205       ; Stuck at GND due to stuck port clock   ;
; Memoria_Instrucoes:comb_5|rom~1206       ; Stuck at GND due to stuck port clock   ;
; Memoria_Instrucoes:comb_5|rom~1207       ; Stuck at GND due to stuck port clock   ;
; Memoria_Instrucoes:comb_5|rom~1208       ; Stuck at GND due to stuck port clock   ;
; Memoria_Instrucoes:comb_5|rom~1209       ; Stuck at GND due to stuck port clock   ;
; Memoria_Instrucoes:comb_5|rom~1210       ; Stuck at GND due to stuck port clock   ;
; Memoria_Instrucoes:comb_5|rom~1211       ; Stuck at GND due to stuck port clock   ;
; Memoria_Instrucoes:comb_5|rom~1212       ; Stuck at GND due to stuck port clock   ;
; Memoria_Instrucoes:comb_5|rom~1213       ; Stuck at GND due to stuck port clock   ;
; Memoria_Instrucoes:comb_5|rom~1214       ; Stuck at GND due to stuck port clock   ;
; Memoria_Instrucoes:comb_5|rom~1215       ; Stuck at GND due to stuck port clock   ;
; Memoria_Instrucoes:comb_5|rom~1216       ; Stuck at GND due to stuck port clock   ;
; Memoria_Instrucoes:comb_5|rom~1217       ; Stuck at GND due to stuck port clock   ;
; Memoria_Instrucoes:comb_5|rom~1218       ; Stuck at GND due to stuck port clock   ;
; Memoria_Instrucoes:comb_5|rom~1219       ; Stuck at GND due to stuck port clock   ;
; Memoria_Instrucoes:comb_5|rom~1220       ; Stuck at GND due to stuck port clock   ;
; Memoria_Instrucoes:comb_5|rom~1221       ; Stuck at GND due to stuck port clock   ;
; Memoria_Instrucoes:comb_5|rom~1222       ; Stuck at GND due to stuck port clock   ;
; Memoria_Instrucoes:comb_5|rom~1223       ; Stuck at GND due to stuck port clock   ;
; Memoria_Instrucoes:comb_5|rom~1224       ; Stuck at GND due to stuck port clock   ;
; Memoria_Instrucoes:comb_5|rom~1225       ; Stuck at GND due to stuck port clock   ;
; Memoria_Instrucoes:comb_5|rom~1226       ; Stuck at GND due to stuck port clock   ;
; Memoria_Instrucoes:comb_5|rom~1227       ; Stuck at GND due to stuck port clock   ;
; Memoria_Instrucoes:comb_5|rom~1228       ; Stuck at GND due to stuck port clock   ;
; Memoria_Instrucoes:comb_5|rom~1229       ; Stuck at GND due to stuck port clock   ;
; Memoria_Instrucoes:comb_5|rom~1230       ; Stuck at GND due to stuck port clock   ;
; Memoria_Instrucoes:comb_5|rom~1231       ; Stuck at GND due to stuck port clock   ;
; Memoria_Instrucoes:comb_5|rom~1232       ; Stuck at GND due to stuck port clock   ;
; Memoria_Instrucoes:comb_5|rom~1233       ; Stuck at GND due to stuck port clock   ;
; Memoria_Instrucoes:comb_5|rom~1234       ; Stuck at GND due to stuck port clock   ;
; Memoria_Instrucoes:comb_5|rom~1235       ; Stuck at GND due to stuck port clock   ;
; Memoria_Instrucoes:comb_5|rom~1236       ; Stuck at GND due to stuck port clock   ;
; Memoria_Instrucoes:comb_5|rom~1237       ; Stuck at GND due to stuck port clock   ;
; Memoria_Instrucoes:comb_5|rom~1238       ; Stuck at GND due to stuck port clock   ;
; Memoria_Instrucoes:comb_5|rom~1239       ; Stuck at GND due to stuck port clock   ;
; Memoria_Instrucoes:comb_5|rom~1240       ; Stuck at GND due to stuck port clock   ;
; Memoria_Instrucoes:comb_5|rom~1241       ; Stuck at GND due to stuck port clock   ;
; Memoria_Instrucoes:comb_5|rom~1242       ; Stuck at GND due to stuck port clock   ;
; Memoria_Instrucoes:comb_5|rom~1243       ; Stuck at GND due to stuck port clock   ;
; Memoria_Instrucoes:comb_5|rom~1244       ; Stuck at GND due to stuck port clock   ;
; Memoria_Instrucoes:comb_5|rom~1245       ; Stuck at GND due to stuck port clock   ;
; Memoria_Instrucoes:comb_5|rom~1246       ; Stuck at GND due to stuck port clock   ;
; Memoria_Instrucoes:comb_5|rom~1247       ; Stuck at GND due to stuck port clock   ;
; Memoria_Instrucoes:comb_5|rom~1248       ; Stuck at GND due to stuck port clock   ;
; Memoria_Instrucoes:comb_5|rom~1249       ; Stuck at GND due to stuck port clock   ;
; Memoria_Instrucoes:comb_5|rom~1250       ; Stuck at GND due to stuck port clock   ;
; Memoria_Instrucoes:comb_5|rom~1251       ; Stuck at GND due to stuck port clock   ;
; Memoria_Instrucoes:comb_5|rom~1252       ; Stuck at GND due to stuck port clock   ;
; Memoria_Instrucoes:comb_5|rom~1253       ; Stuck at GND due to stuck port clock   ;
; Memoria_Instrucoes:comb_5|rom~1254       ; Stuck at GND due to stuck port clock   ;
; Memoria_Instrucoes:comb_5|rom~1255       ; Stuck at GND due to stuck port clock   ;
; Memoria_Instrucoes:comb_5|rom~1256       ; Stuck at GND due to stuck port clock   ;
; Memoria_Instrucoes:comb_5|rom~1257       ; Stuck at GND due to stuck port clock   ;
; Memoria_Instrucoes:comb_5|rom~1258       ; Stuck at GND due to stuck port clock   ;
; Memoria_Instrucoes:comb_5|rom~1259       ; Stuck at GND due to stuck port clock   ;
; Memoria_Instrucoes:comb_5|rom~1260       ; Stuck at GND due to stuck port clock   ;
; Memoria_Instrucoes:comb_5|rom~1261       ; Stuck at GND due to stuck port clock   ;
; Memoria_Instrucoes:comb_5|rom~1262       ; Stuck at GND due to stuck port clock   ;
; Memoria_Instrucoes:comb_5|rom~1263       ; Stuck at GND due to stuck port clock   ;
; Memoria_Instrucoes:comb_5|rom~1264       ; Stuck at GND due to stuck port clock   ;
; Memoria_Instrucoes:comb_5|rom~1265       ; Stuck at GND due to stuck port clock   ;
; Memoria_Instrucoes:comb_5|rom~1266       ; Stuck at GND due to stuck port clock   ;
; Memoria_Instrucoes:comb_5|rom~1267       ; Stuck at GND due to stuck port clock   ;
; Memoria_Instrucoes:comb_5|rom~1268       ; Stuck at GND due to stuck port clock   ;
; Memoria_Instrucoes:comb_5|rom~1269       ; Stuck at GND due to stuck port clock   ;
; Memoria_Instrucoes:comb_5|rom~1270       ; Stuck at GND due to stuck port clock   ;
; Memoria_Instrucoes:comb_5|rom~1271       ; Stuck at GND due to stuck port clock   ;
; Memoria_Instrucoes:comb_5|rom~1272       ; Stuck at GND due to stuck port clock   ;
; Memoria_Instrucoes:comb_5|rom~1273       ; Stuck at GND due to stuck port clock   ;
; Memoria_Instrucoes:comb_5|rom~1274       ; Stuck at GND due to stuck port clock   ;
; Memoria_Instrucoes:comb_5|rom~1275       ; Stuck at GND due to stuck port clock   ;
; Memoria_Instrucoes:comb_5|rom~1276       ; Stuck at GND due to stuck port clock   ;
; Memoria_Instrucoes:comb_5|rom~1277       ; Stuck at GND due to stuck port clock   ;
; Memoria_Instrucoes:comb_5|rom~1278       ; Stuck at GND due to stuck port clock   ;
; Memoria_Instrucoes:comb_5|rom~1279       ; Stuck at GND due to stuck port clock   ;
; Memoria_Instrucoes:comb_5|rom~1280       ; Stuck at GND due to stuck port clock   ;
; Memoria_Instrucoes:comb_5|rom~1281       ; Stuck at GND due to stuck port clock   ;
; Memoria_Instrucoes:comb_5|rom~1282       ; Stuck at GND due to stuck port clock   ;
; Memoria_Instrucoes:comb_5|rom~1283       ; Stuck at GND due to stuck port clock   ;
; Memoria_Instrucoes:comb_5|rom~1284       ; Stuck at GND due to stuck port clock   ;
; Memoria_Instrucoes:comb_5|rom~1285       ; Stuck at GND due to stuck port clock   ;
; Memoria_Instrucoes:comb_5|rom~1286       ; Stuck at GND due to stuck port clock   ;
; Memoria_Instrucoes:comb_5|rom~1287       ; Stuck at GND due to stuck port clock   ;
; Memoria_Instrucoes:comb_5|rom~1288       ; Stuck at GND due to stuck port clock   ;
; Memoria_Instrucoes:comb_5|rom~1289       ; Stuck at GND due to stuck port clock   ;
; Memoria_Instrucoes:comb_5|rom~1290       ; Stuck at GND due to stuck port clock   ;
; Memoria_Instrucoes:comb_5|rom~1291       ; Stuck at GND due to stuck port clock   ;
; Memoria_Instrucoes:comb_5|rom~1292       ; Stuck at GND due to stuck port clock   ;
; Memoria_Instrucoes:comb_5|rom~1293       ; Stuck at GND due to stuck port clock   ;
; Memoria_Instrucoes:comb_5|rom~1294       ; Stuck at GND due to stuck port clock   ;
; Memoria_Instrucoes:comb_5|rom~1295       ; Stuck at GND due to stuck port clock   ;
; Memoria_Instrucoes:comb_5|rom~1296       ; Stuck at GND due to stuck port clock   ;
; Memoria_Instrucoes:comb_5|rom~1297       ; Stuck at GND due to stuck port clock   ;
; Memoria_Instrucoes:comb_5|rom~1298       ; Stuck at GND due to stuck port clock   ;
; Memoria_Instrucoes:comb_5|rom~1299       ; Stuck at GND due to stuck port clock   ;
; Memoria_Instrucoes:comb_5|rom~1300       ; Stuck at GND due to stuck port clock   ;
; Memoria_Instrucoes:comb_5|rom~1301       ; Stuck at GND due to stuck port clock   ;
; Memoria_Instrucoes:comb_5|rom~1302       ; Stuck at GND due to stuck port clock   ;
; Memoria_Instrucoes:comb_5|rom~1303       ; Stuck at GND due to stuck port clock   ;
; Memoria_Instrucoes:comb_5|rom~1304       ; Stuck at GND due to stuck port clock   ;
; Memoria_Instrucoes:comb_5|rom~1305       ; Stuck at GND due to stuck port clock   ;
; Memoria_Instrucoes:comb_5|rom~1306       ; Stuck at GND due to stuck port clock   ;
; Memoria_Instrucoes:comb_5|rom~1307       ; Stuck at GND due to stuck port clock   ;
; Memoria_Instrucoes:comb_5|rom~1308       ; Stuck at GND due to stuck port clock   ;
; Memoria_Instrucoes:comb_5|rom~1309       ; Stuck at GND due to stuck port clock   ;
; Memoria_Instrucoes:comb_5|rom~1310       ; Stuck at GND due to stuck port clock   ;
; Memoria_Instrucoes:comb_5|rom~1311       ; Stuck at GND due to stuck port clock   ;
; Memoria_Instrucoes:comb_5|rom~1312       ; Stuck at GND due to stuck port clock   ;
; Memoria_Instrucoes:comb_5|rom~1313       ; Stuck at GND due to stuck port clock   ;
; Memoria_Instrucoes:comb_5|rom~1314       ; Stuck at GND due to stuck port clock   ;
; Memoria_Instrucoes:comb_5|rom~1315       ; Stuck at GND due to stuck port clock   ;
; Memoria_Instrucoes:comb_5|rom~1316       ; Stuck at GND due to stuck port clock   ;
; Memoria_Instrucoes:comb_5|rom~1317       ; Stuck at GND due to stuck port clock   ;
; Memoria_Instrucoes:comb_5|rom~1318       ; Stuck at GND due to stuck port clock   ;
; Memoria_Instrucoes:comb_5|rom~1319       ; Stuck at GND due to stuck port clock   ;
; Memoria_Instrucoes:comb_5|rom~1320       ; Stuck at GND due to stuck port clock   ;
; Memoria_Instrucoes:comb_5|rom~1321       ; Stuck at GND due to stuck port clock   ;
; Memoria_Instrucoes:comb_5|rom~1322       ; Stuck at GND due to stuck port clock   ;
; Memoria_Instrucoes:comb_5|rom~1323       ; Stuck at GND due to stuck port clock   ;
; Memoria_Instrucoes:comb_5|rom~1324       ; Stuck at GND due to stuck port clock   ;
; Memoria_Instrucoes:comb_5|rom~1325       ; Stuck at GND due to stuck port clock   ;
; Memoria_Instrucoes:comb_5|rom~1326       ; Stuck at GND due to stuck port clock   ;
; Memoria_Instrucoes:comb_5|rom~1327       ; Stuck at GND due to stuck port clock   ;
; Memoria_Instrucoes:comb_5|rom~1328       ; Stuck at GND due to stuck port clock   ;
; Memoria_Instrucoes:comb_5|rom~1329       ; Stuck at GND due to stuck port clock   ;
; Memoria_Instrucoes:comb_5|rom~1330       ; Stuck at GND due to stuck port clock   ;
; Memoria_Instrucoes:comb_5|rom~1331       ; Stuck at GND due to stuck port clock   ;
; Memoria_Instrucoes:comb_5|rom~1332       ; Stuck at GND due to stuck port clock   ;
; Memoria_Instrucoes:comb_5|rom~1333       ; Stuck at GND due to stuck port clock   ;
; Memoria_Instrucoes:comb_5|rom~1334       ; Stuck at GND due to stuck port clock   ;
; Memoria_Instrucoes:comb_5|rom~1335       ; Stuck at GND due to stuck port clock   ;
; Memoria_Instrucoes:comb_5|rom~1336       ; Stuck at GND due to stuck port clock   ;
; Memoria_Instrucoes:comb_5|rom~1337       ; Stuck at GND due to stuck port clock   ;
; Memoria_Instrucoes:comb_5|rom~1338       ; Stuck at GND due to stuck port clock   ;
; Memoria_Instrucoes:comb_5|rom~1339       ; Stuck at GND due to stuck port clock   ;
; Memoria_Instrucoes:comb_5|rom~1340       ; Stuck at GND due to stuck port clock   ;
; Memoria_Instrucoes:comb_5|rom~1341       ; Stuck at GND due to stuck port clock   ;
; Memoria_Instrucoes:comb_5|rom~1342       ; Stuck at GND due to stuck port clock   ;
; Memoria_Instrucoes:comb_5|rom~1343       ; Stuck at GND due to stuck port clock   ;
; Memoria_Instrucoes:comb_5|rom~1344       ; Stuck at GND due to stuck port clock   ;
; Memoria_Instrucoes:comb_5|rom~1345       ; Stuck at GND due to stuck port clock   ;
; Memoria_Instrucoes:comb_5|rom~1346       ; Stuck at GND due to stuck port clock   ;
; Memoria_Instrucoes:comb_5|rom~1347       ; Stuck at GND due to stuck port clock   ;
; Memoria_Instrucoes:comb_5|rom~1348       ; Stuck at GND due to stuck port clock   ;
; Memoria_Instrucoes:comb_5|rom~1349       ; Stuck at GND due to stuck port clock   ;
; Memoria_Instrucoes:comb_5|rom~1350       ; Stuck at GND due to stuck port clock   ;
; Memoria_Instrucoes:comb_5|rom~1351       ; Stuck at GND due to stuck port clock   ;
; Memoria_Instrucoes:comb_5|rom~1352       ; Stuck at GND due to stuck port clock   ;
; Memoria_Instrucoes:comb_5|rom~1353       ; Stuck at GND due to stuck port clock   ;
; Memoria_Instrucoes:comb_5|rom~1354       ; Stuck at GND due to stuck port clock   ;
; Memoria_Instrucoes:comb_5|rom~1355       ; Stuck at GND due to stuck port clock   ;
; Memoria_Instrucoes:comb_5|rom~1356       ; Stuck at GND due to stuck port clock   ;
; Memoria_Instrucoes:comb_5|rom~1357       ; Stuck at GND due to stuck port clock   ;
; Memoria_Instrucoes:comb_5|rom~1358       ; Stuck at GND due to stuck port clock   ;
; Memoria_Instrucoes:comb_5|rom~1359       ; Stuck at GND due to stuck port clock   ;
; Memoria_Instrucoes:comb_5|rom~1360       ; Stuck at GND due to stuck port clock   ;
; Memoria_Instrucoes:comb_5|rom~1361       ; Stuck at GND due to stuck port clock   ;
; Memoria_Instrucoes:comb_5|rom~1362       ; Stuck at GND due to stuck port clock   ;
; Memoria_Instrucoes:comb_5|rom~1363       ; Stuck at GND due to stuck port clock   ;
; Memoria_Instrucoes:comb_5|rom~1364       ; Stuck at GND due to stuck port clock   ;
; Memoria_Instrucoes:comb_5|rom~1365       ; Stuck at GND due to stuck port clock   ;
; Memoria_Instrucoes:comb_5|rom~1366       ; Stuck at GND due to stuck port clock   ;
; Memoria_Instrucoes:comb_5|rom~1367       ; Stuck at GND due to stuck port clock   ;
; Memoria_Instrucoes:comb_5|rom~1368       ; Stuck at GND due to stuck port clock   ;
; Memoria_Instrucoes:comb_5|rom~1369       ; Stuck at GND due to stuck port clock   ;
; Memoria_Instrucoes:comb_5|rom~1370       ; Stuck at GND due to stuck port clock   ;
; Memoria_Instrucoes:comb_5|rom~1371       ; Stuck at GND due to stuck port clock   ;
; Memoria_Instrucoes:comb_5|rom~1372       ; Stuck at GND due to stuck port clock   ;
; Memoria_Instrucoes:comb_5|rom~1373       ; Stuck at GND due to stuck port clock   ;
; Memoria_Instrucoes:comb_5|rom~1374       ; Stuck at GND due to stuck port clock   ;
; Memoria_Instrucoes:comb_5|rom~1375       ; Stuck at GND due to stuck port clock   ;
; Memoria_Instrucoes:comb_5|rom~1376       ; Stuck at GND due to stuck port clock   ;
; Memoria_Instrucoes:comb_5|rom~1377       ; Stuck at GND due to stuck port clock   ;
; Memoria_Instrucoes:comb_5|rom~1378       ; Stuck at GND due to stuck port clock   ;
; Memoria_Instrucoes:comb_5|rom~1379       ; Stuck at GND due to stuck port clock   ;
; Memoria_Instrucoes:comb_5|rom~1380       ; Stuck at GND due to stuck port clock   ;
; Memoria_Instrucoes:comb_5|rom~1381       ; Stuck at GND due to stuck port clock   ;
; Memoria_Instrucoes:comb_5|rom~1382       ; Stuck at GND due to stuck port clock   ;
; Memoria_Instrucoes:comb_5|rom~1383       ; Stuck at GND due to stuck port clock   ;
; Memoria_Instrucoes:comb_5|rom~1384       ; Stuck at GND due to stuck port clock   ;
; Memoria_Instrucoes:comb_5|rom~1385       ; Stuck at GND due to stuck port clock   ;
; Memoria_Instrucoes:comb_5|rom~1386       ; Stuck at GND due to stuck port clock   ;
; Memoria_Instrucoes:comb_5|rom~1387       ; Stuck at GND due to stuck port clock   ;
; Memoria_Instrucoes:comb_5|rom~1388       ; Stuck at GND due to stuck port clock   ;
; Memoria_Instrucoes:comb_5|rom~1389       ; Stuck at GND due to stuck port clock   ;
; Memoria_Instrucoes:comb_5|rom~1390       ; Stuck at GND due to stuck port clock   ;
; Memoria_Instrucoes:comb_5|rom~1391       ; Stuck at GND due to stuck port clock   ;
; Memoria_Instrucoes:comb_5|rom~1392       ; Stuck at GND due to stuck port clock   ;
; Memoria_Instrucoes:comb_5|rom~1393       ; Stuck at GND due to stuck port clock   ;
; Memoria_Instrucoes:comb_5|rom~1394       ; Stuck at GND due to stuck port clock   ;
; Memoria_Instrucoes:comb_5|rom~1395       ; Stuck at GND due to stuck port clock   ;
; Memoria_Instrucoes:comb_5|rom~1396       ; Stuck at GND due to stuck port clock   ;
; Memoria_Instrucoes:comb_5|rom~1397       ; Stuck at GND due to stuck port clock   ;
; Memoria_Instrucoes:comb_5|rom~1398       ; Stuck at GND due to stuck port clock   ;
; Memoria_Instrucoes:comb_5|rom~1399       ; Stuck at GND due to stuck port clock   ;
; Memoria_Instrucoes:comb_5|rom~1400       ; Stuck at GND due to stuck port clock   ;
; Memoria_Instrucoes:comb_5|rom~1401       ; Stuck at GND due to stuck port clock   ;
; Memoria_Instrucoes:comb_5|rom~1402       ; Stuck at GND due to stuck port clock   ;
; Memoria_Instrucoes:comb_5|rom~1403       ; Stuck at GND due to stuck port clock   ;
; Memoria_Instrucoes:comb_5|rom~1404       ; Stuck at GND due to stuck port clock   ;
; Memoria_Instrucoes:comb_5|rom~1405       ; Stuck at GND due to stuck port clock   ;
; Memoria_Instrucoes:comb_5|rom~1406       ; Stuck at GND due to stuck port clock   ;
; Memoria_Instrucoes:comb_5|rom~1407       ; Stuck at GND due to stuck port clock   ;
; Memoria_Instrucoes:comb_5|rom~1408       ; Stuck at GND due to stuck port clock   ;
; Memoria_Instrucoes:comb_5|rom~1409       ; Stuck at GND due to stuck port clock   ;
; Memoria_Instrucoes:comb_5|rom~1410       ; Stuck at GND due to stuck port clock   ;
; Memoria_Instrucoes:comb_5|rom~1411       ; Stuck at GND due to stuck port clock   ;
; Memoria_Instrucoes:comb_5|rom~1412       ; Stuck at GND due to stuck port clock   ;
; Memoria_Instrucoes:comb_5|rom~1413       ; Stuck at GND due to stuck port clock   ;
; Memoria_Instrucoes:comb_5|rom~1414       ; Stuck at GND due to stuck port clock   ;
; Memoria_Instrucoes:comb_5|rom~1415       ; Stuck at GND due to stuck port clock   ;
; Memoria_Instrucoes:comb_5|rom~1416       ; Stuck at GND due to stuck port clock   ;
; Memoria_Instrucoes:comb_5|rom~1417       ; Stuck at GND due to stuck port clock   ;
; Memoria_Instrucoes:comb_5|rom~1418       ; Stuck at GND due to stuck port clock   ;
; Memoria_Instrucoes:comb_5|rom~1419       ; Stuck at GND due to stuck port clock   ;
; Memoria_Instrucoes:comb_5|rom~1420       ; Stuck at GND due to stuck port clock   ;
; Memoria_Instrucoes:comb_5|rom~1421       ; Stuck at GND due to stuck port clock   ;
; Memoria_Instrucoes:comb_5|rom~1422       ; Stuck at GND due to stuck port clock   ;
; Memoria_Instrucoes:comb_5|rom~1423       ; Stuck at GND due to stuck port clock   ;
; Memoria_Instrucoes:comb_5|rom~1424       ; Stuck at GND due to stuck port clock   ;
; Memoria_Instrucoes:comb_5|rom~1425       ; Stuck at GND due to stuck port clock   ;
; Memoria_Instrucoes:comb_5|rom~1426       ; Stuck at GND due to stuck port clock   ;
; Memoria_Instrucoes:comb_5|rom~1427       ; Stuck at GND due to stuck port clock   ;
; Memoria_Instrucoes:comb_5|rom~1428       ; Stuck at GND due to stuck port clock   ;
; Memoria_Instrucoes:comb_5|rom~1429       ; Stuck at GND due to stuck port clock   ;
; Memoria_Instrucoes:comb_5|rom~1430       ; Stuck at GND due to stuck port clock   ;
; Memoria_Instrucoes:comb_5|rom~1431       ; Stuck at GND due to stuck port clock   ;
; Memoria_Instrucoes:comb_5|rom~1432       ; Stuck at GND due to stuck port clock   ;
; Memoria_Instrucoes:comb_5|rom~1433       ; Stuck at GND due to stuck port clock   ;
; Memoria_Instrucoes:comb_5|rom~1434       ; Stuck at GND due to stuck port clock   ;
; Memoria_Instrucoes:comb_5|rom~1435       ; Stuck at GND due to stuck port clock   ;
; Memoria_Instrucoes:comb_5|rom~1436       ; Stuck at GND due to stuck port clock   ;
; Memoria_Instrucoes:comb_5|rom~1437       ; Stuck at GND due to stuck port clock   ;
; Memoria_Instrucoes:comb_5|rom~1438       ; Stuck at GND due to stuck port clock   ;
; Memoria_Instrucoes:comb_5|rom~1439       ; Stuck at GND due to stuck port clock   ;
; Memoria_Instrucoes:comb_5|rom~1440       ; Stuck at GND due to stuck port clock   ;
; Memoria_Instrucoes:comb_5|rom~1441       ; Stuck at GND due to stuck port clock   ;
; Memoria_Instrucoes:comb_5|rom~1442       ; Stuck at GND due to stuck port clock   ;
; Memoria_Instrucoes:comb_5|rom~1443       ; Stuck at GND due to stuck port clock   ;
; Memoria_Instrucoes:comb_5|rom~1444       ; Stuck at GND due to stuck port clock   ;
; Memoria_Instrucoes:comb_5|rom~1445       ; Stuck at GND due to stuck port clock   ;
; Memoria_Instrucoes:comb_5|rom~1446       ; Stuck at GND due to stuck port clock   ;
; Memoria_Instrucoes:comb_5|rom~1447       ; Stuck at GND due to stuck port clock   ;
; Memoria_Instrucoes:comb_5|rom~1448       ; Stuck at GND due to stuck port clock   ;
; Memoria_Instrucoes:comb_5|rom~1449       ; Stuck at GND due to stuck port clock   ;
; Memoria_Instrucoes:comb_5|rom~1450       ; Stuck at GND due to stuck port clock   ;
; Memoria_Instrucoes:comb_5|rom~1451       ; Stuck at GND due to stuck port clock   ;
; Memoria_Instrucoes:comb_5|rom~1452       ; Stuck at GND due to stuck port clock   ;
; Memoria_Instrucoes:comb_5|rom~1453       ; Stuck at GND due to stuck port clock   ;
; Memoria_Instrucoes:comb_5|rom~1454       ; Stuck at GND due to stuck port clock   ;
; Memoria_Instrucoes:comb_5|rom~1455       ; Stuck at GND due to stuck port clock   ;
; Memoria_Instrucoes:comb_5|rom~1456       ; Stuck at GND due to stuck port clock   ;
; Memoria_Instrucoes:comb_5|rom~1457       ; Stuck at GND due to stuck port clock   ;
; Memoria_Instrucoes:comb_5|rom~1458       ; Stuck at GND due to stuck port clock   ;
; Memoria_Instrucoes:comb_5|rom~1459       ; Stuck at GND due to stuck port clock   ;
; Memoria_Instrucoes:comb_5|rom~1460       ; Stuck at GND due to stuck port clock   ;
; Memoria_Instrucoes:comb_5|rom~1461       ; Stuck at GND due to stuck port clock   ;
; Memoria_Instrucoes:comb_5|rom~1462       ; Stuck at GND due to stuck port clock   ;
; Memoria_Instrucoes:comb_5|rom~1463       ; Stuck at GND due to stuck port clock   ;
; Memoria_Instrucoes:comb_5|rom~1464       ; Stuck at GND due to stuck port clock   ;
; Memoria_Instrucoes:comb_5|rom~1465       ; Stuck at GND due to stuck port clock   ;
; Memoria_Instrucoes:comb_5|rom~1466       ; Stuck at GND due to stuck port clock   ;
; Memoria_Instrucoes:comb_5|rom~1467       ; Stuck at GND due to stuck port clock   ;
; Memoria_Instrucoes:comb_5|rom~1468       ; Stuck at GND due to stuck port clock   ;
; Memoria_Instrucoes:comb_5|rom~1469       ; Stuck at GND due to stuck port clock   ;
; Memoria_Instrucoes:comb_5|rom~1470       ; Stuck at GND due to stuck port clock   ;
; Memoria_Instrucoes:comb_5|rom~1471       ; Stuck at GND due to stuck port clock   ;
; Memoria_Instrucoes:comb_5|rom~1472       ; Stuck at GND due to stuck port clock   ;
; Memoria_Instrucoes:comb_5|rom~1473       ; Stuck at GND due to stuck port clock   ;
; Memoria_Instrucoes:comb_5|rom~1474       ; Stuck at GND due to stuck port clock   ;
; Memoria_Instrucoes:comb_5|rom~1475       ; Stuck at GND due to stuck port clock   ;
; Memoria_Instrucoes:comb_5|rom~1476       ; Stuck at GND due to stuck port clock   ;
; Memoria_Instrucoes:comb_5|rom~1477       ; Stuck at GND due to stuck port clock   ;
; Memoria_Instrucoes:comb_5|rom~1478       ; Stuck at GND due to stuck port clock   ;
; Memoria_Instrucoes:comb_5|rom~1479       ; Stuck at GND due to stuck port clock   ;
; Memoria_Instrucoes:comb_5|rom~1480       ; Stuck at GND due to stuck port clock   ;
; Memoria_Instrucoes:comb_5|rom~1481       ; Stuck at GND due to stuck port clock   ;
; Memoria_Instrucoes:comb_5|rom~1482       ; Stuck at GND due to stuck port clock   ;
; Memoria_Instrucoes:comb_5|rom~1483       ; Stuck at GND due to stuck port clock   ;
; Memoria_Instrucoes:comb_5|rom~1484       ; Stuck at GND due to stuck port clock   ;
; Memoria_Instrucoes:comb_5|rom~1485       ; Stuck at GND due to stuck port clock   ;
; Memoria_Instrucoes:comb_5|rom~1486       ; Stuck at GND due to stuck port clock   ;
; Memoria_Instrucoes:comb_5|rom~1487       ; Stuck at GND due to stuck port clock   ;
; Memoria_Instrucoes:comb_5|rom~1488       ; Stuck at GND due to stuck port clock   ;
; Memoria_Instrucoes:comb_5|rom~1489       ; Stuck at GND due to stuck port clock   ;
; Memoria_Instrucoes:comb_5|rom~1490       ; Stuck at GND due to stuck port clock   ;
; Memoria_Instrucoes:comb_5|rom~1491       ; Stuck at GND due to stuck port clock   ;
; Memoria_Instrucoes:comb_5|rom~1492       ; Stuck at GND due to stuck port clock   ;
; Memoria_Instrucoes:comb_5|rom~1493       ; Stuck at GND due to stuck port clock   ;
; Memoria_Instrucoes:comb_5|rom~1494       ; Stuck at GND due to stuck port clock   ;
; Memoria_Instrucoes:comb_5|rom~1495       ; Stuck at GND due to stuck port clock   ;
; Memoria_Instrucoes:comb_5|rom~1496       ; Stuck at GND due to stuck port clock   ;
; Memoria_Instrucoes:comb_5|rom~1497       ; Stuck at GND due to stuck port clock   ;
; Memoria_Instrucoes:comb_5|rom~1498       ; Stuck at GND due to stuck port clock   ;
; Memoria_Instrucoes:comb_5|rom~1499       ; Stuck at GND due to stuck port clock   ;
; Memoria_Instrucoes:comb_5|rom~1500       ; Stuck at GND due to stuck port clock   ;
; Memoria_Instrucoes:comb_5|rom~1501       ; Stuck at GND due to stuck port clock   ;
; Memoria_Instrucoes:comb_5|rom~1502       ; Stuck at GND due to stuck port clock   ;
; Memoria_Instrucoes:comb_5|rom~1503       ; Stuck at GND due to stuck port clock   ;
; Memoria_Instrucoes:comb_5|rom~1504       ; Stuck at GND due to stuck port clock   ;
; Memoria_Instrucoes:comb_5|rom~1505       ; Stuck at GND due to stuck port clock   ;
; Memoria_Instrucoes:comb_5|rom~1506       ; Stuck at GND due to stuck port clock   ;
; Memoria_Instrucoes:comb_5|rom~1507       ; Stuck at GND due to stuck port clock   ;
; Memoria_Instrucoes:comb_5|rom~1508       ; Stuck at GND due to stuck port clock   ;
; Memoria_Instrucoes:comb_5|rom~1509       ; Stuck at GND due to stuck port clock   ;
; Memoria_Instrucoes:comb_5|rom~1510       ; Stuck at GND due to stuck port clock   ;
; Memoria_Instrucoes:comb_5|rom~1511       ; Stuck at GND due to stuck port clock   ;
; Memoria_Instrucoes:comb_5|rom~1512       ; Stuck at GND due to stuck port clock   ;
; Memoria_Instrucoes:comb_5|rom~1513       ; Stuck at GND due to stuck port clock   ;
; Memoria_Instrucoes:comb_5|rom~1514       ; Stuck at GND due to stuck port clock   ;
; Memoria_Instrucoes:comb_5|rom~1515       ; Stuck at GND due to stuck port clock   ;
; Memoria_Instrucoes:comb_5|rom~1516       ; Stuck at GND due to stuck port clock   ;
; Memoria_Instrucoes:comb_5|rom~1517       ; Stuck at GND due to stuck port clock   ;
; Memoria_Instrucoes:comb_5|rom~1518       ; Stuck at GND due to stuck port clock   ;
; Memoria_Instrucoes:comb_5|rom~1519       ; Stuck at GND due to stuck port clock   ;
; Memoria_Instrucoes:comb_5|rom~1520       ; Stuck at GND due to stuck port clock   ;
; Memoria_Instrucoes:comb_5|rom~1521       ; Stuck at GND due to stuck port clock   ;
; Memoria_Instrucoes:comb_5|rom~1522       ; Stuck at GND due to stuck port clock   ;
; Memoria_Instrucoes:comb_5|rom~1523       ; Stuck at GND due to stuck port clock   ;
; Memoria_Instrucoes:comb_5|rom~1524       ; Stuck at GND due to stuck port clock   ;
; Memoria_Instrucoes:comb_5|rom~1525       ; Stuck at GND due to stuck port clock   ;
; Memoria_Instrucoes:comb_5|rom~1526       ; Stuck at GND due to stuck port clock   ;
; Memoria_Instrucoes:comb_5|rom~1527       ; Stuck at GND due to stuck port clock   ;
; Memoria_Instrucoes:comb_5|rom~1528       ; Stuck at GND due to stuck port clock   ;
; Memoria_Instrucoes:comb_5|rom~1529       ; Stuck at GND due to stuck port clock   ;
; Memoria_Instrucoes:comb_5|rom~1530       ; Stuck at GND due to stuck port clock   ;
; Memoria_Instrucoes:comb_5|rom~1531       ; Stuck at GND due to stuck port clock   ;
; Memoria_Instrucoes:comb_5|rom~1532       ; Stuck at GND due to stuck port clock   ;
; Memoria_Instrucoes:comb_5|rom~1533       ; Stuck at GND due to stuck port clock   ;
; Memoria_Instrucoes:comb_5|rom~1534       ; Stuck at GND due to stuck port clock   ;
; Memoria_Instrucoes:comb_5|rom~1535       ; Stuck at GND due to stuck port clock   ;
; Memoria_Instrucoes:comb_5|rom~1536       ; Stuck at GND due to stuck port clock   ;
; Memoria_Instrucoes:comb_5|rom~1537       ; Stuck at GND due to stuck port clock   ;
; Memoria_Instrucoes:comb_5|rom~1538       ; Stuck at GND due to stuck port clock   ;
; Memoria_Instrucoes:comb_5|rom~1539       ; Stuck at GND due to stuck port clock   ;
; Memoria_Instrucoes:comb_5|rom~1540       ; Stuck at GND due to stuck port clock   ;
; Memoria_Instrucoes:comb_5|rom~1541       ; Stuck at GND due to stuck port clock   ;
; Memoria_Instrucoes:comb_5|rom~1542       ; Stuck at GND due to stuck port clock   ;
; Memoria_Instrucoes:comb_5|rom~1543       ; Stuck at GND due to stuck port clock   ;
; Memoria_Instrucoes:comb_5|rom~1544       ; Stuck at GND due to stuck port clock   ;
; Memoria_Instrucoes:comb_5|rom~1545       ; Stuck at GND due to stuck port clock   ;
; Memoria_Instrucoes:comb_5|rom~1546       ; Stuck at GND due to stuck port clock   ;
; Memoria_Instrucoes:comb_5|rom~1547       ; Stuck at GND due to stuck port clock   ;
; Memoria_Instrucoes:comb_5|rom~1548       ; Stuck at GND due to stuck port clock   ;
; Memoria_Instrucoes:comb_5|rom~1549       ; Stuck at GND due to stuck port clock   ;
; Memoria_Instrucoes:comb_5|rom~1550       ; Stuck at GND due to stuck port clock   ;
; Memoria_Instrucoes:comb_5|rom~1551       ; Stuck at GND due to stuck port clock   ;
; Memoria_Instrucoes:comb_5|rom~1552       ; Stuck at GND due to stuck port clock   ;
; Memoria_Instrucoes:comb_5|rom~1553       ; Stuck at GND due to stuck port clock   ;
; Memoria_Instrucoes:comb_5|rom~1554       ; Stuck at GND due to stuck port clock   ;
; Memoria_Instrucoes:comb_5|rom~1555       ; Stuck at GND due to stuck port clock   ;
; Memoria_Instrucoes:comb_5|rom~1556       ; Stuck at GND due to stuck port clock   ;
; Memoria_Instrucoes:comb_5|rom~1557       ; Stuck at GND due to stuck port clock   ;
; Memoria_Instrucoes:comb_5|rom~1558       ; Stuck at GND due to stuck port clock   ;
; Memoria_Instrucoes:comb_5|rom~1559       ; Stuck at GND due to stuck port clock   ;
; Memoria_Instrucoes:comb_5|rom~1560       ; Stuck at GND due to stuck port clock   ;
; Memoria_Instrucoes:comb_5|rom~1561       ; Stuck at GND due to stuck port clock   ;
; Memoria_Instrucoes:comb_5|rom~1562       ; Stuck at GND due to stuck port clock   ;
; Memoria_Instrucoes:comb_5|rom~1563       ; Stuck at GND due to stuck port clock   ;
; Memoria_Instrucoes:comb_5|rom~1564       ; Stuck at GND due to stuck port clock   ;
; Memoria_Instrucoes:comb_5|rom~1565       ; Stuck at GND due to stuck port clock   ;
; Memoria_Instrucoes:comb_5|rom~1566       ; Stuck at GND due to stuck port clock   ;
; Memoria_Instrucoes:comb_5|rom~1567       ; Stuck at GND due to stuck port clock   ;
; Memoria_Instrucoes:comb_5|rom~1568       ; Stuck at GND due to stuck port clock   ;
; Memoria_Instrucoes:comb_5|rom~1569       ; Stuck at GND due to stuck port clock   ;
; Memoria_Instrucoes:comb_5|rom~1570       ; Stuck at GND due to stuck port clock   ;
; Memoria_Instrucoes:comb_5|rom~1571       ; Stuck at GND due to stuck port clock   ;
; Memoria_Instrucoes:comb_5|rom~1572       ; Stuck at GND due to stuck port clock   ;
; Memoria_Instrucoes:comb_5|rom~1573       ; Stuck at GND due to stuck port clock   ;
; Memoria_Instrucoes:comb_5|rom~1574       ; Stuck at GND due to stuck port clock   ;
; Memoria_Instrucoes:comb_5|rom~1575       ; Stuck at GND due to stuck port clock   ;
; Memoria_Instrucoes:comb_5|rom~1576       ; Stuck at GND due to stuck port clock   ;
; Memoria_Instrucoes:comb_5|rom~1577       ; Stuck at GND due to stuck port clock   ;
; Memoria_Instrucoes:comb_5|rom~1578       ; Stuck at GND due to stuck port clock   ;
; Memoria_Instrucoes:comb_5|rom~1579       ; Stuck at GND due to stuck port clock   ;
; Memoria_Instrucoes:comb_5|rom~1580       ; Stuck at GND due to stuck port clock   ;
; Memoria_Instrucoes:comb_5|rom~1581       ; Stuck at GND due to stuck port clock   ;
; Memoria_Instrucoes:comb_5|rom~1582       ; Stuck at GND due to stuck port clock   ;
; Memoria_Instrucoes:comb_5|rom~1583       ; Stuck at GND due to stuck port clock   ;
; Memoria_Instrucoes:comb_5|rom~1584       ; Stuck at GND due to stuck port clock   ;
; Memoria_Instrucoes:comb_5|rom~1585       ; Stuck at GND due to stuck port clock   ;
; Memoria_Instrucoes:comb_5|rom~1586       ; Stuck at GND due to stuck port clock   ;
; Memoria_Instrucoes:comb_5|rom~1587       ; Stuck at GND due to stuck port clock   ;
; Memoria_Instrucoes:comb_5|rom~1588       ; Stuck at GND due to stuck port clock   ;
; Memoria_Instrucoes:comb_5|rom~1589       ; Stuck at GND due to stuck port clock   ;
; Memoria_Instrucoes:comb_5|rom~1590       ; Stuck at GND due to stuck port clock   ;
; Memoria_Instrucoes:comb_5|rom~1591       ; Stuck at GND due to stuck port clock   ;
; Memoria_Instrucoes:comb_5|rom~1592       ; Stuck at GND due to stuck port clock   ;
; Memoria_Instrucoes:comb_5|rom~1593       ; Stuck at GND due to stuck port clock   ;
; Memoria_Instrucoes:comb_5|rom~1594       ; Stuck at GND due to stuck port clock   ;
; Memoria_Instrucoes:comb_5|rom~1595       ; Stuck at GND due to stuck port clock   ;
; Memoria_Instrucoes:comb_5|rom~1596       ; Stuck at GND due to stuck port clock   ;
; Memoria_Instrucoes:comb_5|rom~1597       ; Stuck at GND due to stuck port clock   ;
; Memoria_Instrucoes:comb_5|rom~1598       ; Stuck at GND due to stuck port clock   ;
; Memoria_Instrucoes:comb_5|rom~1599       ; Stuck at GND due to stuck port clock   ;
; Memoria_Instrucoes:comb_5|rom~1600       ; Stuck at GND due to stuck port clock   ;
; Memoria_Instrucoes:comb_5|rom~1601       ; Stuck at GND due to stuck port clock   ;
; Memoria_Instrucoes:comb_5|rom~1602       ; Stuck at GND due to stuck port clock   ;
; Memoria_Instrucoes:comb_5|rom~1603       ; Stuck at GND due to stuck port clock   ;
; Memoria_Instrucoes:comb_5|rom~1604       ; Stuck at GND due to stuck port clock   ;
; Memoria_Instrucoes:comb_5|rom~1605       ; Stuck at GND due to stuck port clock   ;
; Memoria_Instrucoes:comb_5|rom~1606       ; Stuck at GND due to stuck port clock   ;
; Memoria_Instrucoes:comb_5|rom~1607       ; Stuck at GND due to stuck port clock   ;
; Memoria_Instrucoes:comb_5|rom~1608       ; Stuck at GND due to stuck port clock   ;
; Memoria_Instrucoes:comb_5|rom~1609       ; Stuck at GND due to stuck port clock   ;
; Memoria_Instrucoes:comb_5|rom~1610       ; Stuck at GND due to stuck port clock   ;
; Memoria_Instrucoes:comb_5|rom~1611       ; Stuck at GND due to stuck port clock   ;
; Memoria_Instrucoes:comb_5|rom~1612       ; Stuck at GND due to stuck port clock   ;
; Memoria_Instrucoes:comb_5|rom~1613       ; Stuck at GND due to stuck port clock   ;
; Memoria_Instrucoes:comb_5|rom~1614       ; Stuck at GND due to stuck port clock   ;
; Memoria_Instrucoes:comb_5|rom~1615       ; Stuck at GND due to stuck port clock   ;
; Memoria_Instrucoes:comb_5|rom~1616       ; Stuck at GND due to stuck port clock   ;
; Memoria_Instrucoes:comb_5|rom~1617       ; Stuck at GND due to stuck port clock   ;
; Memoria_Instrucoes:comb_5|rom~1618       ; Stuck at GND due to stuck port clock   ;
; Memoria_Instrucoes:comb_5|rom~1619       ; Stuck at GND due to stuck port clock   ;
; Memoria_Instrucoes:comb_5|rom~1620       ; Stuck at GND due to stuck port clock   ;
; Memoria_Instrucoes:comb_5|rom~1621       ; Stuck at GND due to stuck port clock   ;
; Memoria_Instrucoes:comb_5|rom~1622       ; Stuck at GND due to stuck port clock   ;
; Memoria_Instrucoes:comb_5|rom~1623       ; Stuck at GND due to stuck port clock   ;
; Memoria_Instrucoes:comb_5|rom~1624       ; Stuck at GND due to stuck port clock   ;
; Memoria_Instrucoes:comb_5|rom~1625       ; Stuck at GND due to stuck port clock   ;
; Memoria_Instrucoes:comb_5|rom~1626       ; Stuck at GND due to stuck port clock   ;
; Memoria_Instrucoes:comb_5|rom~1627       ; Stuck at GND due to stuck port clock   ;
; Memoria_Instrucoes:comb_5|rom~1628       ; Stuck at GND due to stuck port clock   ;
; Memoria_Instrucoes:comb_5|rom~1629       ; Stuck at GND due to stuck port clock   ;
; Memoria_Instrucoes:comb_5|rom~1630       ; Stuck at GND due to stuck port clock   ;
; Memoria_Instrucoes:comb_5|rom~1631       ; Stuck at GND due to stuck port clock   ;
; Memoria_Instrucoes:comb_5|rom~1632       ; Stuck at GND due to stuck port clock   ;
; Memoria_Instrucoes:comb_5|rom~1633       ; Stuck at GND due to stuck port clock   ;
; Memoria_Instrucoes:comb_5|rom~1634       ; Stuck at GND due to stuck port clock   ;
; Memoria_Instrucoes:comb_5|rom~1635       ; Stuck at GND due to stuck port clock   ;
; Memoria_Instrucoes:comb_5|rom~1636       ; Stuck at GND due to stuck port clock   ;
; Memoria_Instrucoes:comb_5|rom~1637       ; Stuck at GND due to stuck port clock   ;
; Memoria_Instrucoes:comb_5|rom~1638       ; Stuck at GND due to stuck port clock   ;
; Memoria_Instrucoes:comb_5|rom~1639       ; Stuck at GND due to stuck port clock   ;
; Memoria_Instrucoes:comb_5|rom~1640       ; Stuck at GND due to stuck port clock   ;
; Memoria_Instrucoes:comb_5|rom~1641       ; Stuck at GND due to stuck port clock   ;
; Memoria_Instrucoes:comb_5|rom~1642       ; Stuck at GND due to stuck port clock   ;
; Memoria_Instrucoes:comb_5|rom~1643       ; Stuck at GND due to stuck port clock   ;
; Memoria_Instrucoes:comb_5|rom~1644       ; Stuck at GND due to stuck port clock   ;
; Memoria_Instrucoes:comb_5|rom~1645       ; Stuck at GND due to stuck port clock   ;
; Memoria_Instrucoes:comb_5|rom~1646       ; Stuck at GND due to stuck port clock   ;
; Memoria_Instrucoes:comb_5|rom~1647       ; Stuck at GND due to stuck port clock   ;
; Memoria_Instrucoes:comb_5|rom~1648       ; Stuck at GND due to stuck port clock   ;
; Memoria_Instrucoes:comb_5|rom~1649       ; Stuck at GND due to stuck port clock   ;
; Memoria_Instrucoes:comb_5|rom~1650       ; Stuck at GND due to stuck port clock   ;
; Memoria_Instrucoes:comb_5|rom~1651       ; Stuck at GND due to stuck port clock   ;
; Memoria_Instrucoes:comb_5|rom~1652       ; Stuck at GND due to stuck port clock   ;
; Memoria_Instrucoes:comb_5|rom~1653       ; Stuck at GND due to stuck port clock   ;
; Memoria_Instrucoes:comb_5|rom~1654       ; Stuck at GND due to stuck port clock   ;
; Memoria_Instrucoes:comb_5|rom~1655       ; Stuck at GND due to stuck port clock   ;
; Memoria_Instrucoes:comb_5|rom~1656       ; Stuck at GND due to stuck port clock   ;
; Memoria_Instrucoes:comb_5|rom~1657       ; Stuck at GND due to stuck port clock   ;
; Memoria_Instrucoes:comb_5|rom~1658       ; Stuck at GND due to stuck port clock   ;
; Memoria_Instrucoes:comb_5|rom~1659       ; Stuck at GND due to stuck port clock   ;
; Memoria_Instrucoes:comb_5|rom~1660       ; Stuck at GND due to stuck port clock   ;
; Memoria_Instrucoes:comb_5|rom~1661       ; Stuck at GND due to stuck port clock   ;
; Memoria_Instrucoes:comb_5|rom~1662       ; Stuck at GND due to stuck port clock   ;
; Memoria_Instrucoes:comb_5|rom~1663       ; Stuck at GND due to stuck port clock   ;
; Memoria_Instrucoes:comb_5|rom~1664       ; Stuck at GND due to stuck port clock   ;
; Memoria_Instrucoes:comb_5|rom~1665       ; Stuck at GND due to stuck port clock   ;
; Memoria_Instrucoes:comb_5|rom~1666       ; Stuck at GND due to stuck port clock   ;
; Memoria_Instrucoes:comb_5|rom~1667       ; Stuck at GND due to stuck port clock   ;
; Memoria_Instrucoes:comb_5|rom~1668       ; Stuck at GND due to stuck port clock   ;
; Memoria_Instrucoes:comb_5|rom~1669       ; Stuck at GND due to stuck port clock   ;
; Memoria_Instrucoes:comb_5|rom~1670       ; Stuck at GND due to stuck port clock   ;
; Memoria_Instrucoes:comb_5|rom~1671       ; Stuck at GND due to stuck port clock   ;
; Memoria_Instrucoes:comb_5|rom~1672       ; Stuck at GND due to stuck port clock   ;
; Memoria_Instrucoes:comb_5|rom~1673       ; Stuck at GND due to stuck port clock   ;
; Memoria_Instrucoes:comb_5|rom~1674       ; Stuck at GND due to stuck port clock   ;
; Memoria_Instrucoes:comb_5|rom~1675       ; Stuck at GND due to stuck port clock   ;
; Memoria_Instrucoes:comb_5|rom~1676       ; Stuck at GND due to stuck port clock   ;
; Memoria_Instrucoes:comb_5|rom~1677       ; Stuck at GND due to stuck port clock   ;
; Memoria_Instrucoes:comb_5|rom~1678       ; Stuck at GND due to stuck port clock   ;
; Memoria_Instrucoes:comb_5|rom~1679       ; Stuck at GND due to stuck port clock   ;
; Memoria_Instrucoes:comb_5|rom~1680       ; Stuck at GND due to stuck port clock   ;
; Memoria_Instrucoes:comb_5|rom~1681       ; Stuck at GND due to stuck port clock   ;
; Memoria_Instrucoes:comb_5|rom~1682       ; Stuck at GND due to stuck port clock   ;
; Memoria_Instrucoes:comb_5|rom~1683       ; Stuck at GND due to stuck port clock   ;
; Memoria_Instrucoes:comb_5|rom~1684       ; Stuck at GND due to stuck port clock   ;
; Memoria_Instrucoes:comb_5|rom~1685       ; Stuck at GND due to stuck port clock   ;
; Memoria_Instrucoes:comb_5|rom~1686       ; Stuck at GND due to stuck port clock   ;
; Memoria_Instrucoes:comb_5|rom~1687       ; Stuck at GND due to stuck port clock   ;
; Memoria_Instrucoes:comb_5|rom~1688       ; Stuck at GND due to stuck port clock   ;
; Memoria_Instrucoes:comb_5|rom~1689       ; Stuck at GND due to stuck port clock   ;
; Memoria_Instrucoes:comb_5|rom~1690       ; Stuck at GND due to stuck port clock   ;
; Memoria_Instrucoes:comb_5|rom~1691       ; Stuck at GND due to stuck port clock   ;
; Memoria_Instrucoes:comb_5|rom~1692       ; Stuck at GND due to stuck port clock   ;
; Memoria_Instrucoes:comb_5|rom~1693       ; Stuck at GND due to stuck port clock   ;
; Memoria_Instrucoes:comb_5|rom~1694       ; Stuck at GND due to stuck port clock   ;
; Memoria_Instrucoes:comb_5|rom~1695       ; Stuck at GND due to stuck port clock   ;
; Memoria_Instrucoes:comb_5|rom~1696       ; Stuck at GND due to stuck port clock   ;
; Memoria_Instrucoes:comb_5|rom~1697       ; Stuck at GND due to stuck port clock   ;
; Memoria_Instrucoes:comb_5|rom~1698       ; Stuck at GND due to stuck port clock   ;
; Memoria_Instrucoes:comb_5|rom~1699       ; Stuck at GND due to stuck port clock   ;
; Memoria_Instrucoes:comb_5|rom~1700       ; Stuck at GND due to stuck port clock   ;
; Memoria_Instrucoes:comb_5|rom~1701       ; Stuck at GND due to stuck port clock   ;
; Memoria_Instrucoes:comb_5|rom~1702       ; Stuck at GND due to stuck port clock   ;
; Memoria_Instrucoes:comb_5|rom~1703       ; Stuck at GND due to stuck port clock   ;
; Memoria_Instrucoes:comb_5|rom~1704       ; Stuck at GND due to stuck port clock   ;
; Memoria_Instrucoes:comb_5|rom~1705       ; Stuck at GND due to stuck port clock   ;
; Memoria_Instrucoes:comb_5|rom~1706       ; Stuck at GND due to stuck port clock   ;
; Memoria_Instrucoes:comb_5|rom~1707       ; Stuck at GND due to stuck port clock   ;
; Memoria_Instrucoes:comb_5|rom~1708       ; Stuck at GND due to stuck port clock   ;
; Memoria_Instrucoes:comb_5|rom~1709       ; Stuck at GND due to stuck port clock   ;
; Memoria_Instrucoes:comb_5|rom~1710       ; Stuck at GND due to stuck port clock   ;
; Memoria_Instrucoes:comb_5|rom~1711       ; Stuck at GND due to stuck port clock   ;
; Memoria_Instrucoes:comb_5|rom~1712       ; Stuck at GND due to stuck port clock   ;
; Memoria_Instrucoes:comb_5|rom~1713       ; Stuck at GND due to stuck port clock   ;
; Memoria_Instrucoes:comb_5|rom~1714       ; Stuck at GND due to stuck port clock   ;
; Memoria_Instrucoes:comb_5|rom~1715       ; Stuck at GND due to stuck port clock   ;
; Memoria_Instrucoes:comb_5|rom~1716       ; Stuck at GND due to stuck port clock   ;
; Memoria_Instrucoes:comb_5|rom~1717       ; Stuck at GND due to stuck port clock   ;
; Memoria_Instrucoes:comb_5|rom~1718       ; Stuck at GND due to stuck port clock   ;
; Memoria_Instrucoes:comb_5|rom~1719       ; Stuck at GND due to stuck port clock   ;
; Memoria_Instrucoes:comb_5|rom~1720       ; Stuck at GND due to stuck port clock   ;
; Memoria_Instrucoes:comb_5|rom~1721       ; Stuck at GND due to stuck port clock   ;
; Memoria_Instrucoes:comb_5|rom~1722       ; Stuck at GND due to stuck port clock   ;
; Memoria_Instrucoes:comb_5|rom~1723       ; Stuck at GND due to stuck port clock   ;
; Memoria_Instrucoes:comb_5|rom~1724       ; Stuck at GND due to stuck port clock   ;
; Memoria_Instrucoes:comb_5|rom~1725       ; Stuck at GND due to stuck port clock   ;
; Memoria_Instrucoes:comb_5|rom~1726       ; Stuck at GND due to stuck port clock   ;
; Memoria_Instrucoes:comb_5|rom~1727       ; Stuck at GND due to stuck port clock   ;
; Memoria_Instrucoes:comb_5|rom~1728       ; Stuck at GND due to stuck port clock   ;
; Memoria_Instrucoes:comb_5|rom~1729       ; Stuck at GND due to stuck port clock   ;
; Memoria_Instrucoes:comb_5|rom~1730       ; Stuck at GND due to stuck port clock   ;
; Memoria_Instrucoes:comb_5|rom~1731       ; Stuck at GND due to stuck port clock   ;
; Memoria_Instrucoes:comb_5|rom~1732       ; Stuck at GND due to stuck port clock   ;
; Memoria_Instrucoes:comb_5|rom~1733       ; Stuck at GND due to stuck port clock   ;
; Memoria_Instrucoes:comb_5|rom~1734       ; Stuck at GND due to stuck port clock   ;
; Memoria_Instrucoes:comb_5|rom~1735       ; Stuck at GND due to stuck port clock   ;
; Memoria_Instrucoes:comb_5|rom~1736       ; Stuck at GND due to stuck port clock   ;
; Memoria_Instrucoes:comb_5|rom~1737       ; Stuck at GND due to stuck port clock   ;
; Memoria_Instrucoes:comb_5|rom~1738       ; Stuck at GND due to stuck port clock   ;
; Memoria_Instrucoes:comb_5|rom~1739       ; Stuck at GND due to stuck port clock   ;
; Memoria_Instrucoes:comb_5|rom~1740       ; Stuck at GND due to stuck port clock   ;
; Memoria_Instrucoes:comb_5|rom~1741       ; Stuck at GND due to stuck port clock   ;
; Memoria_Instrucoes:comb_5|rom~1742       ; Stuck at GND due to stuck port clock   ;
; Memoria_Instrucoes:comb_5|rom~1743       ; Stuck at GND due to stuck port clock   ;
; Memoria_Instrucoes:comb_5|rom~1744       ; Stuck at GND due to stuck port clock   ;
; Memoria_Instrucoes:comb_5|rom~1745       ; Stuck at GND due to stuck port clock   ;
; Memoria_Instrucoes:comb_5|rom~1746       ; Stuck at GND due to stuck port clock   ;
; Memoria_Instrucoes:comb_5|rom~1747       ; Stuck at GND due to stuck port clock   ;
; Memoria_Instrucoes:comb_5|rom~1748       ; Stuck at GND due to stuck port clock   ;
; Memoria_Instrucoes:comb_5|rom~1749       ; Stuck at GND due to stuck port clock   ;
; Memoria_Instrucoes:comb_5|rom~1750       ; Stuck at GND due to stuck port clock   ;
; Memoria_Instrucoes:comb_5|rom~1751       ; Stuck at GND due to stuck port clock   ;
; Memoria_Instrucoes:comb_5|rom~1752       ; Stuck at GND due to stuck port clock   ;
; Memoria_Instrucoes:comb_5|rom~1753       ; Stuck at GND due to stuck port clock   ;
; Memoria_Instrucoes:comb_5|rom~1754       ; Stuck at GND due to stuck port clock   ;
; Memoria_Instrucoes:comb_5|rom~1755       ; Stuck at GND due to stuck port clock   ;
; Memoria_Instrucoes:comb_5|rom~1756       ; Stuck at GND due to stuck port clock   ;
; Memoria_Instrucoes:comb_5|rom~1757       ; Stuck at GND due to stuck port clock   ;
; Memoria_Instrucoes:comb_5|rom~1758       ; Stuck at GND due to stuck port clock   ;
; Memoria_Instrucoes:comb_5|rom~1759       ; Stuck at GND due to stuck port clock   ;
; Memoria_Instrucoes:comb_5|rom~1760       ; Stuck at GND due to stuck port clock   ;
; Memoria_Instrucoes:comb_5|rom~1761       ; Stuck at GND due to stuck port clock   ;
; Memoria_Instrucoes:comb_5|rom~1762       ; Stuck at GND due to stuck port clock   ;
; Memoria_Instrucoes:comb_5|rom~1763       ; Stuck at GND due to stuck port clock   ;
; Memoria_Instrucoes:comb_5|rom~1764       ; Stuck at GND due to stuck port clock   ;
; Memoria_Instrucoes:comb_5|rom~1765       ; Stuck at GND due to stuck port clock   ;
; Memoria_Instrucoes:comb_5|rom~1766       ; Stuck at GND due to stuck port clock   ;
; Memoria_Instrucoes:comb_5|rom~1767       ; Stuck at GND due to stuck port clock   ;
; Memoria_Instrucoes:comb_5|rom~1768       ; Stuck at GND due to stuck port clock   ;
; Memoria_Instrucoes:comb_5|rom~1769       ; Stuck at GND due to stuck port clock   ;
; Memoria_Instrucoes:comb_5|rom~1770       ; Stuck at GND due to stuck port clock   ;
; Memoria_Instrucoes:comb_5|rom~1771       ; Stuck at GND due to stuck port clock   ;
; Memoria_Instrucoes:comb_5|rom~1772       ; Stuck at GND due to stuck port clock   ;
; Memoria_Instrucoes:comb_5|rom~1773       ; Stuck at GND due to stuck port clock   ;
; Memoria_Instrucoes:comb_5|rom~1774       ; Stuck at GND due to stuck port clock   ;
; Memoria_Instrucoes:comb_5|rom~1775       ; Stuck at GND due to stuck port clock   ;
; Memoria_Instrucoes:comb_5|rom~1776       ; Stuck at GND due to stuck port clock   ;
; Memoria_Instrucoes:comb_5|rom~1777       ; Stuck at GND due to stuck port clock   ;
; Memoria_Instrucoes:comb_5|rom~1778       ; Stuck at GND due to stuck port clock   ;
; Memoria_Instrucoes:comb_5|rom~1779       ; Stuck at GND due to stuck port clock   ;
; Memoria_Instrucoes:comb_5|rom~1780       ; Stuck at GND due to stuck port clock   ;
; Memoria_Instrucoes:comb_5|rom~1781       ; Stuck at GND due to stuck port clock   ;
; Memoria_Instrucoes:comb_5|rom~1782       ; Stuck at GND due to stuck port clock   ;
; Memoria_Instrucoes:comb_5|rom~1783       ; Stuck at GND due to stuck port clock   ;
; Memoria_Instrucoes:comb_5|rom~1784       ; Stuck at GND due to stuck port clock   ;
; Memoria_Instrucoes:comb_5|rom~1785       ; Stuck at GND due to stuck port clock   ;
; Memoria_Instrucoes:comb_5|rom~1786       ; Stuck at GND due to stuck port clock   ;
; Memoria_Instrucoes:comb_5|rom~1787       ; Stuck at GND due to stuck port clock   ;
; Memoria_Instrucoes:comb_5|rom~1788       ; Stuck at GND due to stuck port clock   ;
; Memoria_Instrucoes:comb_5|rom~1789       ; Stuck at GND due to stuck port clock   ;
; Memoria_Instrucoes:comb_5|rom~1790       ; Stuck at GND due to stuck port clock   ;
; Memoria_Instrucoes:comb_5|rom~1791       ; Stuck at GND due to stuck port clock   ;
; Memoria_Instrucoes:comb_5|rom~1792       ; Stuck at GND due to stuck port clock   ;
; Memoria_Instrucoes:comb_5|rom~1793       ; Stuck at GND due to stuck port clock   ;
; Memoria_Instrucoes:comb_5|rom~1794       ; Stuck at GND due to stuck port clock   ;
; Memoria_Instrucoes:comb_5|rom~1795       ; Stuck at GND due to stuck port clock   ;
; Memoria_Instrucoes:comb_5|rom~1796       ; Stuck at GND due to stuck port clock   ;
; Memoria_Instrucoes:comb_5|rom~1797       ; Stuck at GND due to stuck port clock   ;
; Memoria_Instrucoes:comb_5|rom~1798       ; Stuck at GND due to stuck port clock   ;
; Memoria_Instrucoes:comb_5|rom~1799       ; Stuck at GND due to stuck port clock   ;
; Memoria_Instrucoes:comb_5|rom~1800       ; Stuck at GND due to stuck port clock   ;
; Memoria_Instrucoes:comb_5|rom~1801       ; Stuck at GND due to stuck port clock   ;
; Memoria_Instrucoes:comb_5|rom~1802       ; Stuck at GND due to stuck port clock   ;
; Memoria_Instrucoes:comb_5|rom~1803       ; Stuck at GND due to stuck port clock   ;
; Memoria_Instrucoes:comb_5|rom~1804       ; Stuck at GND due to stuck port clock   ;
; Memoria_Instrucoes:comb_5|rom~1805       ; Stuck at GND due to stuck port clock   ;
; Memoria_Instrucoes:comb_5|rom~1806       ; Stuck at GND due to stuck port clock   ;
; Memoria_Instrucoes:comb_5|rom~1807       ; Stuck at GND due to stuck port clock   ;
; Memoria_Instrucoes:comb_5|rom~1808       ; Stuck at GND due to stuck port clock   ;
; Memoria_Instrucoes:comb_5|rom~1809       ; Stuck at GND due to stuck port clock   ;
; Memoria_Instrucoes:comb_5|rom~1810       ; Stuck at GND due to stuck port clock   ;
; Memoria_Instrucoes:comb_5|rom~1811       ; Stuck at GND due to stuck port clock   ;
; Memoria_Instrucoes:comb_5|rom~1812       ; Stuck at GND due to stuck port clock   ;
; Memoria_Instrucoes:comb_5|rom~1813       ; Stuck at GND due to stuck port clock   ;
; Memoria_Instrucoes:comb_5|rom~1814       ; Stuck at GND due to stuck port clock   ;
; Memoria_Instrucoes:comb_5|rom~1815       ; Stuck at GND due to stuck port clock   ;
; Memoria_Instrucoes:comb_5|rom~1816       ; Stuck at GND due to stuck port clock   ;
; Memoria_Instrucoes:comb_5|rom~1817       ; Stuck at GND due to stuck port clock   ;
; Memoria_Instrucoes:comb_5|rom~1818       ; Stuck at GND due to stuck port clock   ;
; Memoria_Instrucoes:comb_5|rom~1819       ; Stuck at GND due to stuck port clock   ;
; Memoria_Instrucoes:comb_5|rom~1820       ; Stuck at GND due to stuck port clock   ;
; Memoria_Instrucoes:comb_5|rom~1821       ; Stuck at GND due to stuck port clock   ;
; Memoria_Instrucoes:comb_5|rom~1822       ; Stuck at GND due to stuck port clock   ;
; Memoria_Instrucoes:comb_5|rom~1823       ; Stuck at GND due to stuck port clock   ;
; Memoria_Instrucoes:comb_5|rom~1824       ; Stuck at GND due to stuck port clock   ;
; Memoria_Instrucoes:comb_5|rom~1825       ; Stuck at GND due to stuck port clock   ;
; Memoria_Instrucoes:comb_5|rom~1826       ; Stuck at GND due to stuck port clock   ;
; Memoria_Instrucoes:comb_5|rom~1827       ; Stuck at GND due to stuck port clock   ;
; Memoria_Instrucoes:comb_5|rom~1828       ; Stuck at GND due to stuck port clock   ;
; Memoria_Instrucoes:comb_5|rom~1829       ; Stuck at GND due to stuck port clock   ;
; Memoria_Instrucoes:comb_5|rom~1830       ; Stuck at GND due to stuck port clock   ;
; Memoria_Instrucoes:comb_5|rom~1831       ; Stuck at GND due to stuck port clock   ;
; Memoria_Instrucoes:comb_5|rom~1832       ; Stuck at GND due to stuck port clock   ;
; Memoria_Instrucoes:comb_5|rom~1833       ; Stuck at GND due to stuck port clock   ;
; Memoria_Instrucoes:comb_5|rom~1834       ; Stuck at GND due to stuck port clock   ;
; Memoria_Instrucoes:comb_5|rom~1835       ; Stuck at GND due to stuck port clock   ;
; Memoria_Instrucoes:comb_5|rom~1836       ; Stuck at GND due to stuck port clock   ;
; Memoria_Instrucoes:comb_5|rom~1837       ; Stuck at GND due to stuck port clock   ;
; Memoria_Instrucoes:comb_5|rom~1838       ; Stuck at GND due to stuck port clock   ;
; Memoria_Instrucoes:comb_5|rom~1839       ; Stuck at GND due to stuck port clock   ;
; Memoria_Instrucoes:comb_5|rom~1840       ; Stuck at GND due to stuck port clock   ;
; Memoria_Instrucoes:comb_5|rom~1841       ; Stuck at GND due to stuck port clock   ;
; Memoria_Instrucoes:comb_5|rom~1842       ; Stuck at GND due to stuck port clock   ;
; Memoria_Instrucoes:comb_5|rom~1843       ; Stuck at GND due to stuck port clock   ;
; Memoria_Instrucoes:comb_5|rom~1844       ; Stuck at GND due to stuck port clock   ;
; Memoria_Instrucoes:comb_5|rom~1845       ; Stuck at GND due to stuck port clock   ;
; Memoria_Instrucoes:comb_5|rom~1846       ; Stuck at GND due to stuck port clock   ;
; Memoria_Instrucoes:comb_5|rom~1847       ; Stuck at GND due to stuck port clock   ;
; Memoria_Instrucoes:comb_5|rom~1848       ; Stuck at GND due to stuck port clock   ;
; Memoria_Instrucoes:comb_5|rom~1849       ; Stuck at GND due to stuck port clock   ;
; Memoria_Instrucoes:comb_5|rom~1850       ; Stuck at GND due to stuck port clock   ;
; Memoria_Instrucoes:comb_5|rom~1851       ; Stuck at GND due to stuck port clock   ;
; Memoria_Instrucoes:comb_5|rom~1852       ; Stuck at GND due to stuck port clock   ;
; Memoria_Instrucoes:comb_5|rom~1853       ; Stuck at GND due to stuck port clock   ;
; Memoria_Instrucoes:comb_5|rom~1854       ; Stuck at GND due to stuck port clock   ;
; Memoria_Instrucoes:comb_5|rom~1855       ; Stuck at GND due to stuck port clock   ;
; Memoria_Instrucoes:comb_5|rom~1856       ; Stuck at GND due to stuck port clock   ;
; Memoria_Instrucoes:comb_5|rom~1857       ; Stuck at GND due to stuck port clock   ;
; Memoria_Instrucoes:comb_5|rom~1858       ; Stuck at GND due to stuck port clock   ;
; Memoria_Instrucoes:comb_5|rom~1859       ; Stuck at GND due to stuck port clock   ;
; Memoria_Instrucoes:comb_5|rom~1860       ; Stuck at GND due to stuck port clock   ;
; Memoria_Instrucoes:comb_5|rom~1861       ; Stuck at GND due to stuck port clock   ;
; Memoria_Instrucoes:comb_5|rom~1862       ; Stuck at GND due to stuck port clock   ;
; Memoria_Instrucoes:comb_5|rom~1863       ; Stuck at GND due to stuck port clock   ;
; Memoria_Instrucoes:comb_5|rom~1864       ; Stuck at GND due to stuck port clock   ;
; Memoria_Instrucoes:comb_5|rom~1865       ; Stuck at GND due to stuck port clock   ;
; Memoria_Instrucoes:comb_5|rom~1866       ; Stuck at GND due to stuck port clock   ;
; Memoria_Instrucoes:comb_5|rom~1867       ; Stuck at GND due to stuck port clock   ;
; Memoria_Instrucoes:comb_5|rom~1868       ; Stuck at GND due to stuck port clock   ;
; Memoria_Instrucoes:comb_5|rom~1869       ; Stuck at GND due to stuck port clock   ;
; Memoria_Instrucoes:comb_5|rom~1870       ; Stuck at GND due to stuck port clock   ;
; Memoria_Instrucoes:comb_5|rom~1871       ; Stuck at GND due to stuck port clock   ;
; Memoria_Instrucoes:comb_5|rom~1872       ; Stuck at GND due to stuck port clock   ;
; Memoria_Instrucoes:comb_5|rom~1873       ; Stuck at GND due to stuck port clock   ;
; Memoria_Instrucoes:comb_5|rom~1874       ; Stuck at GND due to stuck port clock   ;
; Memoria_Instrucoes:comb_5|rom~1875       ; Stuck at GND due to stuck port clock   ;
; Memoria_Instrucoes:comb_5|rom~1876       ; Stuck at GND due to stuck port clock   ;
; Memoria_Instrucoes:comb_5|rom~1877       ; Stuck at GND due to stuck port clock   ;
; Memoria_Instrucoes:comb_5|rom~1878       ; Stuck at GND due to stuck port clock   ;
; Memoria_Instrucoes:comb_5|rom~1879       ; Stuck at GND due to stuck port clock   ;
; Memoria_Instrucoes:comb_5|rom~1880       ; Stuck at GND due to stuck port clock   ;
; Memoria_Instrucoes:comb_5|rom~1881       ; Stuck at GND due to stuck port clock   ;
; Memoria_Instrucoes:comb_5|rom~1882       ; Stuck at GND due to stuck port clock   ;
; Memoria_Instrucoes:comb_5|rom~1883       ; Stuck at GND due to stuck port clock   ;
; Memoria_Instrucoes:comb_5|rom~1884       ; Stuck at GND due to stuck port clock   ;
; Memoria_Instrucoes:comb_5|rom~1885       ; Stuck at GND due to stuck port clock   ;
; Memoria_Instrucoes:comb_5|rom~1886       ; Stuck at GND due to stuck port clock   ;
; Memoria_Instrucoes:comb_5|rom~1887       ; Stuck at GND due to stuck port clock   ;
; Memoria_Instrucoes:comb_5|rom~1888       ; Stuck at GND due to stuck port clock   ;
; Memoria_Instrucoes:comb_5|rom~1889       ; Stuck at GND due to stuck port clock   ;
; Memoria_Instrucoes:comb_5|rom~1890       ; Stuck at GND due to stuck port clock   ;
; Memoria_Instrucoes:comb_5|rom~1891       ; Stuck at GND due to stuck port clock   ;
; Memoria_Instrucoes:comb_5|rom~1892       ; Stuck at GND due to stuck port clock   ;
; Memoria_Instrucoes:comb_5|rom~1893       ; Stuck at GND due to stuck port clock   ;
; Memoria_Instrucoes:comb_5|rom~1894       ; Stuck at GND due to stuck port clock   ;
; Memoria_Instrucoes:comb_5|rom~1895       ; Stuck at GND due to stuck port clock   ;
; Memoria_Instrucoes:comb_5|rom~1896       ; Stuck at GND due to stuck port clock   ;
; Memoria_Instrucoes:comb_5|rom~1897       ; Stuck at GND due to stuck port clock   ;
; Memoria_Instrucoes:comb_5|rom~1898       ; Stuck at GND due to stuck port clock   ;
; Memoria_Instrucoes:comb_5|rom~1899       ; Stuck at GND due to stuck port clock   ;
; Memoria_Instrucoes:comb_5|rom~1900       ; Stuck at GND due to stuck port clock   ;
; Memoria_Instrucoes:comb_5|rom~1901       ; Stuck at GND due to stuck port clock   ;
; Memoria_Instrucoes:comb_5|rom~1902       ; Stuck at GND due to stuck port clock   ;
; Memoria_Instrucoes:comb_5|rom~1903       ; Stuck at GND due to stuck port clock   ;
; Memoria_Instrucoes:comb_5|rom~1904       ; Stuck at GND due to stuck port clock   ;
; Memoria_Instrucoes:comb_5|rom~1905       ; Stuck at GND due to stuck port clock   ;
; Memoria_Instrucoes:comb_5|rom~1906       ; Stuck at GND due to stuck port clock   ;
; Memoria_Instrucoes:comb_5|rom~1907       ; Stuck at GND due to stuck port clock   ;
; Memoria_Instrucoes:comb_5|rom~1908       ; Stuck at GND due to stuck port clock   ;
; Memoria_Instrucoes:comb_5|rom~1909       ; Stuck at GND due to stuck port clock   ;
; Memoria_Instrucoes:comb_5|rom~1910       ; Stuck at GND due to stuck port clock   ;
; Memoria_Instrucoes:comb_5|rom~1911       ; Stuck at GND due to stuck port clock   ;
; Memoria_Instrucoes:comb_5|rom~1912       ; Stuck at GND due to stuck port clock   ;
; Memoria_Instrucoes:comb_5|rom~1913       ; Stuck at GND due to stuck port clock   ;
; Memoria_Instrucoes:comb_5|rom~1914       ; Stuck at GND due to stuck port clock   ;
; Memoria_Instrucoes:comb_5|rom~1915       ; Stuck at GND due to stuck port clock   ;
; Memoria_Instrucoes:comb_5|rom~1916       ; Stuck at GND due to stuck port clock   ;
; Memoria_Instrucoes:comb_5|rom~1917       ; Stuck at GND due to stuck port clock   ;
; Memoria_Instrucoes:comb_5|rom~1918       ; Stuck at GND due to stuck port clock   ;
; Memoria_Instrucoes:comb_5|rom~1919       ; Stuck at GND due to stuck port clock   ;
; Memoria_Instrucoes:comb_5|rom~1920       ; Stuck at GND due to stuck port clock   ;
; Memoria_Instrucoes:comb_5|rom~1921       ; Stuck at GND due to stuck port clock   ;
; Memoria_Instrucoes:comb_5|rom~1922       ; Stuck at GND due to stuck port clock   ;
; Memoria_Instrucoes:comb_5|rom~1923       ; Stuck at GND due to stuck port clock   ;
; Memoria_Instrucoes:comb_5|rom~1924       ; Stuck at GND due to stuck port clock   ;
; Memoria_Instrucoes:comb_5|rom~1925       ; Stuck at GND due to stuck port clock   ;
; Memoria_Instrucoes:comb_5|rom~1926       ; Stuck at GND due to stuck port clock   ;
; Memoria_Instrucoes:comb_5|rom~1927       ; Stuck at GND due to stuck port clock   ;
; Memoria_Instrucoes:comb_5|rom~1928       ; Stuck at GND due to stuck port clock   ;
; Memoria_Instrucoes:comb_5|rom~1929       ; Stuck at GND due to stuck port clock   ;
; Memoria_Instrucoes:comb_5|rom~1930       ; Stuck at GND due to stuck port clock   ;
; Memoria_Instrucoes:comb_5|rom~1931       ; Stuck at GND due to stuck port clock   ;
; Memoria_Instrucoes:comb_5|rom~1932       ; Stuck at GND due to stuck port clock   ;
; Memoria_Instrucoes:comb_5|rom~1933       ; Stuck at GND due to stuck port clock   ;
; Memoria_Instrucoes:comb_5|rom~1934       ; Stuck at GND due to stuck port clock   ;
; Memoria_Instrucoes:comb_5|rom~1935       ; Stuck at GND due to stuck port clock   ;
; Memoria_Instrucoes:comb_5|rom~1936       ; Stuck at GND due to stuck port clock   ;
; Memoria_Instrucoes:comb_5|rom~1937       ; Stuck at GND due to stuck port clock   ;
; Memoria_Instrucoes:comb_5|rom~1938       ; Stuck at GND due to stuck port clock   ;
; Memoria_Instrucoes:comb_5|rom~1939       ; Stuck at GND due to stuck port clock   ;
; Memoria_Instrucoes:comb_5|rom~1940       ; Stuck at GND due to stuck port clock   ;
; Memoria_Instrucoes:comb_5|rom~1941       ; Stuck at GND due to stuck port clock   ;
; Memoria_Instrucoes:comb_5|rom~1942       ; Stuck at GND due to stuck port clock   ;
; Memoria_Instrucoes:comb_5|rom~1943       ; Stuck at GND due to stuck port clock   ;
; Memoria_Instrucoes:comb_5|rom~1944       ; Stuck at GND due to stuck port clock   ;
; Memoria_Instrucoes:comb_5|rom~1945       ; Stuck at GND due to stuck port clock   ;
; Memoria_Instrucoes:comb_5|rom~1946       ; Stuck at GND due to stuck port clock   ;
; Memoria_Instrucoes:comb_5|rom~1947       ; Stuck at GND due to stuck port clock   ;
; Memoria_Instrucoes:comb_5|rom~1948       ; Stuck at GND due to stuck port clock   ;
; Memoria_Instrucoes:comb_5|rom~1949       ; Stuck at GND due to stuck port clock   ;
; Memoria_Instrucoes:comb_5|rom~1950       ; Stuck at GND due to stuck port clock   ;
; Memoria_Instrucoes:comb_5|rom~1951       ; Stuck at GND due to stuck port clock   ;
; Memoria_Instrucoes:comb_5|rom~1952       ; Stuck at GND due to stuck port clock   ;
; Memoria_Instrucoes:comb_5|rom~1953       ; Stuck at GND due to stuck port clock   ;
; Memoria_Instrucoes:comb_5|rom~1954       ; Stuck at GND due to stuck port clock   ;
; Memoria_Instrucoes:comb_5|rom~1955       ; Stuck at GND due to stuck port clock   ;
; Memoria_Instrucoes:comb_5|rom~1956       ; Stuck at GND due to stuck port clock   ;
; Memoria_Instrucoes:comb_5|rom~1957       ; Stuck at GND due to stuck port clock   ;
; Memoria_Instrucoes:comb_5|rom~1958       ; Stuck at GND due to stuck port clock   ;
; Memoria_Instrucoes:comb_5|rom~1959       ; Stuck at GND due to stuck port clock   ;
; Memoria_Instrucoes:comb_5|rom~1960       ; Stuck at GND due to stuck port clock   ;
; Memoria_Instrucoes:comb_5|rom~1961       ; Stuck at GND due to stuck port clock   ;
; Memoria_Instrucoes:comb_5|rom~1962       ; Stuck at GND due to stuck port clock   ;
; Memoria_Instrucoes:comb_5|rom~1963       ; Stuck at GND due to stuck port clock   ;
; Memoria_Instrucoes:comb_5|rom~1964       ; Stuck at GND due to stuck port clock   ;
; Memoria_Instrucoes:comb_5|rom~1965       ; Stuck at GND due to stuck port clock   ;
; Memoria_Instrucoes:comb_5|rom~1966       ; Stuck at GND due to stuck port clock   ;
; Memoria_Instrucoes:comb_5|rom~1967       ; Stuck at GND due to stuck port clock   ;
; Memoria_Instrucoes:comb_5|rom~1968       ; Stuck at GND due to stuck port clock   ;
; Memoria_Instrucoes:comb_5|rom~1969       ; Stuck at GND due to stuck port clock   ;
; Memoria_Instrucoes:comb_5|rom~1970       ; Stuck at GND due to stuck port clock   ;
; Memoria_Instrucoes:comb_5|rom~1971       ; Stuck at GND due to stuck port clock   ;
; Memoria_Instrucoes:comb_5|rom~1972       ; Stuck at GND due to stuck port clock   ;
; Memoria_Instrucoes:comb_5|rom~1973       ; Stuck at GND due to stuck port clock   ;
; Memoria_Instrucoes:comb_5|rom~1974       ; Stuck at GND due to stuck port clock   ;
; Memoria_Instrucoes:comb_5|rom~1975       ; Stuck at GND due to stuck port clock   ;
; Memoria_Instrucoes:comb_5|rom~1976       ; Stuck at GND due to stuck port clock   ;
; Memoria_Instrucoes:comb_5|rom~1977       ; Stuck at GND due to stuck port clock   ;
; Memoria_Instrucoes:comb_5|rom~1978       ; Stuck at GND due to stuck port clock   ;
; Memoria_Instrucoes:comb_5|rom~1979       ; Stuck at GND due to stuck port clock   ;
; Memoria_Instrucoes:comb_5|rom~1980       ; Stuck at GND due to stuck port clock   ;
; Memoria_Instrucoes:comb_5|rom~1981       ; Stuck at GND due to stuck port clock   ;
; Memoria_Instrucoes:comb_5|rom~1982       ; Stuck at GND due to stuck port clock   ;
; Memoria_Instrucoes:comb_5|rom~1983       ; Stuck at GND due to stuck port clock   ;
; Memoria_Instrucoes:comb_5|rom~1984       ; Stuck at GND due to stuck port clock   ;
; Memoria_Instrucoes:comb_5|rom~1985       ; Stuck at GND due to stuck port clock   ;
; Memoria_Instrucoes:comb_5|rom~1986       ; Stuck at GND due to stuck port clock   ;
; Memoria_Instrucoes:comb_5|rom~1987       ; Stuck at GND due to stuck port clock   ;
; Memoria_Instrucoes:comb_5|rom~1988       ; Stuck at GND due to stuck port clock   ;
; Memoria_Instrucoes:comb_5|rom~1989       ; Stuck at GND due to stuck port clock   ;
; Memoria_Instrucoes:comb_5|rom~1990       ; Stuck at GND due to stuck port clock   ;
; Memoria_Instrucoes:comb_5|rom~1991       ; Stuck at GND due to stuck port clock   ;
; Memoria_Instrucoes:comb_5|rom~1992       ; Stuck at GND due to stuck port clock   ;
; Memoria_Instrucoes:comb_5|rom~1993       ; Stuck at GND due to stuck port clock   ;
; Memoria_Instrucoes:comb_5|rom~1994       ; Stuck at GND due to stuck port clock   ;
; Memoria_Instrucoes:comb_5|rom~1995       ; Stuck at GND due to stuck port clock   ;
; Memoria_Instrucoes:comb_5|rom~1996       ; Stuck at GND due to stuck port clock   ;
; Memoria_Instrucoes:comb_5|rom~1997       ; Stuck at GND due to stuck port clock   ;
; Memoria_Instrucoes:comb_5|rom~1998       ; Stuck at GND due to stuck port clock   ;
; Memoria_Instrucoes:comb_5|rom~1999       ; Stuck at GND due to stuck port clock   ;
; Memoria_Instrucoes:comb_5|rom~2000       ; Stuck at GND due to stuck port clock   ;
; Memoria_Instrucoes:comb_5|rom~2001       ; Stuck at GND due to stuck port clock   ;
; Memoria_Instrucoes:comb_5|rom~2002       ; Stuck at GND due to stuck port clock   ;
; Memoria_Instrucoes:comb_5|rom~2003       ; Stuck at GND due to stuck port clock   ;
; Memoria_Instrucoes:comb_5|rom~2004       ; Stuck at GND due to stuck port clock   ;
; Memoria_Instrucoes:comb_5|rom~2005       ; Stuck at GND due to stuck port clock   ;
; Memoria_Instrucoes:comb_5|rom~2006       ; Stuck at GND due to stuck port clock   ;
; Memoria_Instrucoes:comb_5|rom~2007       ; Stuck at GND due to stuck port clock   ;
; Memoria_Instrucoes:comb_5|rom~2008       ; Stuck at GND due to stuck port clock   ;
; Memoria_Instrucoes:comb_5|rom~2009       ; Stuck at GND due to stuck port clock   ;
; Memoria_Instrucoes:comb_5|rom~2010       ; Stuck at GND due to stuck port clock   ;
; Memoria_Instrucoes:comb_5|rom~2011       ; Stuck at GND due to stuck port clock   ;
; Memoria_Instrucoes:comb_5|rom~2012       ; Stuck at GND due to stuck port clock   ;
; Memoria_Instrucoes:comb_5|rom~2013       ; Stuck at GND due to stuck port clock   ;
; Memoria_Instrucoes:comb_5|rom~2014       ; Stuck at GND due to stuck port clock   ;
; Memoria_Instrucoes:comb_5|rom~2015       ; Stuck at GND due to stuck port clock   ;
; Memoria_Instrucoes:comb_5|rom~2016       ; Stuck at GND due to stuck port clock   ;
; Memoria_Instrucoes:comb_5|rom~2017       ; Stuck at GND due to stuck port clock   ;
; Memoria_Instrucoes:comb_5|rom~2018       ; Stuck at GND due to stuck port clock   ;
; Memoria_Instrucoes:comb_5|rom~2019       ; Stuck at GND due to stuck port clock   ;
; Memoria_Instrucoes:comb_5|rom~2020       ; Stuck at GND due to stuck port clock   ;
; Memoria_Instrucoes:comb_5|rom~2021       ; Stuck at GND due to stuck port clock   ;
; Memoria_Instrucoes:comb_5|rom~2022       ; Stuck at GND due to stuck port clock   ;
; Memoria_Instrucoes:comb_5|rom~2023       ; Stuck at GND due to stuck port clock   ;
; Memoria_Instrucoes:comb_5|rom~2024       ; Stuck at GND due to stuck port clock   ;
; Memoria_Instrucoes:comb_5|rom~2025       ; Stuck at GND due to stuck port clock   ;
; Memoria_Instrucoes:comb_5|rom~2026       ; Stuck at GND due to stuck port clock   ;
; Memoria_Instrucoes:comb_5|rom~2027       ; Stuck at GND due to stuck port clock   ;
; Memoria_Instrucoes:comb_5|rom~2028       ; Stuck at GND due to stuck port clock   ;
; Memoria_Instrucoes:comb_5|rom~2029       ; Stuck at GND due to stuck port clock   ;
; Memoria_Instrucoes:comb_5|rom~2030       ; Stuck at GND due to stuck port clock   ;
; Memoria_Instrucoes:comb_5|rom~2031       ; Stuck at GND due to stuck port clock   ;
; Memoria_Instrucoes:comb_5|rom~2032       ; Stuck at GND due to stuck port clock   ;
; Memoria_Instrucoes:comb_5|rom~2033       ; Stuck at GND due to stuck port clock   ;
; Memoria_Instrucoes:comb_5|rom~2034       ; Stuck at GND due to stuck port clock   ;
; Memoria_Instrucoes:comb_5|rom~2035       ; Stuck at GND due to stuck port clock   ;
; Memoria_Instrucoes:comb_5|rom~2036       ; Stuck at GND due to stuck port clock   ;
; Memoria_Instrucoes:comb_5|rom~2037       ; Stuck at GND due to stuck port clock   ;
; Memoria_Instrucoes:comb_5|rom~2038       ; Stuck at GND due to stuck port clock   ;
; Memoria_Instrucoes:comb_5|rom~2039       ; Stuck at GND due to stuck port clock   ;
; Memoria_Instrucoes:comb_5|rom~2040       ; Stuck at GND due to stuck port clock   ;
; Memoria_Instrucoes:comb_5|rom~2041       ; Stuck at GND due to stuck port clock   ;
; Memoria_Instrucoes:comb_5|rom~2042       ; Stuck at GND due to stuck port clock   ;
; Memoria_Instrucoes:comb_5|rom~2043       ; Stuck at GND due to stuck port clock   ;
; Memoria_Instrucoes:comb_5|rom~2044       ; Stuck at GND due to stuck port clock   ;
; Memoria_Instrucoes:comb_5|rom~2045       ; Stuck at GND due to stuck port clock   ;
; Memoria_Instrucoes:comb_5|rom~2046       ; Stuck at GND due to stuck port clock   ;
; Memoria_Instrucoes:comb_5|rom~2047       ; Stuck at GND due to stuck port clock   ;
; Memoria_Instrucoes:comb_5|rom~2048       ; Stuck at GND due to stuck port clock   ;
; Memoria_Instrucoes:comb_5|rom~2049       ; Stuck at GND due to stuck port clock   ;
; Memoria_Instrucoes:comb_5|rom~2050       ; Stuck at GND due to stuck port clock   ;
; Memoria_Instrucoes:comb_5|rom~2051       ; Stuck at GND due to stuck port clock   ;
; Memoria_Instrucoes:comb_5|rom~2052       ; Stuck at GND due to stuck port clock   ;
; Memoria_Instrucoes:comb_5|rom~2053       ; Stuck at GND due to stuck port clock   ;
; Memoria_Instrucoes:comb_5|rom~2054       ; Stuck at GND due to stuck port clock   ;
; Memoria_Instrucoes:comb_5|rom~2055       ; Stuck at GND due to stuck port clock   ;
; Memoria_Instrucoes:comb_5|rom~2056       ; Stuck at GND due to stuck port clock   ;
; Memoria_Instrucoes:comb_5|rom~2057       ; Stuck at GND due to stuck port clock   ;
; Memoria_Instrucoes:comb_5|rom~2058       ; Stuck at GND due to stuck port clock   ;
; Memoria_Instrucoes:comb_5|rom~2059       ; Stuck at GND due to stuck port clock   ;
; Memoria_Instrucoes:comb_5|rom~2060       ; Stuck at GND due to stuck port clock   ;
; Memoria_Instrucoes:comb_5|rom~2061       ; Stuck at GND due to stuck port clock   ;
; Memoria_Instrucoes:comb_5|rom~2062       ; Stuck at GND due to stuck port clock   ;
; Memoria_Instrucoes:comb_5|rom~2063       ; Stuck at GND due to stuck port clock   ;
; Memoria_Instrucoes:comb_5|rom~2064       ; Stuck at GND due to stuck port clock   ;
; Memoria_Instrucoes:comb_5|rom~2065       ; Stuck at GND due to stuck port clock   ;
; Memoria_Instrucoes:comb_5|rom~2066       ; Stuck at GND due to stuck port clock   ;
; Memoria_Instrucoes:comb_5|rom~2067       ; Stuck at GND due to stuck port clock   ;
; Memoria_Instrucoes:comb_5|rom~2068       ; Stuck at GND due to stuck port clock   ;
; Memoria_Instrucoes:comb_5|rom~2069       ; Stuck at GND due to stuck port clock   ;
; Memoria_Instrucoes:comb_5|rom~2070       ; Stuck at GND due to stuck port clock   ;
; Memoria_Instrucoes:comb_5|rom~2071       ; Stuck at GND due to stuck port clock   ;
; Memoria_Instrucoes:comb_5|rom~2072       ; Stuck at GND due to stuck port clock   ;
; Memoria_Instrucoes:comb_5|rom~2073       ; Stuck at GND due to stuck port clock   ;
; Memoria_Instrucoes:comb_5|rom~2074       ; Stuck at GND due to stuck port clock   ;
; Memoria_Instrucoes:comb_5|rom~2075       ; Stuck at GND due to stuck port clock   ;
; Memoria_Instrucoes:comb_5|rom~2076       ; Stuck at GND due to stuck port clock   ;
; Memoria_Instrucoes:comb_5|rom~2077       ; Stuck at GND due to stuck port clock   ;
; Memoria_Instrucoes:comb_5|rom~2078       ; Stuck at GND due to stuck port clock   ;
; Memoria_Instrucoes:comb_5|rom~2079       ; Stuck at GND due to stuck port clock   ;
; Memoria_Instrucoes:comb_5|rom~2080       ; Stuck at GND due to stuck port clock   ;
; Memoria_Instrucoes:comb_5|rom~2081       ; Stuck at GND due to stuck port clock   ;
; Memoria_Instrucoes:comb_5|rom~2082       ; Stuck at GND due to stuck port clock   ;
; Memoria_Instrucoes:comb_5|rom~2083       ; Stuck at GND due to stuck port clock   ;
; Memoria_Instrucoes:comb_5|rom~2084       ; Stuck at GND due to stuck port clock   ;
; Memoria_Instrucoes:comb_5|rom~2085       ; Stuck at GND due to stuck port clock   ;
; Memoria_Instrucoes:comb_5|rom~2086       ; Stuck at GND due to stuck port clock   ;
; Memoria_Instrucoes:comb_5|rom~2087       ; Stuck at GND due to stuck port clock   ;
; Memoria_Instrucoes:comb_5|rom~2088       ; Stuck at GND due to stuck port clock   ;
; Memoria_Instrucoes:comb_5|rom~2089       ; Stuck at GND due to stuck port clock   ;
; Memoria_Instrucoes:comb_5|rom~2090       ; Stuck at GND due to stuck port clock   ;
; Memoria_Instrucoes:comb_5|rom~2091       ; Stuck at GND due to stuck port clock   ;
; Memoria_Instrucoes:comb_5|rom~2092       ; Stuck at GND due to stuck port clock   ;
; Memoria_Instrucoes:comb_5|rom~2093       ; Stuck at GND due to stuck port clock   ;
; Memoria_Instrucoes:comb_5|rom~2094       ; Stuck at GND due to stuck port clock   ;
; Memoria_Instrucoes:comb_5|rom~2095       ; Stuck at GND due to stuck port clock   ;
; Memoria_Instrucoes:comb_5|rom~2096       ; Stuck at GND due to stuck port clock   ;
; Memoria_Instrucoes:comb_5|rom~2097       ; Stuck at GND due to stuck port clock   ;
; Memoria_Instrucoes:comb_5|rom~2098       ; Stuck at GND due to stuck port clock   ;
; Memoria_Instrucoes:comb_5|rom~2099       ; Stuck at GND due to stuck port clock   ;
; Memoria_Instrucoes:comb_5|rom~2100       ; Stuck at GND due to stuck port clock   ;
; Memoria_Instrucoes:comb_5|rom~2101       ; Stuck at GND due to stuck port clock   ;
; Memoria_Instrucoes:comb_5|rom~2102       ; Stuck at GND due to stuck port clock   ;
; Memoria_Instrucoes:comb_5|rom~2103       ; Stuck at GND due to stuck port clock   ;
; Memoria_Instrucoes:comb_5|rom~2104       ; Stuck at GND due to stuck port clock   ;
; Memoria_Instrucoes:comb_5|rom~2105       ; Stuck at GND due to stuck port clock   ;
; Memoria_Instrucoes:comb_5|rom~2106       ; Stuck at GND due to stuck port clock   ;
; Memoria_Instrucoes:comb_5|rom~2107       ; Stuck at GND due to stuck port clock   ;
; Memoria_Instrucoes:comb_5|rom~2108       ; Stuck at GND due to stuck port clock   ;
; Memoria_Instrucoes:comb_5|rom~2109       ; Stuck at GND due to stuck port clock   ;
; Memoria_Instrucoes:comb_5|rom~2110       ; Stuck at GND due to stuck port clock   ;
; Memoria_Instrucoes:comb_5|rom~2111       ; Stuck at GND due to stuck port clock   ;
; Memoria_Instrucoes:comb_5|rom~2112       ; Stuck at GND due to stuck port clock   ;
; Memoria_Instrucoes:comb_5|rom~2113       ; Stuck at GND due to stuck port clock   ;
; Memoria_Instrucoes:comb_5|rom~2114       ; Stuck at GND due to stuck port clock   ;
; Memoria_Instrucoes:comb_5|rom~2115       ; Stuck at GND due to stuck port clock   ;
; Memoria_Instrucoes:comb_5|rom~2116       ; Stuck at GND due to stuck port clock   ;
; Memoria_Instrucoes:comb_5|rom~2117       ; Stuck at GND due to stuck port clock   ;
; Memoria_Instrucoes:comb_5|rom~2118       ; Stuck at GND due to stuck port clock   ;
; Memoria_Instrucoes:comb_5|rom~2119       ; Stuck at GND due to stuck port clock   ;
; Memoria_Instrucoes:comb_5|rom~2120       ; Stuck at GND due to stuck port clock   ;
; Memoria_Instrucoes:comb_5|rom~2121       ; Stuck at GND due to stuck port clock   ;
; Memoria_Instrucoes:comb_5|rom~2122       ; Stuck at GND due to stuck port clock   ;
; Memoria_Instrucoes:comb_5|rom~2123       ; Stuck at GND due to stuck port clock   ;
; Memoria_Instrucoes:comb_5|rom~2124       ; Stuck at GND due to stuck port clock   ;
; Memoria_Instrucoes:comb_5|rom~2125       ; Stuck at GND due to stuck port clock   ;
; Memoria_Instrucoes:comb_5|rom~2126       ; Stuck at GND due to stuck port clock   ;
; Memoria_Instrucoes:comb_5|rom~2127       ; Stuck at GND due to stuck port clock   ;
; Memoria_Instrucoes:comb_5|rom~2128       ; Stuck at GND due to stuck port clock   ;
; Memoria_Instrucoes:comb_5|rom~2129       ; Stuck at GND due to stuck port clock   ;
; Memoria_Instrucoes:comb_5|rom~2130       ; Stuck at GND due to stuck port clock   ;
; Memoria_Instrucoes:comb_5|rom~2131       ; Stuck at GND due to stuck port clock   ;
; Memoria_Instrucoes:comb_5|rom~2132       ; Stuck at GND due to stuck port clock   ;
; Memoria_Instrucoes:comb_5|rom~2133       ; Stuck at GND due to stuck port clock   ;
; Memoria_Instrucoes:comb_5|rom~2134       ; Stuck at GND due to stuck port clock   ;
; Memoria_Instrucoes:comb_5|rom~2135       ; Stuck at GND due to stuck port clock   ;
; Memoria_Instrucoes:comb_5|rom~2136       ; Stuck at GND due to stuck port clock   ;
; Memoria_Instrucoes:comb_5|rom~2137       ; Stuck at GND due to stuck port clock   ;
; Memoria_Instrucoes:comb_5|rom~2138       ; Stuck at GND due to stuck port clock   ;
; Memoria_Instrucoes:comb_5|rom~2139       ; Stuck at GND due to stuck port clock   ;
; Memoria_Instrucoes:comb_5|rom~2140       ; Stuck at GND due to stuck port clock   ;
; Memoria_Instrucoes:comb_5|rom~2141       ; Stuck at GND due to stuck port clock   ;
; Memoria_Instrucoes:comb_5|rom~2142       ; Stuck at GND due to stuck port clock   ;
; Memoria_Instrucoes:comb_5|rom~2143       ; Stuck at GND due to stuck port clock   ;
; Memoria_Instrucoes:comb_5|rom~2144       ; Stuck at GND due to stuck port clock   ;
; Memoria_Instrucoes:comb_5|rom~2145       ; Stuck at GND due to stuck port clock   ;
; Memoria_Instrucoes:comb_5|rom~2146       ; Stuck at GND due to stuck port clock   ;
; Memoria_Instrucoes:comb_5|rom~2147       ; Stuck at GND due to stuck port clock   ;
; Memoria_Instrucoes:comb_5|rom~2148       ; Stuck at GND due to stuck port clock   ;
; Memoria_Instrucoes:comb_5|rom~2149       ; Stuck at GND due to stuck port clock   ;
; Memoria_Instrucoes:comb_5|rom~2150       ; Stuck at GND due to stuck port clock   ;
; Memoria_Instrucoes:comb_5|rom~2151       ; Stuck at GND due to stuck port clock   ;
; Memoria_Instrucoes:comb_5|rom~2152       ; Stuck at GND due to stuck port clock   ;
; Memoria_Instrucoes:comb_5|rom~2153       ; Stuck at GND due to stuck port clock   ;
; Memoria_Instrucoes:comb_5|rom~2154       ; Stuck at GND due to stuck port clock   ;
; Memoria_Instrucoes:comb_5|rom~2155       ; Stuck at GND due to stuck port clock   ;
; Memoria_Instrucoes:comb_5|rom~2156       ; Stuck at GND due to stuck port clock   ;
; Memoria_Instrucoes:comb_5|rom~2157       ; Stuck at GND due to stuck port clock   ;
; Memoria_Instrucoes:comb_5|rom~2158       ; Stuck at GND due to stuck port clock   ;
; Memoria_Instrucoes:comb_5|rom~2159       ; Stuck at GND due to stuck port clock   ;
; Memoria_Instrucoes:comb_5|rom~2160       ; Stuck at GND due to stuck port clock   ;
; Memoria_Instrucoes:comb_5|rom~2161       ; Stuck at GND due to stuck port clock   ;
; Memoria_Instrucoes:comb_5|rom~2162       ; Stuck at GND due to stuck port clock   ;
; Memoria_Instrucoes:comb_5|rom~2163       ; Stuck at GND due to stuck port clock   ;
; Memoria_Instrucoes:comb_5|rom~2164       ; Stuck at GND due to stuck port clock   ;
; Memoria_Instrucoes:comb_5|rom~2165       ; Stuck at GND due to stuck port clock   ;
; Memoria_Instrucoes:comb_5|rom~2166       ; Stuck at GND due to stuck port clock   ;
; Memoria_Instrucoes:comb_5|rom~2167       ; Stuck at GND due to stuck port clock   ;
; Memoria_Instrucoes:comb_5|rom~2168       ; Stuck at GND due to stuck port clock   ;
; Memoria_Instrucoes:comb_5|rom~2169       ; Stuck at GND due to stuck port clock   ;
; Memoria_Instrucoes:comb_5|rom~2170       ; Stuck at GND due to stuck port clock   ;
; Memoria_Instrucoes:comb_5|rom~2171       ; Stuck at GND due to stuck port clock   ;
; Memoria_Instrucoes:comb_5|rom~2172       ; Stuck at GND due to stuck port clock   ;
; Memoria_Instrucoes:comb_5|rom~2173       ; Stuck at GND due to stuck port clock   ;
; Memoria_Instrucoes:comb_5|rom~2174       ; Stuck at GND due to stuck port clock   ;
; Memoria_Instrucoes:comb_5|rom~2175       ; Stuck at GND due to stuck port clock   ;
; Memoria_Instrucoes:comb_5|rom~2176       ; Stuck at GND due to stuck port clock   ;
; Memoria_Instrucoes:comb_5|rom~2177       ; Stuck at GND due to stuck port clock   ;
; Memoria_Instrucoes:comb_5|rom~2178       ; Stuck at GND due to stuck port clock   ;
; Memoria_Instrucoes:comb_5|rom~2179       ; Stuck at GND due to stuck port clock   ;
; Memoria_Instrucoes:comb_5|rom~2180       ; Stuck at GND due to stuck port clock   ;
; Memoria_Instrucoes:comb_5|rom~2181       ; Stuck at GND due to stuck port clock   ;
; Memoria_Instrucoes:comb_5|rom~2182       ; Stuck at GND due to stuck port clock   ;
; Memoria_Instrucoes:comb_5|rom~2183       ; Stuck at GND due to stuck port clock   ;
; Memoria_Instrucoes:comb_5|rom~2184       ; Stuck at GND due to stuck port clock   ;
; Memoria_Instrucoes:comb_5|rom~2185       ; Stuck at GND due to stuck port clock   ;
; Memoria_Instrucoes:comb_5|rom~2186       ; Stuck at GND due to stuck port clock   ;
; Memoria_Instrucoes:comb_5|rom~2187       ; Stuck at GND due to stuck port clock   ;
; Memoria_Instrucoes:comb_5|rom~2188       ; Stuck at GND due to stuck port clock   ;
; Memoria_Instrucoes:comb_5|rom~2189       ; Stuck at GND due to stuck port clock   ;
; Memoria_Instrucoes:comb_5|rom~2190       ; Stuck at GND due to stuck port clock   ;
; Memoria_Instrucoes:comb_5|rom~2191       ; Stuck at GND due to stuck port clock   ;
; Memoria_Instrucoes:comb_5|rom~2192       ; Stuck at GND due to stuck port clock   ;
; Memoria_Instrucoes:comb_5|rom~2193       ; Stuck at GND due to stuck port clock   ;
; Memoria_Instrucoes:comb_5|rom~2194       ; Stuck at GND due to stuck port clock   ;
; Memoria_Instrucoes:comb_5|rom~2195       ; Stuck at GND due to stuck port clock   ;
; Memoria_Instrucoes:comb_5|rom~2196       ; Stuck at GND due to stuck port clock   ;
; Memoria_Instrucoes:comb_5|rom~2197       ; Stuck at GND due to stuck port clock   ;
; Memoria_Instrucoes:comb_5|rom~2198       ; Stuck at GND due to stuck port clock   ;
; Memoria_Instrucoes:comb_5|rom~2199       ; Stuck at GND due to stuck port clock   ;
; Memoria_Instrucoes:comb_5|rom~2200       ; Stuck at GND due to stuck port clock   ;
; Memoria_Instrucoes:comb_5|rom~2201       ; Stuck at GND due to stuck port clock   ;
; Memoria_Instrucoes:comb_5|rom~2202       ; Stuck at GND due to stuck port clock   ;
; Memoria_Instrucoes:comb_5|rom~2203       ; Stuck at GND due to stuck port clock   ;
; Memoria_Instrucoes:comb_5|rom~2204       ; Stuck at GND due to stuck port clock   ;
; Memoria_Instrucoes:comb_5|rom~2205       ; Stuck at GND due to stuck port clock   ;
; Memoria_Instrucoes:comb_5|rom~2206       ; Stuck at GND due to stuck port clock   ;
; Memoria_Instrucoes:comb_5|rom~2207       ; Stuck at GND due to stuck port clock   ;
; Memoria_Instrucoes:comb_5|rom~2208       ; Stuck at GND due to stuck port clock   ;
; Memoria_Instrucoes:comb_5|rom~2209       ; Stuck at GND due to stuck port clock   ;
; Memoria_Instrucoes:comb_5|rom~2210       ; Stuck at GND due to stuck port clock   ;
; Memoria_Instrucoes:comb_5|rom~2211       ; Stuck at GND due to stuck port clock   ;
; Memoria_Instrucoes:comb_5|rom~2212       ; Stuck at GND due to stuck port clock   ;
; Memoria_Instrucoes:comb_5|rom~2213       ; Stuck at GND due to stuck port clock   ;
; Memoria_Instrucoes:comb_5|rom~2214       ; Stuck at GND due to stuck port clock   ;
; Memoria_Instrucoes:comb_5|rom~2215       ; Stuck at GND due to stuck port clock   ;
; Memoria_Instrucoes:comb_5|rom~2216       ; Stuck at GND due to stuck port clock   ;
; Memoria_Instrucoes:comb_5|rom~2217       ; Stuck at GND due to stuck port clock   ;
; Memoria_Instrucoes:comb_5|rom~2218       ; Stuck at GND due to stuck port clock   ;
; Memoria_Instrucoes:comb_5|rom~2219       ; Stuck at GND due to stuck port clock   ;
; Memoria_Instrucoes:comb_5|rom~2220       ; Stuck at GND due to stuck port clock   ;
; Memoria_Instrucoes:comb_5|rom~2221       ; Stuck at GND due to stuck port clock   ;
; Memoria_Instrucoes:comb_5|rom~2222       ; Stuck at GND due to stuck port clock   ;
; Memoria_Instrucoes:comb_5|rom~2223       ; Stuck at GND due to stuck port clock   ;
; Memoria_Instrucoes:comb_5|rom~2224       ; Stuck at GND due to stuck port clock   ;
; Memoria_Instrucoes:comb_5|rom~2225       ; Stuck at GND due to stuck port clock   ;
; Memoria_Instrucoes:comb_5|rom~2226       ; Stuck at GND due to stuck port clock   ;
; Memoria_Instrucoes:comb_5|rom~2227       ; Stuck at GND due to stuck port clock   ;
; Memoria_Instrucoes:comb_5|rom~2228       ; Stuck at GND due to stuck port clock   ;
; Memoria_Instrucoes:comb_5|rom~2229       ; Stuck at GND due to stuck port clock   ;
; Memoria_Instrucoes:comb_5|rom~2230       ; Stuck at GND due to stuck port clock   ;
; Memoria_Instrucoes:comb_5|rom~2231       ; Stuck at GND due to stuck port clock   ;
; Memoria_Instrucoes:comb_5|rom~2232       ; Stuck at GND due to stuck port clock   ;
; Memoria_Instrucoes:comb_5|rom~2233       ; Stuck at GND due to stuck port clock   ;
; Memoria_Instrucoes:comb_5|rom~2234       ; Stuck at GND due to stuck port clock   ;
; Memoria_Instrucoes:comb_5|rom~2235       ; Stuck at GND due to stuck port clock   ;
; Memoria_Instrucoes:comb_5|rom~2236       ; Stuck at GND due to stuck port clock   ;
; Memoria_Instrucoes:comb_5|rom~2237       ; Stuck at GND due to stuck port clock   ;
; Memoria_Instrucoes:comb_5|rom~2238       ; Stuck at GND due to stuck port clock   ;
; Memoria_Instrucoes:comb_5|rom~2239       ; Stuck at GND due to stuck port clock   ;
; Memoria_Instrucoes:comb_5|rom~2240       ; Stuck at GND due to stuck port clock   ;
; Memoria_Instrucoes:comb_5|rom~2241       ; Stuck at GND due to stuck port clock   ;
; Memoria_Instrucoes:comb_5|rom~2242       ; Stuck at GND due to stuck port clock   ;
; Memoria_Instrucoes:comb_5|rom~2243       ; Stuck at GND due to stuck port clock   ;
; Memoria_Instrucoes:comb_5|rom~2244       ; Stuck at GND due to stuck port clock   ;
; Memoria_Instrucoes:comb_5|rom~2245       ; Stuck at GND due to stuck port clock   ;
; Memoria_Instrucoes:comb_5|rom~2246       ; Stuck at GND due to stuck port clock   ;
; Memoria_Instrucoes:comb_5|rom~2247       ; Stuck at GND due to stuck port clock   ;
; Memoria_Instrucoes:comb_5|rom~2248       ; Stuck at GND due to stuck port clock   ;
; Memoria_Instrucoes:comb_5|rom~2249       ; Stuck at GND due to stuck port clock   ;
; Memoria_Instrucoes:comb_5|rom~2250       ; Stuck at GND due to stuck port clock   ;
; Memoria_Instrucoes:comb_5|rom~2251       ; Stuck at GND due to stuck port clock   ;
; Memoria_Instrucoes:comb_5|rom~2252       ; Stuck at GND due to stuck port clock   ;
; Memoria_Instrucoes:comb_5|rom~2253       ; Stuck at GND due to stuck port clock   ;
; Memoria_Instrucoes:comb_5|rom~2254       ; Stuck at GND due to stuck port clock   ;
; Memoria_Instrucoes:comb_5|rom~2255       ; Stuck at GND due to stuck port clock   ;
; Memoria_Instrucoes:comb_5|rom~2256       ; Stuck at GND due to stuck port clock   ;
; Memoria_Instrucoes:comb_5|rom~2257       ; Stuck at GND due to stuck port clock   ;
; Memoria_Instrucoes:comb_5|rom~2258       ; Stuck at GND due to stuck port clock   ;
; Memoria_Instrucoes:comb_5|rom~2259       ; Stuck at GND due to stuck port clock   ;
; Memoria_Instrucoes:comb_5|rom~2260       ; Stuck at GND due to stuck port clock   ;
; Memoria_Instrucoes:comb_5|rom~2261       ; Stuck at GND due to stuck port clock   ;
; Memoria_Instrucoes:comb_5|rom~2262       ; Stuck at GND due to stuck port clock   ;
; Memoria_Instrucoes:comb_5|rom~2263       ; Stuck at GND due to stuck port clock   ;
; Memoria_Instrucoes:comb_5|rom~2264       ; Stuck at GND due to stuck port clock   ;
; Memoria_Instrucoes:comb_5|rom~2265       ; Stuck at GND due to stuck port clock   ;
; Memoria_Instrucoes:comb_5|rom~2266       ; Stuck at GND due to stuck port clock   ;
; Memoria_Instrucoes:comb_5|rom~2267       ; Stuck at GND due to stuck port clock   ;
; Memoria_Instrucoes:comb_5|rom~2268       ; Stuck at GND due to stuck port clock   ;
; Memoria_Instrucoes:comb_5|rom~2269       ; Stuck at GND due to stuck port clock   ;
; Memoria_Instrucoes:comb_5|rom~2270       ; Stuck at GND due to stuck port clock   ;
; Memoria_Instrucoes:comb_5|rom~2271       ; Stuck at GND due to stuck port clock   ;
; Memoria_Instrucoes:comb_5|rom~2272       ; Stuck at GND due to stuck port clock   ;
; Memoria_Instrucoes:comb_5|rom~2273       ; Stuck at GND due to stuck port clock   ;
; Memoria_Instrucoes:comb_5|rom~2274       ; Stuck at GND due to stuck port clock   ;
; Memoria_Instrucoes:comb_5|rom~2275       ; Stuck at GND due to stuck port clock   ;
; Memoria_Instrucoes:comb_5|rom~2276       ; Stuck at GND due to stuck port clock   ;
; Memoria_Instrucoes:comb_5|rom~2277       ; Stuck at GND due to stuck port clock   ;
; Memoria_Instrucoes:comb_5|rom~2278       ; Stuck at GND due to stuck port clock   ;
; Memoria_Instrucoes:comb_5|rom~2279       ; Stuck at GND due to stuck port clock   ;
; Memoria_Instrucoes:comb_5|rom~2280       ; Stuck at GND due to stuck port clock   ;
; Memoria_Instrucoes:comb_5|rom~2281       ; Stuck at GND due to stuck port clock   ;
; Memoria_Instrucoes:comb_5|rom~2282       ; Stuck at GND due to stuck port clock   ;
; Memoria_Instrucoes:comb_5|rom~2283       ; Stuck at GND due to stuck port clock   ;
; Memoria_Instrucoes:comb_5|rom~2284       ; Stuck at GND due to stuck port clock   ;
; Memoria_Instrucoes:comb_5|rom~2285       ; Stuck at GND due to stuck port clock   ;
; Memoria_Instrucoes:comb_5|rom~2286       ; Stuck at GND due to stuck port clock   ;
; Memoria_Instrucoes:comb_5|rom~2287       ; Stuck at GND due to stuck port clock   ;
; Memoria_Instrucoes:comb_5|rom~2288       ; Stuck at GND due to stuck port clock   ;
; Memoria_Instrucoes:comb_5|rom~2289       ; Stuck at GND due to stuck port clock   ;
; Memoria_Instrucoes:comb_5|rom~2290       ; Stuck at GND due to stuck port clock   ;
; Memoria_Instrucoes:comb_5|rom~2291       ; Stuck at GND due to stuck port clock   ;
; Memoria_Instrucoes:comb_5|rom~2292       ; Stuck at GND due to stuck port clock   ;
; Memoria_Instrucoes:comb_5|rom~2293       ; Stuck at GND due to stuck port clock   ;
; Memoria_Instrucoes:comb_5|rom~2294       ; Stuck at GND due to stuck port clock   ;
; Memoria_Instrucoes:comb_5|rom~2295       ; Stuck at GND due to stuck port clock   ;
; Memoria_Instrucoes:comb_5|rom~2296       ; Stuck at GND due to stuck port clock   ;
; Memoria_Instrucoes:comb_5|rom~2297       ; Stuck at GND due to stuck port clock   ;
; Memoria_Instrucoes:comb_5|rom~2298       ; Stuck at GND due to stuck port clock   ;
; Memoria_Instrucoes:comb_5|rom~2299       ; Stuck at GND due to stuck port clock   ;
; Memoria_Instrucoes:comb_5|rom~2300       ; Stuck at GND due to stuck port clock   ;
; Memoria_Instrucoes:comb_5|rom~2301       ; Stuck at GND due to stuck port clock   ;
; Memoria_Instrucoes:comb_5|rom~2302       ; Stuck at GND due to stuck port clock   ;
; Memoria_Instrucoes:comb_5|rom~2303       ; Stuck at GND due to stuck port clock   ;
; Memoria_Instrucoes:comb_5|rom~2304       ; Stuck at GND due to stuck port clock   ;
; Memoria_Instrucoes:comb_5|rom~2305       ; Stuck at GND due to stuck port clock   ;
; Memoria_Instrucoes:comb_5|rom~2306       ; Stuck at GND due to stuck port clock   ;
; Memoria_Instrucoes:comb_5|rom~2307       ; Stuck at GND due to stuck port clock   ;
; Memoria_Instrucoes:comb_5|rom~2308       ; Stuck at GND due to stuck port clock   ;
; Memoria_Instrucoes:comb_5|rom~2309       ; Stuck at GND due to stuck port clock   ;
; Memoria_Instrucoes:comb_5|rom~2310       ; Stuck at GND due to stuck port clock   ;
; Memoria_Instrucoes:comb_5|rom~2311       ; Stuck at GND due to stuck port clock   ;
; Memoria_Instrucoes:comb_5|rom~2312       ; Stuck at GND due to stuck port clock   ;
; Memoria_Instrucoes:comb_5|rom~2313       ; Stuck at GND due to stuck port clock   ;
; Memoria_Instrucoes:comb_5|rom~2314       ; Stuck at GND due to stuck port clock   ;
; Memoria_Instrucoes:comb_5|rom~2315       ; Stuck at GND due to stuck port clock   ;
; Memoria_Instrucoes:comb_5|rom~2316       ; Stuck at GND due to stuck port clock   ;
; Memoria_Instrucoes:comb_5|rom~2317       ; Stuck at GND due to stuck port clock   ;
; Memoria_Instrucoes:comb_5|rom~2318       ; Stuck at GND due to stuck port clock   ;
; Memoria_Instrucoes:comb_5|rom~2319       ; Stuck at GND due to stuck port clock   ;
; Memoria_Instrucoes:comb_5|rom~2320       ; Stuck at GND due to stuck port clock   ;
; Memoria_Instrucoes:comb_5|rom~2321       ; Stuck at GND due to stuck port clock   ;
; Memoria_Instrucoes:comb_5|rom~2322       ; Stuck at GND due to stuck port clock   ;
; Memoria_Instrucoes:comb_5|rom~2323       ; Stuck at GND due to stuck port clock   ;
; Memoria_Instrucoes:comb_5|rom~2324       ; Stuck at GND due to stuck port clock   ;
; Memoria_Instrucoes:comb_5|rom~2325       ; Stuck at GND due to stuck port clock   ;
; Memoria_Instrucoes:comb_5|rom~2326       ; Stuck at GND due to stuck port clock   ;
; Memoria_Instrucoes:comb_5|rom~2327       ; Stuck at GND due to stuck port clock   ;
; Memoria_Instrucoes:comb_5|rom~2328       ; Stuck at GND due to stuck port clock   ;
; Memoria_Instrucoes:comb_5|rom~2329       ; Stuck at GND due to stuck port clock   ;
; Memoria_Instrucoes:comb_5|rom~2330       ; Stuck at GND due to stuck port clock   ;
; Memoria_Instrucoes:comb_5|rom~2331       ; Stuck at GND due to stuck port clock   ;
; Memoria_Instrucoes:comb_5|rom~2332       ; Stuck at GND due to stuck port clock   ;
; Memoria_Instrucoes:comb_5|rom~2333       ; Stuck at GND due to stuck port clock   ;
; Memoria_Instrucoes:comb_5|rom~2334       ; Stuck at GND due to stuck port clock   ;
; Memoria_Instrucoes:comb_5|rom~2335       ; Stuck at GND due to stuck port clock   ;
; Memoria_Instrucoes:comb_5|rom~2336       ; Stuck at GND due to stuck port clock   ;
; Memoria_Instrucoes:comb_5|rom~2337       ; Stuck at GND due to stuck port clock   ;
; Memoria_Instrucoes:comb_5|rom~2338       ; Stuck at GND due to stuck port clock   ;
; Memoria_Instrucoes:comb_5|rom~2339       ; Stuck at GND due to stuck port clock   ;
; Memoria_Instrucoes:comb_5|rom~2340       ; Stuck at GND due to stuck port clock   ;
; Memoria_Instrucoes:comb_5|rom~2341       ; Stuck at GND due to stuck port clock   ;
; Memoria_Instrucoes:comb_5|rom~2342       ; Stuck at GND due to stuck port clock   ;
; Memoria_Instrucoes:comb_5|rom~2343       ; Stuck at GND due to stuck port clock   ;
; Memoria_Instrucoes:comb_5|rom~2344       ; Stuck at GND due to stuck port clock   ;
; Memoria_Instrucoes:comb_5|rom~2345       ; Stuck at GND due to stuck port clock   ;
; Memoria_Instrucoes:comb_5|rom~2346       ; Stuck at GND due to stuck port clock   ;
; Memoria_Instrucoes:comb_5|rom~2347       ; Stuck at GND due to stuck port clock   ;
; Memoria_Instrucoes:comb_5|rom~2348       ; Stuck at GND due to stuck port clock   ;
; Memoria_Instrucoes:comb_5|rom~2349       ; Stuck at GND due to stuck port clock   ;
; Memoria_Instrucoes:comb_5|rom~2350       ; Stuck at GND due to stuck port clock   ;
; Memoria_Instrucoes:comb_5|rom~2351       ; Stuck at GND due to stuck port clock   ;
; Memoria_Instrucoes:comb_5|rom~2352       ; Stuck at GND due to stuck port clock   ;
; Memoria_Instrucoes:comb_5|rom~2353       ; Stuck at GND due to stuck port clock   ;
; Memoria_Instrucoes:comb_5|rom~2354       ; Stuck at GND due to stuck port clock   ;
; Memoria_Instrucoes:comb_5|rom~2355       ; Stuck at GND due to stuck port clock   ;
; Memoria_Instrucoes:comb_5|rom~2356       ; Stuck at GND due to stuck port clock   ;
; Memoria_Instrucoes:comb_5|rom~2357       ; Stuck at GND due to stuck port clock   ;
; Memoria_Instrucoes:comb_5|rom~2358       ; Stuck at GND due to stuck port clock   ;
; Memoria_Instrucoes:comb_5|rom~2359       ; Stuck at GND due to stuck port clock   ;
; Memoria_Instrucoes:comb_5|rom~2360       ; Stuck at GND due to stuck port clock   ;
; Memoria_Instrucoes:comb_5|rom~2361       ; Stuck at GND due to stuck port clock   ;
; Memoria_Instrucoes:comb_5|rom~2362       ; Stuck at GND due to stuck port clock   ;
; Memoria_Instrucoes:comb_5|rom~2363       ; Stuck at GND due to stuck port clock   ;
; Memoria_Instrucoes:comb_5|rom~2364       ; Stuck at GND due to stuck port clock   ;
; Memoria_Instrucoes:comb_5|rom~2365       ; Stuck at GND due to stuck port clock   ;
; Memoria_Instrucoes:comb_5|rom~2366       ; Stuck at GND due to stuck port clock   ;
; Memoria_Instrucoes:comb_5|rom~2367       ; Stuck at GND due to stuck port clock   ;
; Memoria_Instrucoes:comb_5|rom~2368       ; Stuck at GND due to stuck port clock   ;
; Memoria_Instrucoes:comb_5|rom~2369       ; Stuck at GND due to stuck port clock   ;
; Memoria_Instrucoes:comb_5|rom~2370       ; Stuck at GND due to stuck port clock   ;
; Memoria_Instrucoes:comb_5|rom~2371       ; Stuck at GND due to stuck port clock   ;
; Memoria_Instrucoes:comb_5|rom~2372       ; Stuck at GND due to stuck port clock   ;
; Memoria_Instrucoes:comb_5|rom~2373       ; Stuck at GND due to stuck port clock   ;
; Memoria_Instrucoes:comb_5|rom~2374       ; Stuck at GND due to stuck port clock   ;
; Memoria_Instrucoes:comb_5|rom~2375       ; Stuck at GND due to stuck port clock   ;
; Memoria_Instrucoes:comb_5|rom~2376       ; Stuck at GND due to stuck port clock   ;
; Memoria_Instrucoes:comb_5|rom~2377       ; Stuck at GND due to stuck port clock   ;
; Memoria_Instrucoes:comb_5|rom~2378       ; Stuck at GND due to stuck port clock   ;
; Memoria_Instrucoes:comb_5|rom~2379       ; Stuck at GND due to stuck port clock   ;
; Memoria_Instrucoes:comb_5|rom~2380       ; Stuck at GND due to stuck port clock   ;
; Memoria_Instrucoes:comb_5|rom~2381       ; Stuck at GND due to stuck port clock   ;
; Memoria_Instrucoes:comb_5|rom~2382       ; Stuck at GND due to stuck port clock   ;
; Memoria_Instrucoes:comb_5|rom~2383       ; Stuck at GND due to stuck port clock   ;
; Memoria_Instrucoes:comb_5|rom~2384       ; Stuck at GND due to stuck port clock   ;
; Memoria_Instrucoes:comb_5|rom~2385       ; Stuck at GND due to stuck port clock   ;
; Memoria_Instrucoes:comb_5|rom~2386       ; Stuck at GND due to stuck port clock   ;
; Memoria_Instrucoes:comb_5|rom~2387       ; Stuck at GND due to stuck port clock   ;
; Memoria_Instrucoes:comb_5|rom~2388       ; Stuck at GND due to stuck port clock   ;
; Memoria_Instrucoes:comb_5|rom~2389       ; Stuck at GND due to stuck port clock   ;
; Memoria_Instrucoes:comb_5|rom~2390       ; Stuck at GND due to stuck port clock   ;
; Memoria_Instrucoes:comb_5|rom~2391       ; Stuck at GND due to stuck port clock   ;
; Memoria_Instrucoes:comb_5|rom~2392       ; Stuck at GND due to stuck port clock   ;
; Memoria_Instrucoes:comb_5|rom~2393       ; Stuck at GND due to stuck port clock   ;
; Memoria_Instrucoes:comb_5|rom~2394       ; Stuck at GND due to stuck port clock   ;
; Memoria_Instrucoes:comb_5|rom~2395       ; Stuck at GND due to stuck port clock   ;
; Memoria_Instrucoes:comb_5|rom~2396       ; Stuck at GND due to stuck port clock   ;
; Memoria_Instrucoes:comb_5|rom~2397       ; Stuck at GND due to stuck port clock   ;
; Memoria_Instrucoes:comb_5|rom~2398       ; Stuck at GND due to stuck port clock   ;
; Memoria_Instrucoes:comb_5|rom~2399       ; Stuck at GND due to stuck port clock   ;
; Memoria_Instrucoes:comb_5|rom~2400       ; Stuck at GND due to stuck port clock   ;
; Memoria_Instrucoes:comb_5|rom~2401       ; Stuck at GND due to stuck port clock   ;
; Memoria_Instrucoes:comb_5|rom~2402       ; Stuck at GND due to stuck port clock   ;
; Memoria_Instrucoes:comb_5|rom~2403       ; Stuck at GND due to stuck port clock   ;
; Memoria_Instrucoes:comb_5|rom~2404       ; Stuck at GND due to stuck port clock   ;
; Memoria_Instrucoes:comb_5|rom~2405       ; Stuck at GND due to stuck port clock   ;
; Memoria_Instrucoes:comb_5|rom~2406       ; Stuck at GND due to stuck port clock   ;
; Memoria_Instrucoes:comb_5|rom~2407       ; Stuck at GND due to stuck port clock   ;
; Memoria_Instrucoes:comb_5|rom~2408       ; Stuck at GND due to stuck port clock   ;
; Memoria_Instrucoes:comb_5|rom~2409       ; Stuck at GND due to stuck port clock   ;
; Memoria_Instrucoes:comb_5|rom~2410       ; Stuck at GND due to stuck port clock   ;
; Memoria_Instrucoes:comb_5|rom~2411       ; Stuck at GND due to stuck port clock   ;
; Memoria_Instrucoes:comb_5|rom~2412       ; Stuck at GND due to stuck port clock   ;
; Memoria_Instrucoes:comb_5|rom~2413       ; Stuck at GND due to stuck port clock   ;
; Memoria_Instrucoes:comb_5|rom~2414       ; Stuck at GND due to stuck port clock   ;
; Memoria_Instrucoes:comb_5|rom~2415       ; Stuck at GND due to stuck port clock   ;
; Memoria_Instrucoes:comb_5|rom~2416       ; Stuck at GND due to stuck port clock   ;
; Memoria_Instrucoes:comb_5|rom~2417       ; Stuck at GND due to stuck port clock   ;
; Memoria_Instrucoes:comb_5|rom~2418       ; Stuck at GND due to stuck port clock   ;
; Memoria_Instrucoes:comb_5|rom~2419       ; Stuck at GND due to stuck port clock   ;
; Memoria_Instrucoes:comb_5|rom~2420       ; Stuck at GND due to stuck port clock   ;
; Memoria_Instrucoes:comb_5|rom~2421       ; Stuck at GND due to stuck port clock   ;
; Memoria_Instrucoes:comb_5|rom~2422       ; Stuck at GND due to stuck port clock   ;
; Memoria_Instrucoes:comb_5|rom~2423       ; Stuck at GND due to stuck port clock   ;
; Memoria_Instrucoes:comb_5|rom~2424       ; Stuck at GND due to stuck port clock   ;
; Memoria_Instrucoes:comb_5|rom~2425       ; Stuck at GND due to stuck port clock   ;
; Memoria_Instrucoes:comb_5|rom~2426       ; Stuck at GND due to stuck port clock   ;
; Memoria_Instrucoes:comb_5|rom~2427       ; Stuck at GND due to stuck port clock   ;
; Memoria_Instrucoes:comb_5|rom~2428       ; Stuck at GND due to stuck port clock   ;
; Memoria_Instrucoes:comb_5|rom~2429       ; Stuck at GND due to stuck port clock   ;
; Memoria_Instrucoes:comb_5|rom~2430       ; Stuck at GND due to stuck port clock   ;
; Memoria_Instrucoes:comb_5|rom~2431       ; Stuck at GND due to stuck port clock   ;
; Memoria_Instrucoes:comb_5|rom~2432       ; Stuck at GND due to stuck port clock   ;
; Memoria_Instrucoes:comb_5|rom~2433       ; Stuck at GND due to stuck port clock   ;
; Memoria_Instrucoes:comb_5|rom~2434       ; Stuck at GND due to stuck port clock   ;
; Memoria_Instrucoes:comb_5|rom~2435       ; Stuck at GND due to stuck port clock   ;
; Memoria_Instrucoes:comb_5|rom~2436       ; Stuck at GND due to stuck port clock   ;
; Memoria_Instrucoes:comb_5|rom~2437       ; Stuck at GND due to stuck port clock   ;
; Memoria_Instrucoes:comb_5|rom~2438       ; Stuck at GND due to stuck port clock   ;
; Memoria_Instrucoes:comb_5|rom~2439       ; Stuck at GND due to stuck port clock   ;
; Memoria_Instrucoes:comb_5|rom~2440       ; Stuck at GND due to stuck port clock   ;
; Memoria_Instrucoes:comb_5|rom~2441       ; Stuck at GND due to stuck port clock   ;
; Memoria_Instrucoes:comb_5|rom~2442       ; Stuck at GND due to stuck port clock   ;
; Memoria_Instrucoes:comb_5|rom~2443       ; Stuck at GND due to stuck port clock   ;
; Memoria_Instrucoes:comb_5|rom~2444       ; Stuck at GND due to stuck port clock   ;
; Memoria_Instrucoes:comb_5|rom~2445       ; Stuck at GND due to stuck port clock   ;
; Memoria_Instrucoes:comb_5|rom~2446       ; Stuck at GND due to stuck port clock   ;
; Memoria_Instrucoes:comb_5|rom~2447       ; Stuck at GND due to stuck port clock   ;
; Memoria_Instrucoes:comb_5|rom~2448       ; Stuck at GND due to stuck port clock   ;
; Memoria_Instrucoes:comb_5|rom~2449       ; Stuck at GND due to stuck port clock   ;
; Memoria_Instrucoes:comb_5|rom~2450       ; Stuck at GND due to stuck port clock   ;
; Memoria_Instrucoes:comb_5|rom~2451       ; Stuck at GND due to stuck port clock   ;
; Memoria_Instrucoes:comb_5|rom~2452       ; Stuck at GND due to stuck port clock   ;
; Memoria_Instrucoes:comb_5|rom~2453       ; Stuck at GND due to stuck port clock   ;
; Memoria_Instrucoes:comb_5|rom~2454       ; Stuck at GND due to stuck port clock   ;
; Memoria_Instrucoes:comb_5|rom~2455       ; Stuck at GND due to stuck port clock   ;
; Memoria_Instrucoes:comb_5|rom~2456       ; Stuck at GND due to stuck port clock   ;
; Memoria_Instrucoes:comb_5|rom~2457       ; Stuck at GND due to stuck port clock   ;
; Memoria_Instrucoes:comb_5|rom~2458       ; Stuck at GND due to stuck port clock   ;
; Memoria_Instrucoes:comb_5|rom~2459       ; Stuck at GND due to stuck port clock   ;
; Memoria_Instrucoes:comb_5|rom~2460       ; Stuck at GND due to stuck port clock   ;
; Memoria_Instrucoes:comb_5|rom~2461       ; Stuck at GND due to stuck port clock   ;
; Memoria_Instrucoes:comb_5|rom~2462       ; Stuck at GND due to stuck port clock   ;
; Memoria_Instrucoes:comb_5|rom~2463       ; Stuck at GND due to stuck port clock   ;
; Memoria_Instrucoes:comb_5|rom~2464       ; Stuck at GND due to stuck port clock   ;
; Memoria_Instrucoes:comb_5|rom~2465       ; Stuck at GND due to stuck port clock   ;
; Memoria_Instrucoes:comb_5|rom~2466       ; Stuck at GND due to stuck port clock   ;
; Memoria_Instrucoes:comb_5|rom~2467       ; Stuck at GND due to stuck port clock   ;
; Memoria_Instrucoes:comb_5|rom~2468       ; Stuck at GND due to stuck port clock   ;
; Memoria_Instrucoes:comb_5|rom~2469       ; Stuck at GND due to stuck port clock   ;
; Memoria_Instrucoes:comb_5|rom~2470       ; Stuck at GND due to stuck port clock   ;
; Memoria_Instrucoes:comb_5|rom~2471       ; Stuck at GND due to stuck port clock   ;
; Memoria_Instrucoes:comb_5|rom~2472       ; Stuck at GND due to stuck port clock   ;
; Memoria_Instrucoes:comb_5|rom~2473       ; Stuck at GND due to stuck port clock   ;
; Memoria_Instrucoes:comb_5|rom~2474       ; Stuck at GND due to stuck port clock   ;
; Memoria_Instrucoes:comb_5|rom~2475       ; Stuck at GND due to stuck port clock   ;
; Memoria_Instrucoes:comb_5|rom~2476       ; Stuck at GND due to stuck port clock   ;
; Memoria_Instrucoes:comb_5|rom~2477       ; Stuck at GND due to stuck port clock   ;
; Memoria_Instrucoes:comb_5|rom~2478       ; Stuck at GND due to stuck port clock   ;
; Memoria_Instrucoes:comb_5|rom~2479       ; Stuck at GND due to stuck port clock   ;
; Memoria_Instrucoes:comb_5|rom~2480       ; Stuck at GND due to stuck port clock   ;
; Memoria_Instrucoes:comb_5|rom~2481       ; Stuck at GND due to stuck port clock   ;
; Memoria_Instrucoes:comb_5|rom~2482       ; Stuck at GND due to stuck port clock   ;
; Memoria_Instrucoes:comb_5|rom~2483       ; Stuck at GND due to stuck port clock   ;
; Memoria_Instrucoes:comb_5|rom~2484       ; Stuck at GND due to stuck port clock   ;
; Memoria_Instrucoes:comb_5|rom~2485       ; Stuck at GND due to stuck port clock   ;
; Memoria_Instrucoes:comb_5|rom~2486       ; Stuck at GND due to stuck port clock   ;
; Memoria_Instrucoes:comb_5|rom~2487       ; Stuck at GND due to stuck port clock   ;
; Memoria_Instrucoes:comb_5|rom~2488       ; Stuck at GND due to stuck port clock   ;
; Memoria_Instrucoes:comb_5|rom~2489       ; Stuck at GND due to stuck port clock   ;
; Memoria_Instrucoes:comb_5|rom~2490       ; Stuck at GND due to stuck port clock   ;
; Memoria_Instrucoes:comb_5|rom~2491       ; Stuck at GND due to stuck port clock   ;
; Memoria_Instrucoes:comb_5|rom~2492       ; Stuck at GND due to stuck port clock   ;
; Memoria_Instrucoes:comb_5|rom~2493       ; Stuck at GND due to stuck port clock   ;
; Memoria_Instrucoes:comb_5|rom~2494       ; Stuck at GND due to stuck port clock   ;
; Memoria_Instrucoes:comb_5|rom~2495       ; Stuck at GND due to stuck port clock   ;
; Memoria_Instrucoes:comb_5|rom~2496       ; Stuck at GND due to stuck port clock   ;
; Memoria_Instrucoes:comb_5|rom~2497       ; Stuck at GND due to stuck port clock   ;
; Memoria_Instrucoes:comb_5|rom~2498       ; Stuck at GND due to stuck port clock   ;
; Memoria_Instrucoes:comb_5|rom~2499       ; Stuck at GND due to stuck port clock   ;
; Memoria_Instrucoes:comb_5|rom~2500       ; Stuck at GND due to stuck port clock   ;
; Memoria_Instrucoes:comb_5|rom~2501       ; Stuck at GND due to stuck port clock   ;
; Memoria_Instrucoes:comb_5|rom~2502       ; Stuck at GND due to stuck port clock   ;
; Memoria_Instrucoes:comb_5|rom~2503       ; Stuck at GND due to stuck port clock   ;
; Memoria_Instrucoes:comb_5|rom~2504       ; Stuck at GND due to stuck port clock   ;
; Memoria_Instrucoes:comb_5|rom~2505       ; Stuck at GND due to stuck port clock   ;
; Memoria_Instrucoes:comb_5|rom~2506       ; Stuck at GND due to stuck port clock   ;
; Memoria_Instrucoes:comb_5|rom~2507       ; Stuck at GND due to stuck port clock   ;
; Memoria_Instrucoes:comb_5|rom~2508       ; Stuck at GND due to stuck port clock   ;
; Memoria_Instrucoes:comb_5|rom~2509       ; Stuck at GND due to stuck port clock   ;
; Memoria_Instrucoes:comb_5|rom~2510       ; Stuck at GND due to stuck port clock   ;
; Memoria_Instrucoes:comb_5|rom~2511       ; Stuck at GND due to stuck port clock   ;
; Memoria_Instrucoes:comb_5|rom~2512       ; Stuck at GND due to stuck port clock   ;
; Memoria_Instrucoes:comb_5|rom~2513       ; Stuck at GND due to stuck port clock   ;
; Memoria_Instrucoes:comb_5|rom~2514       ; Stuck at GND due to stuck port clock   ;
; Memoria_Instrucoes:comb_5|rom~2515       ; Stuck at GND due to stuck port clock   ;
; Memoria_Instrucoes:comb_5|rom~2516       ; Stuck at GND due to stuck port clock   ;
; Memoria_Instrucoes:comb_5|rom~2517       ; Stuck at GND due to stuck port clock   ;
; Memoria_Instrucoes:comb_5|rom~2518       ; Stuck at GND due to stuck port clock   ;
; Memoria_Instrucoes:comb_5|rom~2519       ; Stuck at GND due to stuck port clock   ;
; Memoria_Instrucoes:comb_5|rom~2520       ; Stuck at GND due to stuck port clock   ;
; Memoria_Instrucoes:comb_5|rom~2521       ; Stuck at GND due to stuck port clock   ;
; Memoria_Instrucoes:comb_5|rom~2522       ; Stuck at GND due to stuck port clock   ;
; Memoria_Instrucoes:comb_5|rom~2523       ; Stuck at GND due to stuck port clock   ;
; Memoria_Instrucoes:comb_5|rom~2524       ; Stuck at GND due to stuck port clock   ;
; Memoria_Instrucoes:comb_5|rom~2525       ; Stuck at GND due to stuck port clock   ;
; Memoria_Instrucoes:comb_5|rom~2526       ; Stuck at GND due to stuck port clock   ;
; Memoria_Instrucoes:comb_5|rom~2527       ; Stuck at GND due to stuck port clock   ;
; Memoria_Instrucoes:comb_5|rom~2528       ; Stuck at GND due to stuck port clock   ;
; Memoria_Instrucoes:comb_5|rom~2529       ; Stuck at GND due to stuck port clock   ;
; Memoria_Instrucoes:comb_5|rom~2530       ; Stuck at GND due to stuck port clock   ;
; Memoria_Instrucoes:comb_5|rom~2531       ; Stuck at GND due to stuck port clock   ;
; Memoria_Instrucoes:comb_5|rom~2532       ; Stuck at GND due to stuck port clock   ;
; Memoria_Instrucoes:comb_5|rom~2533       ; Stuck at GND due to stuck port clock   ;
; Memoria_Instrucoes:comb_5|rom~2534       ; Stuck at GND due to stuck port clock   ;
; Memoria_Instrucoes:comb_5|rom~2535       ; Stuck at GND due to stuck port clock   ;
; Memoria_Instrucoes:comb_5|rom~2536       ; Stuck at GND due to stuck port clock   ;
; Memoria_Instrucoes:comb_5|rom~2537       ; Stuck at GND due to stuck port clock   ;
; Memoria_Instrucoes:comb_5|rom~2538       ; Stuck at GND due to stuck port clock   ;
; Memoria_Instrucoes:comb_5|rom~2539       ; Stuck at GND due to stuck port clock   ;
; Memoria_Instrucoes:comb_5|rom~2540       ; Stuck at GND due to stuck port clock   ;
; Memoria_Instrucoes:comb_5|rom~2541       ; Stuck at GND due to stuck port clock   ;
; Memoria_Instrucoes:comb_5|rom~2542       ; Stuck at GND due to stuck port clock   ;
; Memoria_Instrucoes:comb_5|rom~2543       ; Stuck at GND due to stuck port clock   ;
; Memoria_Instrucoes:comb_5|rom~2544       ; Stuck at GND due to stuck port clock   ;
; Memoria_Instrucoes:comb_5|rom~2545       ; Stuck at GND due to stuck port clock   ;
; Memoria_Instrucoes:comb_5|rom~2546       ; Stuck at GND due to stuck port clock   ;
; Memoria_Instrucoes:comb_5|rom~2547       ; Stuck at GND due to stuck port clock   ;
; Memoria_Instrucoes:comb_5|rom~2548       ; Stuck at GND due to stuck port clock   ;
; Memoria_Instrucoes:comb_5|rom~2549       ; Stuck at GND due to stuck port clock   ;
; Memoria_Instrucoes:comb_5|rom~2550       ; Stuck at GND due to stuck port clock   ;
; Memoria_Instrucoes:comb_5|rom~2551       ; Stuck at GND due to stuck port clock   ;
; Memoria_Instrucoes:comb_5|rom~2552       ; Stuck at GND due to stuck port clock   ;
; Memoria_Instrucoes:comb_5|rom~2553       ; Stuck at GND due to stuck port clock   ;
; Memoria_Instrucoes:comb_5|rom~2554       ; Stuck at GND due to stuck port clock   ;
; Memoria_Instrucoes:comb_5|rom~2555       ; Stuck at GND due to stuck port clock   ;
; Memoria_Instrucoes:comb_5|rom~2556       ; Stuck at GND due to stuck port clock   ;
; Memoria_Instrucoes:comb_5|rom~2557       ; Stuck at GND due to stuck port clock   ;
; Memoria_Instrucoes:comb_5|rom~2558       ; Stuck at GND due to stuck port clock   ;
; Memoria_Instrucoes:comb_5|rom~2559       ; Stuck at GND due to stuck port clock   ;
; Memoria_Instrucoes:comb_5|rom~2560       ; Stuck at GND due to stuck port clock   ;
; Memoria_Instrucoes:comb_5|rom~2561       ; Stuck at GND due to stuck port clock   ;
; Memoria_Instrucoes:comb_5|rom~2562       ; Stuck at GND due to stuck port clock   ;
; Memoria_Instrucoes:comb_5|rom~2563       ; Stuck at GND due to stuck port clock   ;
; Memoria_Instrucoes:comb_5|rom~2564       ; Stuck at GND due to stuck port clock   ;
; Memoria_Instrucoes:comb_5|rom~2565       ; Stuck at GND due to stuck port clock   ;
; Memoria_Instrucoes:comb_5|rom~2566       ; Stuck at GND due to stuck port clock   ;
; Memoria_Instrucoes:comb_5|rom~2567       ; Stuck at GND due to stuck port clock   ;
; Memoria_Instrucoes:comb_5|rom~2568       ; Stuck at GND due to stuck port clock   ;
; Memoria_Instrucoes:comb_5|rom~2569       ; Stuck at GND due to stuck port clock   ;
; Memoria_Instrucoes:comb_5|rom~2570       ; Stuck at GND due to stuck port clock   ;
; Memoria_Instrucoes:comb_5|rom~2571       ; Stuck at GND due to stuck port clock   ;
; Memoria_Instrucoes:comb_5|rom~2572       ; Stuck at GND due to stuck port clock   ;
; Memoria_Instrucoes:comb_5|rom~2573       ; Stuck at GND due to stuck port clock   ;
; Memoria_Instrucoes:comb_5|rom~2574       ; Stuck at GND due to stuck port clock   ;
; Memoria_Instrucoes:comb_5|rom~2575       ; Stuck at GND due to stuck port clock   ;
; Memoria_Instrucoes:comb_5|rom~2576       ; Stuck at GND due to stuck port clock   ;
; Memoria_Instrucoes:comb_5|rom~2577       ; Stuck at GND due to stuck port clock   ;
; Memoria_Instrucoes:comb_5|rom~2578       ; Stuck at GND due to stuck port clock   ;
; Memoria_Instrucoes:comb_5|rom~2579       ; Stuck at GND due to stuck port clock   ;
; Memoria_Instrucoes:comb_5|rom~2580       ; Stuck at GND due to stuck port clock   ;
; Memoria_Instrucoes:comb_5|rom~2581       ; Stuck at GND due to stuck port clock   ;
; Memoria_Instrucoes:comb_5|rom~2582       ; Stuck at GND due to stuck port clock   ;
; Memoria_Instrucoes:comb_5|rom~2583       ; Stuck at GND due to stuck port clock   ;
; Memoria_Instrucoes:comb_5|rom~2584       ; Stuck at GND due to stuck port clock   ;
; Memoria_Instrucoes:comb_5|rom~2585       ; Stuck at GND due to stuck port clock   ;
; Memoria_Instrucoes:comb_5|rom~2586       ; Stuck at GND due to stuck port clock   ;
; Memoria_Instrucoes:comb_5|rom~2587       ; Stuck at GND due to stuck port clock   ;
; Memoria_Instrucoes:comb_5|rom~2588       ; Stuck at GND due to stuck port clock   ;
; Memoria_Instrucoes:comb_5|rom~2589       ; Stuck at GND due to stuck port clock   ;
; Memoria_Instrucoes:comb_5|rom~2590       ; Stuck at GND due to stuck port clock   ;
; Memoria_Instrucoes:comb_5|rom~2591       ; Stuck at GND due to stuck port clock   ;
; Memoria_Instrucoes:comb_5|rom~2592       ; Stuck at GND due to stuck port clock   ;
; Memoria_Instrucoes:comb_5|rom~2593       ; Stuck at GND due to stuck port clock   ;
; Memoria_Instrucoes:comb_5|rom~2594       ; Stuck at GND due to stuck port clock   ;
; Memoria_Instrucoes:comb_5|rom~2595       ; Stuck at GND due to stuck port clock   ;
; Memoria_Instrucoes:comb_5|rom~2596       ; Stuck at GND due to stuck port clock   ;
; Memoria_Instrucoes:comb_5|rom~2597       ; Stuck at GND due to stuck port clock   ;
; Memoria_Instrucoes:comb_5|rom~2598       ; Stuck at GND due to stuck port clock   ;
; Memoria_Instrucoes:comb_5|rom~2599       ; Stuck at GND due to stuck port clock   ;
; Memoria_Instrucoes:comb_5|rom~2600       ; Stuck at GND due to stuck port clock   ;
; Memoria_Instrucoes:comb_5|rom~2601       ; Stuck at GND due to stuck port clock   ;
; Memoria_Instrucoes:comb_5|rom~2602       ; Stuck at GND due to stuck port clock   ;
; Memoria_Instrucoes:comb_5|rom~2603       ; Stuck at GND due to stuck port clock   ;
; Memoria_Instrucoes:comb_5|rom~2604       ; Stuck at GND due to stuck port clock   ;
; Memoria_Instrucoes:comb_5|rom~2605       ; Stuck at GND due to stuck port clock   ;
; Memoria_Instrucoes:comb_5|rom~2606       ; Stuck at GND due to stuck port clock   ;
; Memoria_Instrucoes:comb_5|rom~2607       ; Stuck at GND due to stuck port clock   ;
; Memoria_Instrucoes:comb_5|rom~2608       ; Stuck at GND due to stuck port clock   ;
; Memoria_Instrucoes:comb_5|rom~2609       ; Stuck at GND due to stuck port clock   ;
; Memoria_Instrucoes:comb_5|rom~2610       ; Stuck at GND due to stuck port clock   ;
; Memoria_Instrucoes:comb_5|rom~2611       ; Stuck at GND due to stuck port clock   ;
; Memoria_Instrucoes:comb_5|rom~2612       ; Stuck at GND due to stuck port clock   ;
; Memoria_Instrucoes:comb_5|rom~2613       ; Stuck at GND due to stuck port clock   ;
; Memoria_Instrucoes:comb_5|rom~2614       ; Stuck at GND due to stuck port clock   ;
; Memoria_Instrucoes:comb_5|rom~2615       ; Stuck at GND due to stuck port clock   ;
; Memoria_Instrucoes:comb_5|rom~2616       ; Stuck at GND due to stuck port clock   ;
; Memoria_Instrucoes:comb_5|rom~2617       ; Stuck at GND due to stuck port clock   ;
; Memoria_Instrucoes:comb_5|rom~2618       ; Stuck at GND due to stuck port clock   ;
; Memoria_Instrucoes:comb_5|rom~2619       ; Stuck at GND due to stuck port clock   ;
; Memoria_Instrucoes:comb_5|rom~2620       ; Stuck at GND due to stuck port clock   ;
; Memoria_Instrucoes:comb_5|rom~2621       ; Stuck at GND due to stuck port clock   ;
; Memoria_Instrucoes:comb_5|rom~2622       ; Stuck at GND due to stuck port clock   ;
; Memoria_Instrucoes:comb_5|rom~2623       ; Stuck at GND due to stuck port clock   ;
; Memoria_Instrucoes:comb_5|rom~2624       ; Stuck at GND due to stuck port clock   ;
; Memoria_Instrucoes:comb_5|rom~2625       ; Stuck at GND due to stuck port clock   ;
; Memoria_Instrucoes:comb_5|rom~2626       ; Stuck at GND due to stuck port clock   ;
; Memoria_Instrucoes:comb_5|rom~2627       ; Stuck at GND due to stuck port clock   ;
; Memoria_Instrucoes:comb_5|rom~2628       ; Stuck at GND due to stuck port clock   ;
; Memoria_Instrucoes:comb_5|rom~2629       ; Stuck at GND due to stuck port clock   ;
; Memoria_Instrucoes:comb_5|rom~2630       ; Stuck at GND due to stuck port clock   ;
; Memoria_Instrucoes:comb_5|rom~2631       ; Stuck at GND due to stuck port clock   ;
; Memoria_Instrucoes:comb_5|rom~2632       ; Stuck at GND due to stuck port clock   ;
; Memoria_Instrucoes:comb_5|rom~2633       ; Stuck at GND due to stuck port clock   ;
; Memoria_Instrucoes:comb_5|rom~2634       ; Stuck at GND due to stuck port clock   ;
; Memoria_Instrucoes:comb_5|rom~2635       ; Stuck at GND due to stuck port clock   ;
; Memoria_Instrucoes:comb_5|rom~2636       ; Stuck at GND due to stuck port clock   ;
; Memoria_Instrucoes:comb_5|rom~2637       ; Stuck at GND due to stuck port clock   ;
; Memoria_Instrucoes:comb_5|rom~2638       ; Stuck at GND due to stuck port clock   ;
; Memoria_Instrucoes:comb_5|rom~2639       ; Stuck at GND due to stuck port clock   ;
; Memoria_Instrucoes:comb_5|rom~2640       ; Stuck at GND due to stuck port clock   ;
; Memoria_Instrucoes:comb_5|rom~2641       ; Stuck at GND due to stuck port clock   ;
; Memoria_Instrucoes:comb_5|rom~2642       ; Stuck at GND due to stuck port clock   ;
; Memoria_Instrucoes:comb_5|rom~2643       ; Stuck at GND due to stuck port clock   ;
; Memoria_Instrucoes:comb_5|rom~2644       ; Stuck at GND due to stuck port clock   ;
; Memoria_Instrucoes:comb_5|rom~2645       ; Stuck at GND due to stuck port clock   ;
; Memoria_Instrucoes:comb_5|rom~2646       ; Stuck at GND due to stuck port clock   ;
; Memoria_Instrucoes:comb_5|rom~2647       ; Stuck at GND due to stuck port clock   ;
; Memoria_Instrucoes:comb_5|rom~2648       ; Stuck at GND due to stuck port clock   ;
; Memoria_Instrucoes:comb_5|rom~2649       ; Stuck at GND due to stuck port clock   ;
; Memoria_Instrucoes:comb_5|rom~2650       ; Stuck at GND due to stuck port clock   ;
; Memoria_Instrucoes:comb_5|rom~2651       ; Stuck at GND due to stuck port clock   ;
; Memoria_Instrucoes:comb_5|rom~2652       ; Stuck at GND due to stuck port clock   ;
; Memoria_Instrucoes:comb_5|rom~2653       ; Stuck at GND due to stuck port clock   ;
; Memoria_Instrucoes:comb_5|rom~2654       ; Stuck at GND due to stuck port clock   ;
; Memoria_Instrucoes:comb_5|rom~2655       ; Stuck at GND due to stuck port clock   ;
; Memoria_Instrucoes:comb_5|rom~2656       ; Stuck at GND due to stuck port clock   ;
; Memoria_Instrucoes:comb_5|rom~2657       ; Stuck at GND due to stuck port clock   ;
; Memoria_Instrucoes:comb_5|rom~2658       ; Stuck at GND due to stuck port clock   ;
; Memoria_Instrucoes:comb_5|rom~2659       ; Stuck at GND due to stuck port clock   ;
; Memoria_Instrucoes:comb_5|rom~2660       ; Stuck at GND due to stuck port clock   ;
; Memoria_Instrucoes:comb_5|rom~2661       ; Stuck at GND due to stuck port clock   ;
; Memoria_Instrucoes:comb_5|rom~2662       ; Stuck at GND due to stuck port clock   ;
; Memoria_Instrucoes:comb_5|rom~2663       ; Stuck at GND due to stuck port clock   ;
; Memoria_Instrucoes:comb_5|rom~2664       ; Stuck at GND due to stuck port clock   ;
; Memoria_Instrucoes:comb_5|rom~2665       ; Stuck at GND due to stuck port clock   ;
; Memoria_Instrucoes:comb_5|rom~2666       ; Stuck at GND due to stuck port clock   ;
; Memoria_Instrucoes:comb_5|rom~2667       ; Stuck at GND due to stuck port clock   ;
; Memoria_Instrucoes:comb_5|rom~2668       ; Stuck at GND due to stuck port clock   ;
; Memoria_Instrucoes:comb_5|rom~2669       ; Stuck at GND due to stuck port clock   ;
; Memoria_Instrucoes:comb_5|rom~2670       ; Stuck at GND due to stuck port clock   ;
; Memoria_Instrucoes:comb_5|rom~2671       ; Stuck at GND due to stuck port clock   ;
; Memoria_Instrucoes:comb_5|rom~2672       ; Stuck at GND due to stuck port clock   ;
; Memoria_Instrucoes:comb_5|rom~2673       ; Stuck at GND due to stuck port clock   ;
; Memoria_Instrucoes:comb_5|rom~2674       ; Stuck at GND due to stuck port clock   ;
; Memoria_Instrucoes:comb_5|rom~2675       ; Stuck at GND due to stuck port clock   ;
; Memoria_Instrucoes:comb_5|rom~2676       ; Stuck at GND due to stuck port clock   ;
; Memoria_Instrucoes:comb_5|rom~2677       ; Stuck at GND due to stuck port clock   ;
; Memoria_Instrucoes:comb_5|rom~2678       ; Stuck at GND due to stuck port clock   ;
; Memoria_Instrucoes:comb_5|rom~2679       ; Stuck at GND due to stuck port clock   ;
; Memoria_Instrucoes:comb_5|rom~2680       ; Stuck at GND due to stuck port clock   ;
; Memoria_Instrucoes:comb_5|rom~2681       ; Stuck at GND due to stuck port clock   ;
; Memoria_Instrucoes:comb_5|rom~2682       ; Stuck at GND due to stuck port clock   ;
; Memoria_Instrucoes:comb_5|rom~2683       ; Stuck at GND due to stuck port clock   ;
; Memoria_Instrucoes:comb_5|rom~2684       ; Stuck at GND due to stuck port clock   ;
; Memoria_Instrucoes:comb_5|rom~2685       ; Stuck at GND due to stuck port clock   ;
; Memoria_Instrucoes:comb_5|rom~2686       ; Stuck at GND due to stuck port clock   ;
; Memoria_Instrucoes:comb_5|rom~2687       ; Stuck at GND due to stuck port clock   ;
; Memoria_Instrucoes:comb_5|rom~2688       ; Stuck at GND due to stuck port clock   ;
; Memoria_Instrucoes:comb_5|rom~2689       ; Stuck at GND due to stuck port clock   ;
; Memoria_Instrucoes:comb_5|rom~2690       ; Stuck at GND due to stuck port clock   ;
; Memoria_Instrucoes:comb_5|rom~2691       ; Stuck at GND due to stuck port clock   ;
; Memoria_Instrucoes:comb_5|rom~2692       ; Stuck at GND due to stuck port clock   ;
; Memoria_Instrucoes:comb_5|rom~2693       ; Stuck at GND due to stuck port clock   ;
; Memoria_Instrucoes:comb_5|rom~2694       ; Stuck at GND due to stuck port clock   ;
; Memoria_Instrucoes:comb_5|rom~2695       ; Stuck at GND due to stuck port clock   ;
; Memoria_Instrucoes:comb_5|rom~2696       ; Stuck at GND due to stuck port clock   ;
; Memoria_Instrucoes:comb_5|rom~2697       ; Stuck at GND due to stuck port clock   ;
; Memoria_Instrucoes:comb_5|rom~2698       ; Stuck at GND due to stuck port clock   ;
; Memoria_Instrucoes:comb_5|rom~2699       ; Stuck at GND due to stuck port clock   ;
; Memoria_Instrucoes:comb_5|rom~2700       ; Stuck at GND due to stuck port clock   ;
; Memoria_Instrucoes:comb_5|rom~2701       ; Stuck at GND due to stuck port clock   ;
; Memoria_Instrucoes:comb_5|rom~2702       ; Stuck at GND due to stuck port clock   ;
; Memoria_Instrucoes:comb_5|rom~2703       ; Stuck at GND due to stuck port clock   ;
; Memoria_Instrucoes:comb_5|rom~2704       ; Stuck at GND due to stuck port clock   ;
; Memoria_Instrucoes:comb_5|rom~2705       ; Stuck at GND due to stuck port clock   ;
; Memoria_Instrucoes:comb_5|rom~2706       ; Stuck at GND due to stuck port clock   ;
; Memoria_Instrucoes:comb_5|rom~2707       ; Stuck at GND due to stuck port clock   ;
; Memoria_Instrucoes:comb_5|rom~2708       ; Stuck at GND due to stuck port clock   ;
; Memoria_Instrucoes:comb_5|rom~2709       ; Stuck at GND due to stuck port clock   ;
; Memoria_Instrucoes:comb_5|rom~2710       ; Stuck at GND due to stuck port clock   ;
; Memoria_Instrucoes:comb_5|rom~2711       ; Stuck at GND due to stuck port clock   ;
; Memoria_Instrucoes:comb_5|rom~2712       ; Stuck at GND due to stuck port clock   ;
; Memoria_Instrucoes:comb_5|rom~2713       ; Stuck at GND due to stuck port clock   ;
; Memoria_Instrucoes:comb_5|rom~2714       ; Stuck at GND due to stuck port clock   ;
; Memoria_Instrucoes:comb_5|rom~2715       ; Stuck at GND due to stuck port clock   ;
; Memoria_Instrucoes:comb_5|rom~2716       ; Stuck at GND due to stuck port clock   ;
; Memoria_Instrucoes:comb_5|rom~2717       ; Stuck at GND due to stuck port clock   ;
; Memoria_Instrucoes:comb_5|rom~2718       ; Stuck at GND due to stuck port clock   ;
; Memoria_Instrucoes:comb_5|rom~2719       ; Stuck at GND due to stuck port clock   ;
; Memoria_Instrucoes:comb_5|rom~2720       ; Stuck at GND due to stuck port clock   ;
; Memoria_Instrucoes:comb_5|rom~2721       ; Stuck at GND due to stuck port clock   ;
; Memoria_Instrucoes:comb_5|rom~2722       ; Stuck at GND due to stuck port clock   ;
; Memoria_Instrucoes:comb_5|rom~2723       ; Stuck at GND due to stuck port clock   ;
; Memoria_Instrucoes:comb_5|rom~2724       ; Stuck at GND due to stuck port clock   ;
; Memoria_Instrucoes:comb_5|rom~2725       ; Stuck at GND due to stuck port clock   ;
; Memoria_Instrucoes:comb_5|rom~2726       ; Stuck at GND due to stuck port clock   ;
; Memoria_Instrucoes:comb_5|rom~2727       ; Stuck at GND due to stuck port clock   ;
; Memoria_Instrucoes:comb_5|rom~2728       ; Stuck at GND due to stuck port clock   ;
; Memoria_Instrucoes:comb_5|rom~2729       ; Stuck at GND due to stuck port clock   ;
; Memoria_Instrucoes:comb_5|rom~2730       ; Stuck at GND due to stuck port clock   ;
; Memoria_Instrucoes:comb_5|rom~2731       ; Stuck at GND due to stuck port clock   ;
; Memoria_Instrucoes:comb_5|rom~2732       ; Stuck at GND due to stuck port clock   ;
; Memoria_Instrucoes:comb_5|rom~2733       ; Stuck at GND due to stuck port clock   ;
; Memoria_Instrucoes:comb_5|rom~2734       ; Stuck at GND due to stuck port clock   ;
; Memoria_Instrucoes:comb_5|rom~2735       ; Stuck at GND due to stuck port clock   ;
; Memoria_Instrucoes:comb_5|rom~2736       ; Stuck at GND due to stuck port clock   ;
; Memoria_Instrucoes:comb_5|rom~2737       ; Stuck at GND due to stuck port clock   ;
; Memoria_Instrucoes:comb_5|rom~2738       ; Stuck at GND due to stuck port clock   ;
; Memoria_Instrucoes:comb_5|rom~2739       ; Stuck at GND due to stuck port clock   ;
; Memoria_Instrucoes:comb_5|rom~2740       ; Stuck at GND due to stuck port clock   ;
; Memoria_Instrucoes:comb_5|rom~2741       ; Stuck at GND due to stuck port clock   ;
; Memoria_Instrucoes:comb_5|rom~2742       ; Stuck at GND due to stuck port clock   ;
; Memoria_Instrucoes:comb_5|rom~2743       ; Stuck at GND due to stuck port clock   ;
; Memoria_Instrucoes:comb_5|rom~2744       ; Stuck at GND due to stuck port clock   ;
; Memoria_Instrucoes:comb_5|rom~2745       ; Stuck at GND due to stuck port clock   ;
; Memoria_Instrucoes:comb_5|rom~2746       ; Stuck at GND due to stuck port clock   ;
; Memoria_Instrucoes:comb_5|rom~2747       ; Stuck at GND due to stuck port clock   ;
; Memoria_Instrucoes:comb_5|rom~2748       ; Stuck at GND due to stuck port clock   ;
; Memoria_Instrucoes:comb_5|rom~2749       ; Stuck at GND due to stuck port clock   ;
; Memoria_Instrucoes:comb_5|rom~2750       ; Stuck at GND due to stuck port clock   ;
; Memoria_Instrucoes:comb_5|rom~2751       ; Stuck at GND due to stuck port clock   ;
; Memoria_Instrucoes:comb_5|rom~2752       ; Stuck at GND due to stuck port clock   ;
; Memoria_Instrucoes:comb_5|rom~2753       ; Stuck at GND due to stuck port clock   ;
; Memoria_Instrucoes:comb_5|rom~2754       ; Stuck at GND due to stuck port clock   ;
; Memoria_Instrucoes:comb_5|rom~2755       ; Stuck at GND due to stuck port clock   ;
; Memoria_Instrucoes:comb_5|rom~2756       ; Stuck at GND due to stuck port clock   ;
; Memoria_Instrucoes:comb_5|rom~2757       ; Stuck at GND due to stuck port clock   ;
; Memoria_Instrucoes:comb_5|rom~2758       ; Stuck at GND due to stuck port clock   ;
; Memoria_Instrucoes:comb_5|rom~2759       ; Stuck at GND due to stuck port clock   ;
; Memoria_Instrucoes:comb_5|rom~2760       ; Stuck at GND due to stuck port clock   ;
; Memoria_Instrucoes:comb_5|rom~2761       ; Stuck at GND due to stuck port clock   ;
; Memoria_Instrucoes:comb_5|rom~2762       ; Stuck at GND due to stuck port clock   ;
; Memoria_Instrucoes:comb_5|rom~2763       ; Stuck at GND due to stuck port clock   ;
; Memoria_Instrucoes:comb_5|rom~2764       ; Stuck at GND due to stuck port clock   ;
; Memoria_Instrucoes:comb_5|rom~2765       ; Stuck at GND due to stuck port clock   ;
; Memoria_Instrucoes:comb_5|rom~2766       ; Stuck at GND due to stuck port clock   ;
; Memoria_Instrucoes:comb_5|rom~2767       ; Stuck at GND due to stuck port clock   ;
; Memoria_Instrucoes:comb_5|rom~2768       ; Stuck at GND due to stuck port clock   ;
; Memoria_Instrucoes:comb_5|rom~2769       ; Stuck at GND due to stuck port clock   ;
; Memoria_Instrucoes:comb_5|rom~2770       ; Stuck at GND due to stuck port clock   ;
; Memoria_Instrucoes:comb_5|rom~2771       ; Stuck at GND due to stuck port clock   ;
; Memoria_Instrucoes:comb_5|rom~2772       ; Stuck at GND due to stuck port clock   ;
; Memoria_Instrucoes:comb_5|rom~2773       ; Stuck at GND due to stuck port clock   ;
; Memoria_Instrucoes:comb_5|rom~2774       ; Stuck at GND due to stuck port clock   ;
; Memoria_Instrucoes:comb_5|rom~2775       ; Stuck at GND due to stuck port clock   ;
; Memoria_Instrucoes:comb_5|rom~2776       ; Stuck at GND due to stuck port clock   ;
; Memoria_Instrucoes:comb_5|rom~2777       ; Stuck at GND due to stuck port clock   ;
; Memoria_Instrucoes:comb_5|rom~2778       ; Stuck at GND due to stuck port clock   ;
; Memoria_Instrucoes:comb_5|rom~2779       ; Stuck at GND due to stuck port clock   ;
; Memoria_Instrucoes:comb_5|rom~2780       ; Stuck at GND due to stuck port clock   ;
; Memoria_Instrucoes:comb_5|rom~2781       ; Stuck at GND due to stuck port clock   ;
; Memoria_Instrucoes:comb_5|rom~2782       ; Stuck at GND due to stuck port clock   ;
; Memoria_Instrucoes:comb_5|rom~2783       ; Stuck at GND due to stuck port clock   ;
; Memoria_Instrucoes:comb_5|rom~2784       ; Stuck at GND due to stuck port clock   ;
; Memoria_Instrucoes:comb_5|rom~2785       ; Stuck at GND due to stuck port clock   ;
; Memoria_Instrucoes:comb_5|rom~2786       ; Stuck at GND due to stuck port clock   ;
; Memoria_Instrucoes:comb_5|rom~2787       ; Stuck at GND due to stuck port clock   ;
; Memoria_Instrucoes:comb_5|rom~2788       ; Stuck at GND due to stuck port clock   ;
; Memoria_Instrucoes:comb_5|rom~2789       ; Stuck at GND due to stuck port clock   ;
; Memoria_Instrucoes:comb_5|rom~2790       ; Stuck at GND due to stuck port clock   ;
; Memoria_Instrucoes:comb_5|rom~2791       ; Stuck at GND due to stuck port clock   ;
; Memoria_Instrucoes:comb_5|rom~2792       ; Stuck at GND due to stuck port clock   ;
; Memoria_Instrucoes:comb_5|rom~2793       ; Stuck at GND due to stuck port clock   ;
; Memoria_Instrucoes:comb_5|rom~2794       ; Stuck at GND due to stuck port clock   ;
; Memoria_Instrucoes:comb_5|rom~2795       ; Stuck at GND due to stuck port clock   ;
; Memoria_Instrucoes:comb_5|rom~2796       ; Stuck at GND due to stuck port clock   ;
; Memoria_Instrucoes:comb_5|rom~2797       ; Stuck at GND due to stuck port clock   ;
; Memoria_Instrucoes:comb_5|rom~2798       ; Stuck at GND due to stuck port clock   ;
; Memoria_Instrucoes:comb_5|rom~2799       ; Stuck at GND due to stuck port clock   ;
; Memoria_Instrucoes:comb_5|rom~2800       ; Stuck at GND due to stuck port clock   ;
; Memoria_Instrucoes:comb_5|rom~2801       ; Stuck at GND due to stuck port clock   ;
; Memoria_Instrucoes:comb_5|rom~2802       ; Stuck at GND due to stuck port clock   ;
; Memoria_Instrucoes:comb_5|rom~2803       ; Stuck at GND due to stuck port clock   ;
; Memoria_Instrucoes:comb_5|rom~2804       ; Stuck at GND due to stuck port clock   ;
; Memoria_Instrucoes:comb_5|rom~2805       ; Stuck at GND due to stuck port clock   ;
; Memoria_Instrucoes:comb_5|rom~2806       ; Stuck at GND due to stuck port clock   ;
; Memoria_Instrucoes:comb_5|rom~2807       ; Stuck at GND due to stuck port clock   ;
; Memoria_Instrucoes:comb_5|rom~2808       ; Stuck at GND due to stuck port clock   ;
; Memoria_Instrucoes:comb_5|rom~2809       ; Stuck at GND due to stuck port clock   ;
; Memoria_Instrucoes:comb_5|rom~2810       ; Stuck at GND due to stuck port clock   ;
; Memoria_Instrucoes:comb_5|rom~2811       ; Stuck at GND due to stuck port clock   ;
; Memoria_Instrucoes:comb_5|rom~2812       ; Stuck at GND due to stuck port clock   ;
; Memoria_Instrucoes:comb_5|rom~2813       ; Stuck at GND due to stuck port clock   ;
; Memoria_Instrucoes:comb_5|rom~2814       ; Stuck at GND due to stuck port clock   ;
; Memoria_Instrucoes:comb_5|rom~2815       ; Stuck at GND due to stuck port clock   ;
; Memoria_Instrucoes:comb_5|rom~2816       ; Stuck at GND due to stuck port clock   ;
; Memoria_Instrucoes:comb_5|rom~2817       ; Stuck at GND due to stuck port clock   ;
; Memoria_Instrucoes:comb_5|rom~2818       ; Stuck at GND due to stuck port clock   ;
; Memoria_Instrucoes:comb_5|rom~2819       ; Stuck at GND due to stuck port clock   ;
; Memoria_Instrucoes:comb_5|rom~2820       ; Stuck at GND due to stuck port clock   ;
; Memoria_Instrucoes:comb_5|rom~2821       ; Stuck at GND due to stuck port clock   ;
; Memoria_Instrucoes:comb_5|rom~2822       ; Stuck at GND due to stuck port clock   ;
; Memoria_Instrucoes:comb_5|rom~2823       ; Stuck at GND due to stuck port clock   ;
; Memoria_Instrucoes:comb_5|rom~2824       ; Stuck at GND due to stuck port clock   ;
; Memoria_Instrucoes:comb_5|rom~2825       ; Stuck at GND due to stuck port clock   ;
; Memoria_Instrucoes:comb_5|rom~2826       ; Stuck at GND due to stuck port clock   ;
; Memoria_Instrucoes:comb_5|rom~2827       ; Stuck at GND due to stuck port clock   ;
; Memoria_Instrucoes:comb_5|rom~2828       ; Stuck at GND due to stuck port clock   ;
; Memoria_Instrucoes:comb_5|rom~2829       ; Stuck at GND due to stuck port clock   ;
; Memoria_Instrucoes:comb_5|rom~2830       ; Stuck at GND due to stuck port clock   ;
; Memoria_Instrucoes:comb_5|rom~2831       ; Stuck at GND due to stuck port clock   ;
; Memoria_Instrucoes:comb_5|rom~2832       ; Stuck at GND due to stuck port clock   ;
; Memoria_Instrucoes:comb_5|rom~2833       ; Stuck at GND due to stuck port clock   ;
; Memoria_Instrucoes:comb_5|rom~2834       ; Stuck at GND due to stuck port clock   ;
; Memoria_Instrucoes:comb_5|rom~2835       ; Stuck at GND due to stuck port clock   ;
; Memoria_Instrucoes:comb_5|rom~2836       ; Stuck at GND due to stuck port clock   ;
; Memoria_Instrucoes:comb_5|rom~2837       ; Stuck at GND due to stuck port clock   ;
; Memoria_Instrucoes:comb_5|rom~2838       ; Stuck at GND due to stuck port clock   ;
; Memoria_Instrucoes:comb_5|rom~2839       ; Stuck at GND due to stuck port clock   ;
; Memoria_Instrucoes:comb_5|rom~2840       ; Stuck at GND due to stuck port clock   ;
; Memoria_Instrucoes:comb_5|rom~2841       ; Stuck at GND due to stuck port clock   ;
; Memoria_Instrucoes:comb_5|rom~2842       ; Stuck at GND due to stuck port clock   ;
; Memoria_Instrucoes:comb_5|rom~2843       ; Stuck at GND due to stuck port clock   ;
; Memoria_Instrucoes:comb_5|rom~2844       ; Stuck at GND due to stuck port clock   ;
; Memoria_Instrucoes:comb_5|rom~2845       ; Stuck at GND due to stuck port clock   ;
; Memoria_Instrucoes:comb_5|rom~2846       ; Stuck at GND due to stuck port clock   ;
; Memoria_Instrucoes:comb_5|rom~2847       ; Stuck at GND due to stuck port clock   ;
; Memoria_Instrucoes:comb_5|rom~2848       ; Stuck at GND due to stuck port clock   ;
; Memoria_Instrucoes:comb_5|rom~2849       ; Stuck at GND due to stuck port clock   ;
; Memoria_Instrucoes:comb_5|rom~2850       ; Stuck at GND due to stuck port clock   ;
; Memoria_Instrucoes:comb_5|rom~2851       ; Stuck at GND due to stuck port clock   ;
; Memoria_Instrucoes:comb_5|rom~2852       ; Stuck at GND due to stuck port clock   ;
; Memoria_Instrucoes:comb_5|rom~2853       ; Stuck at GND due to stuck port clock   ;
; Memoria_Instrucoes:comb_5|rom~2854       ; Stuck at GND due to stuck port clock   ;
; Memoria_Instrucoes:comb_5|rom~2855       ; Stuck at GND due to stuck port clock   ;
; Memoria_Instrucoes:comb_5|rom~2856       ; Stuck at GND due to stuck port clock   ;
; Memoria_Instrucoes:comb_5|rom~2857       ; Stuck at GND due to stuck port clock   ;
; Memoria_Instrucoes:comb_5|rom~2858       ; Stuck at GND due to stuck port clock   ;
; Memoria_Instrucoes:comb_5|rom~2859       ; Stuck at GND due to stuck port clock   ;
; Memoria_Instrucoes:comb_5|rom~2860       ; Stuck at GND due to stuck port clock   ;
; Memoria_Instrucoes:comb_5|rom~2861       ; Stuck at GND due to stuck port clock   ;
; Memoria_Instrucoes:comb_5|rom~2862       ; Stuck at GND due to stuck port clock   ;
; Memoria_Instrucoes:comb_5|rom~2863       ; Stuck at GND due to stuck port clock   ;
; Memoria_Instrucoes:comb_5|rom~2864       ; Stuck at GND due to stuck port clock   ;
; Memoria_Instrucoes:comb_5|rom~2865       ; Stuck at GND due to stuck port clock   ;
; Memoria_Instrucoes:comb_5|rom~2866       ; Stuck at GND due to stuck port clock   ;
; Memoria_Instrucoes:comb_5|rom~2867       ; Stuck at GND due to stuck port clock   ;
; Memoria_Instrucoes:comb_5|rom~2868       ; Stuck at GND due to stuck port clock   ;
; Memoria_Instrucoes:comb_5|rom~2869       ; Stuck at GND due to stuck port clock   ;
; Memoria_Instrucoes:comb_5|rom~2870       ; Stuck at GND due to stuck port clock   ;
; Memoria_Instrucoes:comb_5|rom~2871       ; Stuck at GND due to stuck port clock   ;
; Memoria_Instrucoes:comb_5|rom~2872       ; Stuck at GND due to stuck port clock   ;
; Memoria_Instrucoes:comb_5|rom~2873       ; Stuck at GND due to stuck port clock   ;
; Memoria_Instrucoes:comb_5|rom~2874       ; Stuck at GND due to stuck port clock   ;
; Memoria_Instrucoes:comb_5|rom~2875       ; Stuck at GND due to stuck port clock   ;
; Memoria_Instrucoes:comb_5|rom~2876       ; Stuck at GND due to stuck port clock   ;
; Memoria_Instrucoes:comb_5|rom~2877       ; Stuck at GND due to stuck port clock   ;
; Memoria_Instrucoes:comb_5|rom~2878       ; Stuck at GND due to stuck port clock   ;
; Memoria_Instrucoes:comb_5|rom~2879       ; Stuck at GND due to stuck port clock   ;
; Memoria_Instrucoes:comb_5|rom~2880       ; Stuck at GND due to stuck port clock   ;
; Memoria_Instrucoes:comb_5|rom~2881       ; Stuck at GND due to stuck port clock   ;
; Memoria_Instrucoes:comb_5|rom~2882       ; Stuck at GND due to stuck port clock   ;
; Memoria_Instrucoes:comb_5|rom~2883       ; Stuck at GND due to stuck port clock   ;
; Memoria_Instrucoes:comb_5|rom~2884       ; Stuck at GND due to stuck port clock   ;
; Memoria_Instrucoes:comb_5|rom~2885       ; Stuck at GND due to stuck port clock   ;
; Memoria_Instrucoes:comb_5|rom~2886       ; Stuck at GND due to stuck port clock   ;
; Memoria_Instrucoes:comb_5|rom~2887       ; Stuck at GND due to stuck port clock   ;
; Memoria_Instrucoes:comb_5|rom~2888       ; Stuck at GND due to stuck port clock   ;
; Memoria_Instrucoes:comb_5|rom~2889       ; Stuck at GND due to stuck port clock   ;
; Memoria_Instrucoes:comb_5|rom~2890       ; Stuck at GND due to stuck port clock   ;
; Memoria_Instrucoes:comb_5|rom~2891       ; Stuck at GND due to stuck port clock   ;
; Memoria_Instrucoes:comb_5|rom~2892       ; Stuck at GND due to stuck port clock   ;
; Memoria_Instrucoes:comb_5|rom~2893       ; Stuck at GND due to stuck port clock   ;
; Memoria_Instrucoes:comb_5|rom~2894       ; Stuck at GND due to stuck port clock   ;
; Memoria_Instrucoes:comb_5|rom~2895       ; Stuck at GND due to stuck port clock   ;
; Memoria_Instrucoes:comb_5|rom~2896       ; Stuck at GND due to stuck port clock   ;
; Memoria_Instrucoes:comb_5|rom~2897       ; Stuck at GND due to stuck port clock   ;
; Memoria_Instrucoes:comb_5|rom~2898       ; Stuck at GND due to stuck port clock   ;
; Memoria_Instrucoes:comb_5|rom~2899       ; Stuck at GND due to stuck port clock   ;
; Memoria_Instrucoes:comb_5|rom~2900       ; Stuck at GND due to stuck port clock   ;
; Memoria_Instrucoes:comb_5|rom~2901       ; Stuck at GND due to stuck port clock   ;
; Memoria_Instrucoes:comb_5|rom~2902       ; Stuck at GND due to stuck port clock   ;
; Memoria_Instrucoes:comb_5|rom~2903       ; Stuck at GND due to stuck port clock   ;
; Memoria_Instrucoes:comb_5|rom~2904       ; Stuck at GND due to stuck port clock   ;
; Memoria_Instrucoes:comb_5|rom~2905       ; Stuck at GND due to stuck port clock   ;
; Memoria_Instrucoes:comb_5|rom~2906       ; Stuck at GND due to stuck port clock   ;
; Memoria_Instrucoes:comb_5|rom~2907       ; Stuck at GND due to stuck port clock   ;
; Memoria_Instrucoes:comb_5|rom~2908       ; Stuck at GND due to stuck port clock   ;
; Memoria_Instrucoes:comb_5|rom~2909       ; Stuck at GND due to stuck port clock   ;
; Memoria_Instrucoes:comb_5|rom~2910       ; Stuck at GND due to stuck port clock   ;
; Memoria_Instrucoes:comb_5|rom~2911       ; Stuck at GND due to stuck port clock   ;
; Memoria_Instrucoes:comb_5|rom~2912       ; Stuck at GND due to stuck port clock   ;
; Memoria_Instrucoes:comb_5|rom~2913       ; Stuck at GND due to stuck port clock   ;
; Memoria_Instrucoes:comb_5|rom~2914       ; Stuck at GND due to stuck port clock   ;
; Memoria_Instrucoes:comb_5|rom~2915       ; Stuck at GND due to stuck port clock   ;
; Memoria_Instrucoes:comb_5|rom~2916       ; Stuck at GND due to stuck port clock   ;
; Memoria_Instrucoes:comb_5|rom~2917       ; Stuck at GND due to stuck port clock   ;
; Memoria_Instrucoes:comb_5|rom~2918       ; Stuck at GND due to stuck port clock   ;
; Memoria_Instrucoes:comb_5|rom~2919       ; Stuck at GND due to stuck port clock   ;
; Memoria_Instrucoes:comb_5|rom~2920       ; Stuck at GND due to stuck port clock   ;
; Memoria_Instrucoes:comb_5|rom~2921       ; Stuck at GND due to stuck port clock   ;
; Memoria_Instrucoes:comb_5|rom~2922       ; Stuck at GND due to stuck port clock   ;
; Memoria_Instrucoes:comb_5|rom~2923       ; Stuck at GND due to stuck port clock   ;
; Memoria_Instrucoes:comb_5|rom~2924       ; Stuck at GND due to stuck port clock   ;
; Memoria_Instrucoes:comb_5|rom~2925       ; Stuck at GND due to stuck port clock   ;
; Memoria_Instrucoes:comb_5|rom~2926       ; Stuck at GND due to stuck port clock   ;
; Memoria_Instrucoes:comb_5|rom~2927       ; Stuck at GND due to stuck port clock   ;
; Memoria_Instrucoes:comb_5|rom~2928       ; Stuck at GND due to stuck port clock   ;
; Memoria_Instrucoes:comb_5|rom~2929       ; Stuck at GND due to stuck port clock   ;
; Memoria_Instrucoes:comb_5|rom~2930       ; Stuck at GND due to stuck port clock   ;
; Memoria_Instrucoes:comb_5|rom~2931       ; Stuck at GND due to stuck port clock   ;
; Memoria_Instrucoes:comb_5|rom~2932       ; Stuck at GND due to stuck port clock   ;
; Memoria_Instrucoes:comb_5|rom~2933       ; Stuck at GND due to stuck port clock   ;
; Memoria_Instrucoes:comb_5|rom~2934       ; Stuck at GND due to stuck port clock   ;
; Memoria_Instrucoes:comb_5|rom~2935       ; Stuck at GND due to stuck port clock   ;
; Memoria_Instrucoes:comb_5|rom~2936       ; Stuck at GND due to stuck port clock   ;
; Memoria_Instrucoes:comb_5|rom~2937       ; Stuck at GND due to stuck port clock   ;
; Memoria_Instrucoes:comb_5|rom~2938       ; Stuck at GND due to stuck port clock   ;
; Memoria_Instrucoes:comb_5|rom~2939       ; Stuck at GND due to stuck port clock   ;
; Memoria_Instrucoes:comb_5|rom~2940       ; Stuck at GND due to stuck port clock   ;
; Memoria_Instrucoes:comb_5|rom~2941       ; Stuck at GND due to stuck port clock   ;
; Memoria_Instrucoes:comb_5|rom~2942       ; Stuck at GND due to stuck port clock   ;
; Memoria_Instrucoes:comb_5|rom~2943       ; Stuck at GND due to stuck port clock   ;
; Memoria_Instrucoes:comb_5|rom~2944       ; Stuck at GND due to stuck port clock   ;
; Memoria_Instrucoes:comb_5|rom~2945       ; Stuck at GND due to stuck port clock   ;
; Memoria_Instrucoes:comb_5|rom~2946       ; Stuck at GND due to stuck port clock   ;
; Memoria_Instrucoes:comb_5|rom~2947       ; Stuck at GND due to stuck port clock   ;
; Memoria_Instrucoes:comb_5|rom~2948       ; Stuck at GND due to stuck port clock   ;
; Memoria_Instrucoes:comb_5|rom~2949       ; Stuck at GND due to stuck port clock   ;
; Memoria_Instrucoes:comb_5|rom~2950       ; Stuck at GND due to stuck port clock   ;
; Memoria_Instrucoes:comb_5|rom~2951       ; Stuck at GND due to stuck port clock   ;
; Memoria_Instrucoes:comb_5|rom~2952       ; Stuck at GND due to stuck port clock   ;
; Memoria_Instrucoes:comb_5|rom~2953       ; Stuck at GND due to stuck port clock   ;
; Memoria_Instrucoes:comb_5|rom~2954       ; Stuck at GND due to stuck port clock   ;
; Memoria_Instrucoes:comb_5|rom~2955       ; Stuck at GND due to stuck port clock   ;
; Memoria_Instrucoes:comb_5|rom~2956       ; Stuck at GND due to stuck port clock   ;
; Memoria_Instrucoes:comb_5|rom~2957       ; Stuck at GND due to stuck port clock   ;
; Memoria_Instrucoes:comb_5|rom~2958       ; Stuck at GND due to stuck port clock   ;
; Memoria_Instrucoes:comb_5|rom~2959       ; Stuck at GND due to stuck port clock   ;
; Memoria_Instrucoes:comb_5|rom~2960       ; Stuck at GND due to stuck port clock   ;
; Memoria_Instrucoes:comb_5|rom~2961       ; Stuck at GND due to stuck port clock   ;
; Memoria_Instrucoes:comb_5|rom~2962       ; Stuck at GND due to stuck port clock   ;
; Memoria_Instrucoes:comb_5|rom~2963       ; Stuck at GND due to stuck port clock   ;
; Memoria_Instrucoes:comb_5|rom~2964       ; Stuck at GND due to stuck port clock   ;
; Memoria_Instrucoes:comb_5|rom~2965       ; Stuck at GND due to stuck port clock   ;
; Memoria_Instrucoes:comb_5|rom~2966       ; Stuck at GND due to stuck port clock   ;
; Memoria_Instrucoes:comb_5|rom~2967       ; Stuck at GND due to stuck port clock   ;
; Memoria_Instrucoes:comb_5|rom~2968       ; Stuck at GND due to stuck port clock   ;
; Memoria_Instrucoes:comb_5|rom~2969       ; Stuck at GND due to stuck port clock   ;
; Memoria_Instrucoes:comb_5|rom~2970       ; Stuck at GND due to stuck port clock   ;
; Memoria_Instrucoes:comb_5|rom~2971       ; Stuck at GND due to stuck port clock   ;
; Memoria_Instrucoes:comb_5|rom~2972       ; Stuck at GND due to stuck port clock   ;
; Memoria_Instrucoes:comb_5|rom~2973       ; Stuck at GND due to stuck port clock   ;
; Memoria_Instrucoes:comb_5|rom~2974       ; Stuck at GND due to stuck port clock   ;
; Memoria_Instrucoes:comb_5|rom~2975       ; Stuck at GND due to stuck port clock   ;
; Memoria_Instrucoes:comb_5|rom~2976       ; Stuck at GND due to stuck port clock   ;
; Memoria_Instrucoes:comb_5|rom~2977       ; Stuck at GND due to stuck port clock   ;
; Memoria_Instrucoes:comb_5|rom~2978       ; Stuck at GND due to stuck port clock   ;
; Memoria_Instrucoes:comb_5|rom~2979       ; Stuck at GND due to stuck port clock   ;
; Memoria_Instrucoes:comb_5|rom~2980       ; Stuck at GND due to stuck port clock   ;
; Memoria_Instrucoes:comb_5|rom~2981       ; Stuck at GND due to stuck port clock   ;
; Memoria_Instrucoes:comb_5|rom~2982       ; Stuck at GND due to stuck port clock   ;
; Memoria_Instrucoes:comb_5|rom~2983       ; Stuck at GND due to stuck port clock   ;
; Memoria_Instrucoes:comb_5|rom~2984       ; Stuck at GND due to stuck port clock   ;
; Memoria_Instrucoes:comb_5|rom~2985       ; Stuck at GND due to stuck port clock   ;
; Memoria_Instrucoes:comb_5|rom~2986       ; Stuck at GND due to stuck port clock   ;
; Memoria_Instrucoes:comb_5|rom~2987       ; Stuck at GND due to stuck port clock   ;
; Memoria_Instrucoes:comb_5|rom~2988       ; Stuck at GND due to stuck port clock   ;
; Memoria_Instrucoes:comb_5|rom~2989       ; Stuck at GND due to stuck port clock   ;
; Memoria_Instrucoes:comb_5|rom~2990       ; Stuck at GND due to stuck port clock   ;
; Memoria_Instrucoes:comb_5|rom~2991       ; Stuck at GND due to stuck port clock   ;
; Memoria_Instrucoes:comb_5|rom~2992       ; Stuck at GND due to stuck port clock   ;
; Memoria_Instrucoes:comb_5|rom~2993       ; Stuck at GND due to stuck port clock   ;
; Memoria_Instrucoes:comb_5|rom~2994       ; Stuck at GND due to stuck port clock   ;
; Memoria_Instrucoes:comb_5|rom~2995       ; Stuck at GND due to stuck port clock   ;
; Memoria_Instrucoes:comb_5|rom~2996       ; Stuck at GND due to stuck port clock   ;
; Memoria_Instrucoes:comb_5|rom~2997       ; Stuck at GND due to stuck port clock   ;
; Memoria_Instrucoes:comb_5|rom~2998       ; Stuck at GND due to stuck port clock   ;
; Memoria_Instrucoes:comb_5|rom~2999       ; Stuck at GND due to stuck port clock   ;
; Memoria_Instrucoes:comb_5|rom~3000       ; Stuck at GND due to stuck port clock   ;
; Memoria_Instrucoes:comb_5|rom~3001       ; Stuck at GND due to stuck port clock   ;
; Memoria_Instrucoes:comb_5|rom~3002       ; Stuck at GND due to stuck port clock   ;
; Memoria_Instrucoes:comb_5|rom~3003       ; Stuck at GND due to stuck port clock   ;
; Memoria_Instrucoes:comb_5|rom~3004       ; Stuck at GND due to stuck port clock   ;
; Memoria_Instrucoes:comb_5|rom~3005       ; Stuck at GND due to stuck port clock   ;
; Memoria_Instrucoes:comb_5|rom~3006       ; Stuck at GND due to stuck port clock   ;
; Memoria_Instrucoes:comb_5|rom~3007       ; Stuck at GND due to stuck port clock   ;
; Memoria_Instrucoes:comb_5|rom~3008       ; Stuck at GND due to stuck port clock   ;
; Memoria_Instrucoes:comb_5|rom~3009       ; Stuck at GND due to stuck port clock   ;
; Memoria_Instrucoes:comb_5|rom~3010       ; Stuck at GND due to stuck port clock   ;
; Memoria_Instrucoes:comb_5|rom~3011       ; Stuck at GND due to stuck port clock   ;
; Memoria_Instrucoes:comb_5|rom~3012       ; Stuck at GND due to stuck port clock   ;
; Memoria_Instrucoes:comb_5|rom~3013       ; Stuck at GND due to stuck port clock   ;
; Memoria_Instrucoes:comb_5|rom~3014       ; Stuck at GND due to stuck port clock   ;
; Memoria_Instrucoes:comb_5|rom~3015       ; Stuck at GND due to stuck port clock   ;
; Memoria_Instrucoes:comb_5|rom~3016       ; Stuck at GND due to stuck port clock   ;
; Memoria_Instrucoes:comb_5|rom~3017       ; Stuck at GND due to stuck port clock   ;
; Memoria_Instrucoes:comb_5|rom~3018       ; Stuck at GND due to stuck port clock   ;
; Memoria_Instrucoes:comb_5|rom~3019       ; Stuck at GND due to stuck port clock   ;
; Memoria_Instrucoes:comb_5|rom~3020       ; Stuck at GND due to stuck port clock   ;
; Memoria_Instrucoes:comb_5|rom~3021       ; Stuck at GND due to stuck port clock   ;
; Memoria_Instrucoes:comb_5|rom~3022       ; Stuck at GND due to stuck port clock   ;
; Memoria_Instrucoes:comb_5|rom~3023       ; Stuck at GND due to stuck port clock   ;
; Memoria_Instrucoes:comb_5|rom~3024       ; Stuck at GND due to stuck port clock   ;
; Memoria_Instrucoes:comb_5|rom~3025       ; Stuck at GND due to stuck port clock   ;
; Memoria_Instrucoes:comb_5|rom~3026       ; Stuck at GND due to stuck port clock   ;
; Memoria_Instrucoes:comb_5|rom~3027       ; Stuck at GND due to stuck port clock   ;
; Memoria_Instrucoes:comb_5|rom~3028       ; Stuck at GND due to stuck port clock   ;
; Memoria_Instrucoes:comb_5|rom~3029       ; Stuck at GND due to stuck port clock   ;
; Memoria_Instrucoes:comb_5|rom~3030       ; Stuck at GND due to stuck port clock   ;
; Memoria_Instrucoes:comb_5|rom~3031       ; Stuck at GND due to stuck port clock   ;
; Memoria_Instrucoes:comb_5|rom~3032       ; Stuck at GND due to stuck port clock   ;
; Memoria_Instrucoes:comb_5|rom~3033       ; Stuck at GND due to stuck port clock   ;
; Memoria_Instrucoes:comb_5|rom~3034       ; Stuck at GND due to stuck port clock   ;
; Memoria_Instrucoes:comb_5|rom~3035       ; Stuck at GND due to stuck port clock   ;
; Memoria_Instrucoes:comb_5|rom~3036       ; Stuck at GND due to stuck port clock   ;
; Memoria_Instrucoes:comb_5|rom~3037       ; Stuck at GND due to stuck port clock   ;
; Memoria_Instrucoes:comb_5|rom~3038       ; Stuck at GND due to stuck port clock   ;
; Memoria_Instrucoes:comb_5|rom~3039       ; Stuck at GND due to stuck port clock   ;
; Memoria_Instrucoes:comb_5|rom~3040       ; Stuck at GND due to stuck port clock   ;
; Memoria_Instrucoes:comb_5|rom~3041       ; Stuck at GND due to stuck port clock   ;
; Memoria_Instrucoes:comb_5|rom~3042       ; Stuck at GND due to stuck port clock   ;
; Memoria_Instrucoes:comb_5|rom~3043       ; Stuck at GND due to stuck port clock   ;
; Memoria_Instrucoes:comb_5|rom~3044       ; Stuck at GND due to stuck port clock   ;
; Memoria_Instrucoes:comb_5|rom~3045       ; Stuck at GND due to stuck port clock   ;
; Memoria_Instrucoes:comb_5|rom~3046       ; Stuck at GND due to stuck port clock   ;
; Memoria_Instrucoes:comb_5|rom~3047       ; Stuck at GND due to stuck port clock   ;
; Memoria_Instrucoes:comb_5|rom~3048       ; Stuck at GND due to stuck port clock   ;
; Memoria_Instrucoes:comb_5|rom~3049       ; Stuck at GND due to stuck port clock   ;
; Memoria_Instrucoes:comb_5|rom~3050       ; Stuck at GND due to stuck port clock   ;
; Memoria_Instrucoes:comb_5|rom~3051       ; Stuck at GND due to stuck port clock   ;
; Memoria_Instrucoes:comb_5|rom~3052       ; Stuck at GND due to stuck port clock   ;
; Memoria_Instrucoes:comb_5|rom~3053       ; Stuck at GND due to stuck port clock   ;
; Memoria_Instrucoes:comb_5|rom~3054       ; Stuck at GND due to stuck port clock   ;
; Memoria_Instrucoes:comb_5|rom~3055       ; Stuck at GND due to stuck port clock   ;
; Memoria_Instrucoes:comb_5|rom~3056       ; Stuck at GND due to stuck port clock   ;
; Memoria_Instrucoes:comb_5|rom~3057       ; Stuck at GND due to stuck port clock   ;
; Memoria_Instrucoes:comb_5|rom~3058       ; Stuck at GND due to stuck port clock   ;
; Memoria_Instrucoes:comb_5|rom~3059       ; Stuck at GND due to stuck port clock   ;
; Memoria_Instrucoes:comb_5|rom~3060       ; Stuck at GND due to stuck port clock   ;
; Memoria_Instrucoes:comb_5|rom~3061       ; Stuck at GND due to stuck port clock   ;
; Memoria_Instrucoes:comb_5|rom~3062       ; Stuck at GND due to stuck port clock   ;
; Memoria_Instrucoes:comb_5|rom~3063       ; Stuck at GND due to stuck port clock   ;
; Memoria_Instrucoes:comb_5|rom~3064       ; Stuck at GND due to stuck port clock   ;
; Memoria_Instrucoes:comb_5|rom~3065       ; Stuck at GND due to stuck port clock   ;
; Memoria_Instrucoes:comb_5|rom~3066       ; Stuck at GND due to stuck port clock   ;
; Memoria_Instrucoes:comb_5|rom~3067       ; Stuck at GND due to stuck port clock   ;
; Memoria_Instrucoes:comb_5|rom~3068       ; Stuck at GND due to stuck port clock   ;
; Memoria_Instrucoes:comb_5|rom~3069       ; Stuck at GND due to stuck port clock   ;
; Memoria_Instrucoes:comb_5|rom~3070       ; Stuck at GND due to stuck port clock   ;
; Memoria_Instrucoes:comb_5|rom~3071       ; Stuck at GND due to stuck port clock   ;
; Memoria_Instrucoes:comb_5|rom~3072       ; Stuck at GND due to stuck port clock   ;
; Memoria_Instrucoes:comb_5|rom~3073       ; Stuck at GND due to stuck port clock   ;
; Memoria_Instrucoes:comb_5|rom~3074       ; Stuck at GND due to stuck port clock   ;
; Memoria_Instrucoes:comb_5|rom~3075       ; Stuck at GND due to stuck port clock   ;
; Memoria_Instrucoes:comb_5|rom~3076       ; Stuck at GND due to stuck port clock   ;
; Memoria_Instrucoes:comb_5|rom~3077       ; Stuck at GND due to stuck port clock   ;
; Memoria_Instrucoes:comb_5|rom~3078       ; Stuck at GND due to stuck port clock   ;
; Memoria_Instrucoes:comb_5|rom~3079       ; Stuck at GND due to stuck port clock   ;
; Memoria_Instrucoes:comb_5|rom~3080       ; Stuck at GND due to stuck port clock   ;
; Memoria_Instrucoes:comb_5|rom~3081       ; Stuck at GND due to stuck port clock   ;
; Memoria_Instrucoes:comb_5|rom~3082       ; Stuck at GND due to stuck port clock   ;
; Memoria_Instrucoes:comb_5|rom~3083       ; Stuck at GND due to stuck port clock   ;
; Memoria_Instrucoes:comb_5|rom~3084       ; Stuck at GND due to stuck port clock   ;
; Memoria_Instrucoes:comb_5|rom~3085       ; Stuck at GND due to stuck port clock   ;
; Memoria_Instrucoes:comb_5|rom~3086       ; Stuck at GND due to stuck port clock   ;
; Memoria_Instrucoes:comb_5|rom~3087       ; Stuck at GND due to stuck port clock   ;
; Memoria_Instrucoes:comb_5|rom~3088       ; Stuck at GND due to stuck port clock   ;
; Memoria_Instrucoes:comb_5|rom~3089       ; Stuck at GND due to stuck port clock   ;
; Memoria_Instrucoes:comb_5|rom~3090       ; Stuck at GND due to stuck port clock   ;
; Memoria_Instrucoes:comb_5|rom~3091       ; Stuck at GND due to stuck port clock   ;
; Memoria_Instrucoes:comb_5|rom~3092       ; Stuck at GND due to stuck port clock   ;
; Memoria_Instrucoes:comb_5|rom~3093       ; Stuck at GND due to stuck port clock   ;
; Memoria_Instrucoes:comb_5|rom~3094       ; Stuck at GND due to stuck port clock   ;
; Memoria_Instrucoes:comb_5|rom~3095       ; Stuck at GND due to stuck port clock   ;
; Memoria_Instrucoes:comb_5|rom~3096       ; Stuck at GND due to stuck port clock   ;
; Memoria_Instrucoes:comb_5|rom~3097       ; Stuck at GND due to stuck port clock   ;
; Memoria_Instrucoes:comb_5|rom~3098       ; Stuck at GND due to stuck port clock   ;
; Memoria_Instrucoes:comb_5|rom~3099       ; Stuck at GND due to stuck port clock   ;
; Memoria_Instrucoes:comb_5|rom~3100       ; Stuck at GND due to stuck port clock   ;
; Memoria_Instrucoes:comb_5|rom~3101       ; Stuck at GND due to stuck port clock   ;
; Memoria_Instrucoes:comb_5|rom~3102       ; Stuck at GND due to stuck port clock   ;
; Memoria_Instrucoes:comb_5|rom~3103       ; Stuck at GND due to stuck port clock   ;
; Memoria_Instrucoes:comb_5|rom~3104       ; Stuck at GND due to stuck port clock   ;
; Memoria_Instrucoes:comb_5|rom~3105       ; Stuck at GND due to stuck port clock   ;
; Memoria_Instrucoes:comb_5|rom~3106       ; Stuck at GND due to stuck port clock   ;
; Memoria_Instrucoes:comb_5|rom~3107       ; Stuck at GND due to stuck port clock   ;
; Memoria_Instrucoes:comb_5|rom~3108       ; Stuck at GND due to stuck port clock   ;
; Memoria_Instrucoes:comb_5|rom~3109       ; Stuck at GND due to stuck port clock   ;
; Memoria_Instrucoes:comb_5|rom~3110       ; Stuck at GND due to stuck port clock   ;
; Memoria_Instrucoes:comb_5|rom~3111       ; Stuck at GND due to stuck port clock   ;
; Memoria_Instrucoes:comb_5|rom~3112       ; Stuck at GND due to stuck port clock   ;
; Memoria_Instrucoes:comb_5|rom~3113       ; Stuck at GND due to stuck port clock   ;
; Memoria_Instrucoes:comb_5|rom~3114       ; Stuck at GND due to stuck port clock   ;
; Memoria_Instrucoes:comb_5|rom~3115       ; Stuck at GND due to stuck port clock   ;
; Memoria_Instrucoes:comb_5|rom~3116       ; Stuck at GND due to stuck port clock   ;
; Memoria_Instrucoes:comb_5|rom~3117       ; Stuck at GND due to stuck port clock   ;
; Memoria_Instrucoes:comb_5|rom~3118       ; Stuck at GND due to stuck port clock   ;
; Memoria_Instrucoes:comb_5|rom~3119       ; Stuck at GND due to stuck port clock   ;
; Memoria_Instrucoes:comb_5|rom~3120       ; Stuck at GND due to stuck port clock   ;
; Memoria_Instrucoes:comb_5|rom~3121       ; Stuck at GND due to stuck port clock   ;
; Memoria_Instrucoes:comb_5|rom~3122       ; Stuck at GND due to stuck port clock   ;
; Memoria_Instrucoes:comb_5|rom~3123       ; Stuck at GND due to stuck port clock   ;
; Memoria_Instrucoes:comb_5|rom~3124       ; Stuck at GND due to stuck port clock   ;
; Memoria_Instrucoes:comb_5|rom~3125       ; Stuck at GND due to stuck port clock   ;
; Memoria_Instrucoes:comb_5|rom~3126       ; Stuck at GND due to stuck port clock   ;
; Memoria_Instrucoes:comb_5|rom~3127       ; Stuck at GND due to stuck port clock   ;
; Memoria_Instrucoes:comb_5|rom~3128       ; Stuck at GND due to stuck port clock   ;
; Memoria_Instrucoes:comb_5|rom~3129       ; Stuck at GND due to stuck port clock   ;
; Memoria_Instrucoes:comb_5|rom~3130       ; Stuck at GND due to stuck port clock   ;
; Memoria_Instrucoes:comb_5|rom~3131       ; Stuck at GND due to stuck port clock   ;
; Memoria_Instrucoes:comb_5|rom~3132       ; Stuck at GND due to stuck port clock   ;
; Memoria_Instrucoes:comb_5|rom~3133       ; Stuck at GND due to stuck port clock   ;
; Memoria_Instrucoes:comb_5|rom~3134       ; Stuck at GND due to stuck port clock   ;
; Memoria_Instrucoes:comb_5|rom~3135       ; Stuck at GND due to stuck port clock   ;
; Memoria_Instrucoes:comb_5|rom~3136       ; Stuck at GND due to stuck port clock   ;
; Memoria_Instrucoes:comb_5|rom~3137       ; Stuck at GND due to stuck port clock   ;
; Memoria_Instrucoes:comb_5|rom~3138       ; Stuck at GND due to stuck port clock   ;
; Memoria_Instrucoes:comb_5|rom~3139       ; Stuck at GND due to stuck port clock   ;
; Memoria_Instrucoes:comb_5|rom~3140       ; Stuck at GND due to stuck port clock   ;
; Memoria_Instrucoes:comb_5|rom~3141       ; Stuck at GND due to stuck port clock   ;
; Memoria_Instrucoes:comb_5|rom~3142       ; Stuck at GND due to stuck port clock   ;
; Memoria_Instrucoes:comb_5|rom~3143       ; Stuck at GND due to stuck port clock   ;
; Memoria_Instrucoes:comb_5|rom~3144       ; Stuck at GND due to stuck port clock   ;
; Memoria_Instrucoes:comb_5|rom~3145       ; Stuck at GND due to stuck port clock   ;
; Memoria_Instrucoes:comb_5|rom~3146       ; Stuck at GND due to stuck port clock   ;
; Memoria_Instrucoes:comb_5|rom~3147       ; Stuck at GND due to stuck port clock   ;
; Memoria_Instrucoes:comb_5|rom~3148       ; Stuck at GND due to stuck port clock   ;
; Memoria_Instrucoes:comb_5|rom~3149       ; Stuck at GND due to stuck port clock   ;
; Memoria_Instrucoes:comb_5|rom~3150       ; Stuck at GND due to stuck port clock   ;
; Memoria_Instrucoes:comb_5|rom~3151       ; Stuck at GND due to stuck port clock   ;
; Memoria_Instrucoes:comb_5|rom~3152       ; Stuck at GND due to stuck port clock   ;
; Memoria_Instrucoes:comb_5|rom~3153       ; Stuck at GND due to stuck port clock   ;
; Memoria_Instrucoes:comb_5|rom~3154       ; Stuck at GND due to stuck port clock   ;
; Memoria_Instrucoes:comb_5|rom~3155       ; Stuck at GND due to stuck port clock   ;
; Memoria_Instrucoes:comb_5|rom~3156       ; Stuck at GND due to stuck port clock   ;
; Memoria_Instrucoes:comb_5|rom~3157       ; Stuck at GND due to stuck port clock   ;
; Memoria_Instrucoes:comb_5|rom~3158       ; Stuck at GND due to stuck port clock   ;
; Memoria_Instrucoes:comb_5|rom~3159       ; Stuck at GND due to stuck port clock   ;
; Memoria_Instrucoes:comb_5|rom~3160       ; Stuck at GND due to stuck port clock   ;
; Memoria_Instrucoes:comb_5|rom~3161       ; Stuck at GND due to stuck port clock   ;
; Memoria_Instrucoes:comb_5|rom~3162       ; Stuck at GND due to stuck port clock   ;
; Memoria_Instrucoes:comb_5|rom~3163       ; Stuck at GND due to stuck port clock   ;
; Memoria_Instrucoes:comb_5|rom~3164       ; Stuck at GND due to stuck port clock   ;
; Memoria_Instrucoes:comb_5|rom~3165       ; Stuck at GND due to stuck port clock   ;
; Memoria_Instrucoes:comb_5|rom~3166       ; Stuck at GND due to stuck port clock   ;
; Memoria_Instrucoes:comb_5|rom~3167       ; Stuck at GND due to stuck port clock   ;
; Memoria_Instrucoes:comb_5|rom~3168       ; Stuck at GND due to stuck port clock   ;
; Memoria_Instrucoes:comb_5|rom~3169       ; Stuck at GND due to stuck port clock   ;
; Memoria_Instrucoes:comb_5|rom~3170       ; Stuck at GND due to stuck port clock   ;
; Memoria_Instrucoes:comb_5|rom~3171       ; Stuck at GND due to stuck port clock   ;
; Memoria_Instrucoes:comb_5|rom~3172       ; Stuck at GND due to stuck port clock   ;
; Memoria_Instrucoes:comb_5|rom~3173       ; Stuck at GND due to stuck port clock   ;
; Memoria_Instrucoes:comb_5|rom~3174       ; Stuck at GND due to stuck port clock   ;
; Memoria_Instrucoes:comb_5|rom~3175       ; Stuck at GND due to stuck port clock   ;
; Memoria_Instrucoes:comb_5|rom~3176       ; Stuck at GND due to stuck port clock   ;
; Memoria_Instrucoes:comb_5|rom~3177       ; Stuck at GND due to stuck port clock   ;
; Memoria_Instrucoes:comb_5|rom~3178       ; Stuck at GND due to stuck port clock   ;
; Memoria_Instrucoes:comb_5|rom~3179       ; Stuck at GND due to stuck port clock   ;
; Memoria_Instrucoes:comb_5|rom~3180       ; Stuck at GND due to stuck port clock   ;
; Memoria_Instrucoes:comb_5|rom~3181       ; Stuck at GND due to stuck port clock   ;
; Memoria_Instrucoes:comb_5|rom~3182       ; Stuck at GND due to stuck port clock   ;
; Memoria_Instrucoes:comb_5|rom~3183       ; Stuck at GND due to stuck port clock   ;
; Memoria_Instrucoes:comb_5|rom~3184       ; Stuck at GND due to stuck port clock   ;
; Memoria_Instrucoes:comb_5|rom~3185       ; Stuck at GND due to stuck port clock   ;
; Memoria_Instrucoes:comb_5|rom~3186       ; Stuck at GND due to stuck port clock   ;
; Memoria_Instrucoes:comb_5|rom~3187       ; Stuck at GND due to stuck port clock   ;
; Memoria_Instrucoes:comb_5|rom~3188       ; Stuck at GND due to stuck port clock   ;
; Memoria_Instrucoes:comb_5|rom~3189       ; Stuck at GND due to stuck port clock   ;
; Memoria_Instrucoes:comb_5|rom~3190       ; Stuck at GND due to stuck port clock   ;
; Memoria_Instrucoes:comb_5|rom~3191       ; Stuck at GND due to stuck port clock   ;
; Memoria_Instrucoes:comb_5|rom~3192       ; Stuck at GND due to stuck port clock   ;
; Memoria_Instrucoes:comb_5|rom~3193       ; Stuck at GND due to stuck port clock   ;
; Memoria_Instrucoes:comb_5|rom~3194       ; Stuck at GND due to stuck port clock   ;
; Memoria_Instrucoes:comb_5|rom~3195       ; Stuck at GND due to stuck port clock   ;
; Memoria_Instrucoes:comb_5|rom~3196       ; Stuck at GND due to stuck port clock   ;
; Memoria_Instrucoes:comb_5|rom~3197       ; Stuck at GND due to stuck port clock   ;
; Memoria_Instrucoes:comb_5|rom~3198       ; Stuck at GND due to stuck port clock   ;
; Memoria_Instrucoes:comb_5|rom~3199       ; Stuck at GND due to stuck port clock   ;
; Memoria_Instrucoes:comb_5|rom~3200       ; Stuck at GND due to stuck port clock   ;
; Memoria_Instrucoes:comb_5|rom~3201       ; Stuck at GND due to stuck port clock   ;
; Memoria_Instrucoes:comb_5|rom~3202       ; Stuck at GND due to stuck port clock   ;
; Memoria_Instrucoes:comb_5|rom~3203       ; Stuck at GND due to stuck port clock   ;
; Memoria_Instrucoes:comb_5|rom~3204       ; Stuck at GND due to stuck port clock   ;
; Memoria_Instrucoes:comb_5|rom~3205       ; Stuck at GND due to stuck port clock   ;
; Memoria_Instrucoes:comb_5|rom~3206       ; Stuck at GND due to stuck port clock   ;
; Memoria_Instrucoes:comb_5|rom~3207       ; Stuck at GND due to stuck port clock   ;
; Memoria_Instrucoes:comb_5|rom~3208       ; Stuck at GND due to stuck port clock   ;
; Memoria_Instrucoes:comb_5|rom~3209       ; Stuck at GND due to stuck port clock   ;
; Memoria_Instrucoes:comb_5|rom~3210       ; Stuck at GND due to stuck port clock   ;
; Memoria_Instrucoes:comb_5|rom~3211       ; Stuck at GND due to stuck port clock   ;
; Memoria_Instrucoes:comb_5|rom~3212       ; Stuck at GND due to stuck port clock   ;
; Memoria_Instrucoes:comb_5|rom~3213       ; Stuck at GND due to stuck port clock   ;
; Memoria_Instrucoes:comb_5|rom~3214       ; Stuck at GND due to stuck port clock   ;
; Memoria_Instrucoes:comb_5|rom~3215       ; Stuck at GND due to stuck port clock   ;
; Memoria_Instrucoes:comb_5|rom~3216       ; Stuck at GND due to stuck port clock   ;
; Memoria_Instrucoes:comb_5|rom~3217       ; Stuck at GND due to stuck port clock   ;
; Memoria_Instrucoes:comb_5|rom~3218       ; Stuck at GND due to stuck port clock   ;
; Memoria_Instrucoes:comb_5|rom~3219       ; Stuck at GND due to stuck port clock   ;
; Memoria_Instrucoes:comb_5|rom~3220       ; Stuck at GND due to stuck port clock   ;
; Memoria_Instrucoes:comb_5|rom~3221       ; Stuck at GND due to stuck port clock   ;
; Memoria_Instrucoes:comb_5|rom~3222       ; Stuck at GND due to stuck port clock   ;
; Memoria_Instrucoes:comb_5|rom~3223       ; Stuck at GND due to stuck port clock   ;
; Memoria_Instrucoes:comb_5|rom~3224       ; Stuck at GND due to stuck port clock   ;
; Memoria_Instrucoes:comb_5|rom~3225       ; Stuck at GND due to stuck port clock   ;
; Memoria_Instrucoes:comb_5|rom~3226       ; Stuck at GND due to stuck port clock   ;
; Memoria_Instrucoes:comb_5|rom~3227       ; Stuck at GND due to stuck port clock   ;
; Memoria_Instrucoes:comb_5|rom~3228       ; Stuck at GND due to stuck port clock   ;
; Memoria_Instrucoes:comb_5|rom~3229       ; Stuck at GND due to stuck port clock   ;
; Memoria_Instrucoes:comb_5|rom~3230       ; Stuck at GND due to stuck port clock   ;
; Memoria_Instrucoes:comb_5|rom~3231       ; Stuck at GND due to stuck port clock   ;
; Memoria_Instrucoes:comb_5|rom~3232       ; Stuck at GND due to stuck port clock   ;
; Memoria_Instrucoes:comb_5|rom~3233       ; Stuck at GND due to stuck port clock   ;
; Memoria_Instrucoes:comb_5|rom~3234       ; Stuck at GND due to stuck port clock   ;
; Memoria_Instrucoes:comb_5|rom~3235       ; Stuck at GND due to stuck port clock   ;
; Memoria_Instrucoes:comb_5|rom~3236       ; Stuck at GND due to stuck port clock   ;
; Memoria_Instrucoes:comb_5|rom~3237       ; Stuck at GND due to stuck port clock   ;
; Memoria_Instrucoes:comb_5|rom~3238       ; Stuck at GND due to stuck port clock   ;
; Memoria_Instrucoes:comb_5|rom~3239       ; Stuck at GND due to stuck port clock   ;
; Memoria_Instrucoes:comb_5|rom~3240       ; Stuck at GND due to stuck port clock   ;
; Memoria_Instrucoes:comb_5|rom~3241       ; Stuck at GND due to stuck port clock   ;
; Memoria_Instrucoes:comb_5|rom~3242       ; Stuck at GND due to stuck port clock   ;
; Memoria_Instrucoes:comb_5|rom~3243       ; Stuck at GND due to stuck port clock   ;
; Memoria_Instrucoes:comb_5|rom~3244       ; Stuck at GND due to stuck port clock   ;
; Memoria_Instrucoes:comb_5|rom~3245       ; Stuck at GND due to stuck port clock   ;
; Memoria_Instrucoes:comb_5|rom~3246       ; Stuck at GND due to stuck port clock   ;
; Memoria_Instrucoes:comb_5|rom~3247       ; Stuck at GND due to stuck port clock   ;
; Memoria_Instrucoes:comb_5|rom~3248       ; Stuck at GND due to stuck port clock   ;
; Memoria_Instrucoes:comb_5|rom~3249       ; Stuck at GND due to stuck port clock   ;
; Memoria_Instrucoes:comb_5|rom~3250       ; Stuck at GND due to stuck port clock   ;
; Memoria_Instrucoes:comb_5|rom~3251       ; Stuck at GND due to stuck port clock   ;
; Memoria_Instrucoes:comb_5|rom~3252       ; Stuck at GND due to stuck port clock   ;
; Memoria_Instrucoes:comb_5|rom~3253       ; Stuck at GND due to stuck port clock   ;
; Memoria_Instrucoes:comb_5|rom~3254       ; Stuck at GND due to stuck port clock   ;
; Memoria_Instrucoes:comb_5|rom~3255       ; Stuck at GND due to stuck port clock   ;
; Memoria_Instrucoes:comb_5|rom~3256       ; Stuck at GND due to stuck port clock   ;
; Memoria_Instrucoes:comb_5|rom~3257       ; Stuck at GND due to stuck port clock   ;
; Memoria_Instrucoes:comb_5|rom~3258       ; Stuck at GND due to stuck port clock   ;
; Memoria_Instrucoes:comb_5|rom~3259       ; Stuck at GND due to stuck port clock   ;
; Memoria_Instrucoes:comb_5|rom~3260       ; Stuck at GND due to stuck port clock   ;
; Memoria_Instrucoes:comb_5|rom~3261       ; Stuck at GND due to stuck port clock   ;
; Memoria_Instrucoes:comb_5|rom~3262       ; Stuck at GND due to stuck port clock   ;
; Memoria_Instrucoes:comb_5|rom~3263       ; Stuck at GND due to stuck port clock   ;
; Memoria_Instrucoes:comb_5|rom~3264       ; Stuck at GND due to stuck port clock   ;
; Memoria_Instrucoes:comb_5|rom~3265       ; Stuck at GND due to stuck port clock   ;
; Memoria_Instrucoes:comb_5|rom~3266       ; Stuck at GND due to stuck port clock   ;
; Memoria_Instrucoes:comb_5|rom~3267       ; Stuck at GND due to stuck port clock   ;
; Memoria_Instrucoes:comb_5|rom~3268       ; Stuck at GND due to stuck port clock   ;
; Memoria_Instrucoes:comb_5|rom~3269       ; Stuck at GND due to stuck port clock   ;
; Memoria_Instrucoes:comb_5|rom~3270       ; Stuck at GND due to stuck port clock   ;
; Memoria_Instrucoes:comb_5|rom~3271       ; Stuck at GND due to stuck port clock   ;
; Memoria_Instrucoes:comb_5|rom~3272       ; Stuck at GND due to stuck port clock   ;
; Memoria_Instrucoes:comb_5|rom~3273       ; Stuck at GND due to stuck port clock   ;
; Memoria_Instrucoes:comb_5|rom~3274       ; Stuck at GND due to stuck port clock   ;
; Memoria_Instrucoes:comb_5|rom~3275       ; Stuck at GND due to stuck port clock   ;
; Memoria_Instrucoes:comb_5|rom~3276       ; Stuck at GND due to stuck port clock   ;
; Memoria_Instrucoes:comb_5|rom~3277       ; Stuck at GND due to stuck port clock   ;
; Memoria_Instrucoes:comb_5|rom~3278       ; Stuck at GND due to stuck port clock   ;
; Memoria_Instrucoes:comb_5|rom~3279       ; Stuck at GND due to stuck port clock   ;
; Memoria_Instrucoes:comb_5|rom~3280       ; Stuck at GND due to stuck port clock   ;
; Memoria_Instrucoes:comb_5|rom~3281       ; Stuck at GND due to stuck port clock   ;
; Memoria_Instrucoes:comb_5|rom~3282       ; Stuck at GND due to stuck port clock   ;
; Memoria_Instrucoes:comb_5|rom~3283       ; Stuck at GND due to stuck port clock   ;
; Memoria_Instrucoes:comb_5|rom~3284       ; Stuck at GND due to stuck port clock   ;
; Memoria_Instrucoes:comb_5|rom~3285       ; Stuck at GND due to stuck port clock   ;
; Memoria_Instrucoes:comb_5|rom~3286       ; Stuck at GND due to stuck port clock   ;
; Memoria_Instrucoes:comb_5|rom~3287       ; Stuck at GND due to stuck port clock   ;
; Memoria_Instrucoes:comb_5|rom~3288       ; Stuck at GND due to stuck port clock   ;
; Memoria_Instrucoes:comb_5|rom~3289       ; Stuck at GND due to stuck port clock   ;
; Memoria_Instrucoes:comb_5|rom~3290       ; Stuck at GND due to stuck port clock   ;
; Memoria_Instrucoes:comb_5|rom~3291       ; Stuck at GND due to stuck port clock   ;
; Memoria_Instrucoes:comb_5|rom~3292       ; Stuck at GND due to stuck port clock   ;
; Memoria_Instrucoes:comb_5|rom~3293       ; Stuck at GND due to stuck port clock   ;
; Memoria_Instrucoes:comb_5|rom~3294       ; Stuck at GND due to stuck port clock   ;
; Memoria_Instrucoes:comb_5|rom~3295       ; Stuck at GND due to stuck port clock   ;
; Memoria_Instrucoes:comb_5|rom~3296       ; Stuck at GND due to stuck port clock   ;
; Memoria_Instrucoes:comb_5|rom~3297       ; Stuck at GND due to stuck port clock   ;
; Memoria_Instrucoes:comb_5|rom~3298       ; Stuck at GND due to stuck port clock   ;
; Memoria_Instrucoes:comb_5|rom~3299       ; Stuck at GND due to stuck port clock   ;
; Memoria_Instrucoes:comb_5|rom~3300       ; Stuck at GND due to stuck port clock   ;
; Memoria_Instrucoes:comb_5|rom~3301       ; Stuck at GND due to stuck port clock   ;
; Memoria_Instrucoes:comb_5|rom~3302       ; Stuck at GND due to stuck port clock   ;
; Memoria_Instrucoes:comb_5|rom~3303       ; Stuck at GND due to stuck port clock   ;
; Memoria_Instrucoes:comb_5|rom~3304       ; Stuck at GND due to stuck port clock   ;
; Memoria_Instrucoes:comb_5|rom~3305       ; Stuck at GND due to stuck port clock   ;
; Memoria_Instrucoes:comb_5|rom~3306       ; Stuck at GND due to stuck port clock   ;
; Memoria_Instrucoes:comb_5|rom~3307       ; Stuck at GND due to stuck port clock   ;
; Memoria_Instrucoes:comb_5|rom~3308       ; Stuck at GND due to stuck port clock   ;
; Memoria_Instrucoes:comb_5|rom~3309       ; Stuck at GND due to stuck port clock   ;
; Memoria_Instrucoes:comb_5|rom~3310       ; Stuck at GND due to stuck port clock   ;
; Memoria_Instrucoes:comb_5|rom~3311       ; Stuck at GND due to stuck port clock   ;
; Memoria_Instrucoes:comb_5|rom~3312       ; Stuck at GND due to stuck port clock   ;
; Memoria_Instrucoes:comb_5|rom~3313       ; Stuck at GND due to stuck port clock   ;
; Memoria_Instrucoes:comb_5|rom~3314       ; Stuck at GND due to stuck port clock   ;
; Memoria_Instrucoes:comb_5|rom~3315       ; Stuck at GND due to stuck port clock   ;
; Memoria_Instrucoes:comb_5|rom~3316       ; Stuck at GND due to stuck port clock   ;
; Memoria_Instrucoes:comb_5|rom~3317       ; Stuck at GND due to stuck port clock   ;
; Memoria_Instrucoes:comb_5|rom~3318       ; Stuck at GND due to stuck port clock   ;
; Memoria_Instrucoes:comb_5|rom~3319       ; Stuck at GND due to stuck port clock   ;
; Memoria_Instrucoes:comb_5|rom~3320       ; Stuck at GND due to stuck port clock   ;
; Memoria_Instrucoes:comb_5|rom~3321       ; Stuck at GND due to stuck port clock   ;
; Memoria_Instrucoes:comb_5|rom~3322       ; Stuck at GND due to stuck port clock   ;
; Memoria_Instrucoes:comb_5|rom~3323       ; Stuck at GND due to stuck port clock   ;
; Memoria_Instrucoes:comb_5|rom~3324       ; Stuck at GND due to stuck port clock   ;
; Memoria_Instrucoes:comb_5|rom~3325       ; Stuck at GND due to stuck port clock   ;
; Memoria_Instrucoes:comb_5|rom~3326       ; Stuck at GND due to stuck port clock   ;
; Memoria_Instrucoes:comb_5|rom~3327       ; Stuck at GND due to stuck port clock   ;
; Memoria_Instrucoes:comb_5|rom~3328       ; Stuck at GND due to stuck port clock   ;
; Memoria_Instrucoes:comb_5|rom~3329       ; Stuck at GND due to stuck port clock   ;
; Memoria_Instrucoes:comb_5|rom~3330       ; Stuck at GND due to stuck port clock   ;
; Memoria_Instrucoes:comb_5|rom~3331       ; Stuck at GND due to stuck port clock   ;
; Memoria_Instrucoes:comb_5|rom~3332       ; Stuck at GND due to stuck port clock   ;
; Memoria_Instrucoes:comb_5|rom~3333       ; Stuck at GND due to stuck port clock   ;
; Memoria_Instrucoes:comb_5|rom~3334       ; Stuck at GND due to stuck port clock   ;
; Memoria_Instrucoes:comb_5|rom~3335       ; Stuck at GND due to stuck port clock   ;
; Memoria_Instrucoes:comb_5|rom~3336       ; Stuck at GND due to stuck port clock   ;
; Memoria_Instrucoes:comb_5|rom~3337       ; Stuck at GND due to stuck port clock   ;
; Memoria_Instrucoes:comb_5|rom~3338       ; Stuck at GND due to stuck port clock   ;
; Memoria_Instrucoes:comb_5|rom~3339       ; Stuck at GND due to stuck port clock   ;
; Memoria_Instrucoes:comb_5|rom~3340       ; Stuck at GND due to stuck port clock   ;
; Memoria_Instrucoes:comb_5|rom~3341       ; Stuck at GND due to stuck port clock   ;
; Memoria_Instrucoes:comb_5|rom~3342       ; Stuck at GND due to stuck port clock   ;
; Memoria_Instrucoes:comb_5|rom~3343       ; Stuck at GND due to stuck port clock   ;
; Memoria_Instrucoes:comb_5|rom~3344       ; Stuck at GND due to stuck port clock   ;
; Memoria_Instrucoes:comb_5|rom~3345       ; Stuck at GND due to stuck port clock   ;
; Memoria_Instrucoes:comb_5|rom~3346       ; Stuck at GND due to stuck port clock   ;
; Memoria_Instrucoes:comb_5|rom~3347       ; Stuck at GND due to stuck port clock   ;
; Memoria_Instrucoes:comb_5|rom~3348       ; Stuck at GND due to stuck port clock   ;
; Memoria_Instrucoes:comb_5|rom~3349       ; Stuck at GND due to stuck port clock   ;
; Memoria_Instrucoes:comb_5|rom~3350       ; Stuck at GND due to stuck port clock   ;
; Memoria_Instrucoes:comb_5|rom~3351       ; Stuck at GND due to stuck port clock   ;
; Memoria_Instrucoes:comb_5|rom~3352       ; Stuck at GND due to stuck port clock   ;
; Memoria_Instrucoes:comb_5|rom~3353       ; Stuck at GND due to stuck port clock   ;
; Memoria_Instrucoes:comb_5|rom~3354       ; Stuck at GND due to stuck port clock   ;
; Memoria_Instrucoes:comb_5|rom~3355       ; Stuck at GND due to stuck port clock   ;
; Memoria_Instrucoes:comb_5|rom~3356       ; Stuck at GND due to stuck port clock   ;
; Memoria_Instrucoes:comb_5|rom~3357       ; Stuck at GND due to stuck port clock   ;
; Memoria_Instrucoes:comb_5|rom~3358       ; Stuck at GND due to stuck port clock   ;
; Memoria_Instrucoes:comb_5|rom~3359       ; Stuck at GND due to stuck port clock   ;
; Memoria_Instrucoes:comb_5|rom~3360       ; Stuck at GND due to stuck port clock   ;
; Memoria_Instrucoes:comb_5|rom~3361       ; Stuck at GND due to stuck port clock   ;
; Memoria_Instrucoes:comb_5|rom~3362       ; Stuck at GND due to stuck port clock   ;
; Memoria_Instrucoes:comb_5|rom~3363       ; Stuck at GND due to stuck port clock   ;
; Memoria_Instrucoes:comb_5|rom~3364       ; Stuck at GND due to stuck port clock   ;
; Memoria_Instrucoes:comb_5|rom~3365       ; Stuck at GND due to stuck port clock   ;
; Memoria_Instrucoes:comb_5|rom~3366       ; Stuck at GND due to stuck port clock   ;
; Memoria_Instrucoes:comb_5|rom~3367       ; Stuck at GND due to stuck port clock   ;
; Memoria_Instrucoes:comb_5|rom~3368       ; Stuck at GND due to stuck port clock   ;
; Memoria_Instrucoes:comb_5|rom~3369       ; Stuck at GND due to stuck port clock   ;
; Memoria_Instrucoes:comb_5|rom~3370       ; Stuck at GND due to stuck port clock   ;
; Memoria_Instrucoes:comb_5|rom~3371       ; Stuck at GND due to stuck port clock   ;
; Memoria_Instrucoes:comb_5|rom~3372       ; Stuck at GND due to stuck port clock   ;
; Memoria_Instrucoes:comb_5|rom~3373       ; Stuck at GND due to stuck port clock   ;
; Memoria_Instrucoes:comb_5|rom~3374       ; Stuck at GND due to stuck port clock   ;
; Memoria_Instrucoes:comb_5|rom~3375       ; Stuck at GND due to stuck port clock   ;
; Memoria_Instrucoes:comb_5|rom~3376       ; Stuck at GND due to stuck port clock   ;
; Memoria_Instrucoes:comb_5|rom~3377       ; Stuck at GND due to stuck port clock   ;
; Memoria_Instrucoes:comb_5|rom~3378       ; Stuck at GND due to stuck port clock   ;
; Memoria_Instrucoes:comb_5|rom~3379       ; Stuck at GND due to stuck port clock   ;
; Memoria_Instrucoes:comb_5|rom~3380       ; Stuck at GND due to stuck port clock   ;
; Memoria_Instrucoes:comb_5|rom~3381       ; Stuck at GND due to stuck port clock   ;
; Memoria_Instrucoes:comb_5|rom~3382       ; Stuck at GND due to stuck port clock   ;
; Memoria_Instrucoes:comb_5|rom~3383       ; Stuck at GND due to stuck port clock   ;
; Memoria_Instrucoes:comb_5|rom~3384       ; Stuck at GND due to stuck port clock   ;
; Memoria_Instrucoes:comb_5|rom~3385       ; Stuck at GND due to stuck port clock   ;
; Memoria_Instrucoes:comb_5|rom~3386       ; Stuck at GND due to stuck port clock   ;
; Memoria_Instrucoes:comb_5|rom~3387       ; Stuck at GND due to stuck port clock   ;
; Memoria_Instrucoes:comb_5|rom~3388       ; Stuck at GND due to stuck port clock   ;
; Memoria_Instrucoes:comb_5|rom~3389       ; Stuck at GND due to stuck port clock   ;
; Memoria_Instrucoes:comb_5|rom~3390       ; Stuck at GND due to stuck port clock   ;
; Memoria_Instrucoes:comb_5|rom~3391       ; Stuck at GND due to stuck port clock   ;
; Memoria_Instrucoes:comb_5|rom~3392       ; Stuck at GND due to stuck port clock   ;
; Memoria_Instrucoes:comb_5|rom~3393       ; Stuck at GND due to stuck port clock   ;
; Memoria_Instrucoes:comb_5|rom~3394       ; Stuck at GND due to stuck port clock   ;
; Memoria_Instrucoes:comb_5|rom~3395       ; Stuck at GND due to stuck port clock   ;
; Memoria_Instrucoes:comb_5|rom~3396       ; Stuck at GND due to stuck port clock   ;
; Memoria_Instrucoes:comb_5|rom~3397       ; Stuck at GND due to stuck port clock   ;
; Memoria_Instrucoes:comb_5|rom~3398       ; Stuck at GND due to stuck port clock   ;
; Memoria_Instrucoes:comb_5|rom~3399       ; Stuck at GND due to stuck port clock   ;
; Memoria_Instrucoes:comb_5|rom~3400       ; Stuck at GND due to stuck port clock   ;
; Memoria_Instrucoes:comb_5|rom~3401       ; Stuck at GND due to stuck port clock   ;
; Memoria_Instrucoes:comb_5|rom~3402       ; Stuck at GND due to stuck port clock   ;
; Memoria_Instrucoes:comb_5|rom~3403       ; Stuck at GND due to stuck port clock   ;
; Memoria_Instrucoes:comb_5|rom~3404       ; Stuck at GND due to stuck port clock   ;
; Memoria_Instrucoes:comb_5|rom~3405       ; Stuck at GND due to stuck port clock   ;
; Memoria_Instrucoes:comb_5|rom~3406       ; Stuck at GND due to stuck port clock   ;
; Memoria_Instrucoes:comb_5|rom~3407       ; Stuck at GND due to stuck port clock   ;
; Memoria_Instrucoes:comb_5|rom~3408       ; Stuck at GND due to stuck port clock   ;
; Memoria_Instrucoes:comb_5|rom~3409       ; Stuck at GND due to stuck port clock   ;
; Memoria_Instrucoes:comb_5|rom~3410       ; Stuck at GND due to stuck port clock   ;
; Memoria_Instrucoes:comb_5|rom~3411       ; Stuck at GND due to stuck port clock   ;
; Memoria_Instrucoes:comb_5|rom~3412       ; Stuck at GND due to stuck port clock   ;
; Memoria_Instrucoes:comb_5|rom~3413       ; Stuck at GND due to stuck port clock   ;
; Memoria_Instrucoes:comb_5|rom~3414       ; Stuck at GND due to stuck port clock   ;
; Memoria_Instrucoes:comb_5|rom~3415       ; Stuck at GND due to stuck port clock   ;
; Memoria_Instrucoes:comb_5|rom~3416       ; Stuck at GND due to stuck port clock   ;
; Memoria_Instrucoes:comb_5|rom~3417       ; Stuck at GND due to stuck port clock   ;
; Memoria_Instrucoes:comb_5|rom~3418       ; Stuck at GND due to stuck port clock   ;
; Memoria_Instrucoes:comb_5|rom~3419       ; Stuck at GND due to stuck port clock   ;
; Memoria_Instrucoes:comb_5|rom~3420       ; Stuck at GND due to stuck port clock   ;
; Memoria_Instrucoes:comb_5|rom~3421       ; Stuck at GND due to stuck port clock   ;
; Memoria_Instrucoes:comb_5|rom~3422       ; Stuck at GND due to stuck port clock   ;
; Memoria_Instrucoes:comb_5|rom~3423       ; Stuck at GND due to stuck port clock   ;
; Memoria_Instrucoes:comb_5|rom~3424       ; Stuck at GND due to stuck port clock   ;
; Memoria_Instrucoes:comb_5|rom~3425       ; Stuck at GND due to stuck port clock   ;
; Memoria_Instrucoes:comb_5|rom~3426       ; Stuck at GND due to stuck port clock   ;
; Memoria_Instrucoes:comb_5|rom~3427       ; Stuck at GND due to stuck port clock   ;
; Memoria_Instrucoes:comb_5|rom~3428       ; Stuck at GND due to stuck port clock   ;
; Memoria_Instrucoes:comb_5|rom~3429       ; Stuck at GND due to stuck port clock   ;
; Memoria_Instrucoes:comb_5|rom~3430       ; Stuck at GND due to stuck port clock   ;
; Memoria_Instrucoes:comb_5|rom~3431       ; Stuck at GND due to stuck port clock   ;
; Memoria_Instrucoes:comb_5|rom~3432       ; Stuck at GND due to stuck port clock   ;
; Memoria_Instrucoes:comb_5|rom~3433       ; Stuck at GND due to stuck port clock   ;
; Memoria_Instrucoes:comb_5|rom~3434       ; Stuck at GND due to stuck port clock   ;
; Memoria_Instrucoes:comb_5|rom~3435       ; Stuck at GND due to stuck port clock   ;
; Memoria_Instrucoes:comb_5|rom~3436       ; Stuck at GND due to stuck port clock   ;
; Memoria_Instrucoes:comb_5|rom~3437       ; Stuck at GND due to stuck port clock   ;
; Memoria_Instrucoes:comb_5|rom~3438       ; Stuck at GND due to stuck port clock   ;
; Memoria_Instrucoes:comb_5|rom~3439       ; Stuck at GND due to stuck port clock   ;
; Memoria_Instrucoes:comb_5|rom~3440       ; Stuck at GND due to stuck port clock   ;
; Memoria_Instrucoes:comb_5|rom~3441       ; Stuck at GND due to stuck port clock   ;
; Memoria_Instrucoes:comb_5|rom~3442       ; Stuck at GND due to stuck port clock   ;
; Memoria_Instrucoes:comb_5|rom~3443       ; Stuck at GND due to stuck port clock   ;
; Memoria_Instrucoes:comb_5|rom~3444       ; Stuck at GND due to stuck port clock   ;
; Memoria_Instrucoes:comb_5|rom~3445       ; Stuck at GND due to stuck port clock   ;
; Memoria_Instrucoes:comb_5|rom~3446       ; Stuck at GND due to stuck port clock   ;
; Memoria_Instrucoes:comb_5|rom~3447       ; Stuck at GND due to stuck port clock   ;
; Memoria_Instrucoes:comb_5|rom~3448       ; Stuck at GND due to stuck port clock   ;
; Memoria_Instrucoes:comb_5|rom~3449       ; Stuck at GND due to stuck port clock   ;
; Memoria_Instrucoes:comb_5|rom~3450       ; Stuck at GND due to stuck port clock   ;
; Memoria_Instrucoes:comb_5|rom~3451       ; Stuck at GND due to stuck port clock   ;
; Memoria_Instrucoes:comb_5|rom~3452       ; Stuck at GND due to stuck port clock   ;
; Memoria_Instrucoes:comb_5|rom~3453       ; Stuck at GND due to stuck port clock   ;
; Memoria_Instrucoes:comb_5|rom~3454       ; Stuck at GND due to stuck port clock   ;
; Memoria_Instrucoes:comb_5|rom~3455       ; Stuck at GND due to stuck port clock   ;
; Memoria_Instrucoes:comb_5|rom~3456       ; Stuck at GND due to stuck port clock   ;
; Memoria_Instrucoes:comb_5|rom~3457       ; Stuck at GND due to stuck port clock   ;
; Memoria_Instrucoes:comb_5|rom~3458       ; Stuck at GND due to stuck port clock   ;
; Memoria_Instrucoes:comb_5|rom~3459       ; Stuck at GND due to stuck port clock   ;
; Memoria_Instrucoes:comb_5|rom~3460       ; Stuck at GND due to stuck port clock   ;
; Memoria_Instrucoes:comb_5|rom~3461       ; Stuck at GND due to stuck port clock   ;
; Memoria_Instrucoes:comb_5|rom~3462       ; Stuck at GND due to stuck port clock   ;
; Memoria_Instrucoes:comb_5|rom~3463       ; Stuck at GND due to stuck port clock   ;
; Memoria_Instrucoes:comb_5|rom~3464       ; Stuck at GND due to stuck port clock   ;
; Memoria_Instrucoes:comb_5|rom~3465       ; Stuck at GND due to stuck port clock   ;
; Memoria_Instrucoes:comb_5|rom~3466       ; Stuck at GND due to stuck port clock   ;
; Memoria_Instrucoes:comb_5|rom~3467       ; Stuck at GND due to stuck port clock   ;
; Memoria_Instrucoes:comb_5|rom~3468       ; Stuck at GND due to stuck port clock   ;
; Memoria_Instrucoes:comb_5|rom~3469       ; Stuck at GND due to stuck port clock   ;
; Memoria_Instrucoes:comb_5|rom~3470       ; Stuck at GND due to stuck port clock   ;
; Memoria_Instrucoes:comb_5|rom~3471       ; Stuck at GND due to stuck port clock   ;
; Memoria_Instrucoes:comb_5|rom~3472       ; Stuck at GND due to stuck port clock   ;
; Memoria_Instrucoes:comb_5|rom~3473       ; Stuck at GND due to stuck port clock   ;
; Memoria_Instrucoes:comb_5|rom~3474       ; Stuck at GND due to stuck port clock   ;
; Memoria_Instrucoes:comb_5|rom~3475       ; Stuck at GND due to stuck port clock   ;
; Memoria_Instrucoes:comb_5|rom~3476       ; Stuck at GND due to stuck port clock   ;
; Memoria_Instrucoes:comb_5|rom~3477       ; Stuck at GND due to stuck port clock   ;
; Memoria_Instrucoes:comb_5|rom~3478       ; Stuck at GND due to stuck port clock   ;
; Memoria_Instrucoes:comb_5|rom~3479       ; Stuck at GND due to stuck port clock   ;
; Memoria_Instrucoes:comb_5|rom~3480       ; Stuck at GND due to stuck port clock   ;
; Memoria_Instrucoes:comb_5|rom~3481       ; Stuck at GND due to stuck port clock   ;
; Memoria_Instrucoes:comb_5|rom~3482       ; Stuck at GND due to stuck port clock   ;
; Memoria_Instrucoes:comb_5|rom~3483       ; Stuck at GND due to stuck port clock   ;
; Memoria_Instrucoes:comb_5|rom~3484       ; Stuck at GND due to stuck port clock   ;
; Memoria_Instrucoes:comb_5|rom~3485       ; Stuck at GND due to stuck port clock   ;
; Memoria_Instrucoes:comb_5|rom~3486       ; Stuck at GND due to stuck port clock   ;
; Memoria_Instrucoes:comb_5|rom~3487       ; Stuck at GND due to stuck port clock   ;
; Memoria_Instrucoes:comb_5|rom~3488       ; Stuck at GND due to stuck port clock   ;
; Memoria_Instrucoes:comb_5|rom~3489       ; Stuck at GND due to stuck port clock   ;
; Memoria_Instrucoes:comb_5|rom~3490       ; Stuck at GND due to stuck port clock   ;
; Memoria_Instrucoes:comb_5|rom~3491       ; Stuck at GND due to stuck port clock   ;
; Memoria_Instrucoes:comb_5|rom~3492       ; Stuck at GND due to stuck port clock   ;
; Memoria_Instrucoes:comb_5|rom~3493       ; Stuck at GND due to stuck port clock   ;
; Memoria_Instrucoes:comb_5|rom~3494       ; Stuck at GND due to stuck port clock   ;
; Memoria_Instrucoes:comb_5|rom~3495       ; Stuck at GND due to stuck port clock   ;
; Memoria_Instrucoes:comb_5|rom~3496       ; Stuck at GND due to stuck port clock   ;
; Memoria_Instrucoes:comb_5|rom~3497       ; Stuck at GND due to stuck port clock   ;
; Memoria_Instrucoes:comb_5|rom~3498       ; Stuck at GND due to stuck port clock   ;
; Memoria_Instrucoes:comb_5|rom~3499       ; Stuck at GND due to stuck port clock   ;
; Memoria_Instrucoes:comb_5|rom~3500       ; Stuck at GND due to stuck port clock   ;
; Memoria_Instrucoes:comb_5|rom~3501       ; Stuck at GND due to stuck port clock   ;
; Memoria_Instrucoes:comb_5|rom~3502       ; Stuck at GND due to stuck port clock   ;
; Memoria_Instrucoes:comb_5|rom~3503       ; Stuck at GND due to stuck port clock   ;
; Memoria_Instrucoes:comb_5|rom~3504       ; Stuck at GND due to stuck port clock   ;
; Memoria_Instrucoes:comb_5|rom~3505       ; Stuck at GND due to stuck port clock   ;
; Memoria_Instrucoes:comb_5|rom~3506       ; Stuck at GND due to stuck port clock   ;
; Memoria_Instrucoes:comb_5|rom~3507       ; Stuck at GND due to stuck port clock   ;
; Memoria_Instrucoes:comb_5|rom~3508       ; Stuck at GND due to stuck port clock   ;
; Memoria_Instrucoes:comb_5|rom~3509       ; Stuck at GND due to stuck port clock   ;
; Memoria_Instrucoes:comb_5|rom~3510       ; Stuck at GND due to stuck port clock   ;
; Memoria_Instrucoes:comb_5|rom~3511       ; Stuck at GND due to stuck port clock   ;
; Memoria_Instrucoes:comb_5|rom~3512       ; Stuck at GND due to stuck port clock   ;
; Memoria_Instrucoes:comb_5|rom~3513       ; Stuck at GND due to stuck port clock   ;
; Memoria_Instrucoes:comb_5|rom~3514       ; Stuck at GND due to stuck port clock   ;
; Memoria_Instrucoes:comb_5|rom~3515       ; Stuck at GND due to stuck port clock   ;
; Memoria_Instrucoes:comb_5|rom~3516       ; Stuck at GND due to stuck port clock   ;
; Memoria_Instrucoes:comb_5|rom~3517       ; Stuck at GND due to stuck port clock   ;
; Memoria_Instrucoes:comb_5|rom~3518       ; Stuck at GND due to stuck port clock   ;
; Memoria_Instrucoes:comb_5|rom~3519       ; Stuck at GND due to stuck port clock   ;
; Memoria_Instrucoes:comb_5|rom~3520       ; Stuck at GND due to stuck port clock   ;
; Memoria_Instrucoes:comb_5|rom~3521       ; Stuck at GND due to stuck port clock   ;
; Memoria_Instrucoes:comb_5|rom~3522       ; Stuck at GND due to stuck port clock   ;
; Memoria_Instrucoes:comb_5|rom~3523       ; Stuck at GND due to stuck port clock   ;
; Memoria_Instrucoes:comb_5|rom~3524       ; Stuck at GND due to stuck port clock   ;
; Memoria_Instrucoes:comb_5|rom~3525       ; Stuck at GND due to stuck port clock   ;
; Memoria_Instrucoes:comb_5|rom~3526       ; Stuck at GND due to stuck port clock   ;
; Memoria_Instrucoes:comb_5|rom~3527       ; Stuck at GND due to stuck port clock   ;
; Memoria_Instrucoes:comb_5|rom~3528       ; Stuck at GND due to stuck port clock   ;
; Memoria_Instrucoes:comb_5|rom~3529       ; Stuck at GND due to stuck port clock   ;
; Memoria_Instrucoes:comb_5|rom~3530       ; Stuck at GND due to stuck port clock   ;
; Memoria_Instrucoes:comb_5|rom~3531       ; Stuck at GND due to stuck port clock   ;
; Memoria_Instrucoes:comb_5|rom~3532       ; Stuck at GND due to stuck port clock   ;
; Memoria_Instrucoes:comb_5|rom~3533       ; Stuck at GND due to stuck port clock   ;
; Memoria_Instrucoes:comb_5|rom~3534       ; Stuck at GND due to stuck port clock   ;
; Memoria_Instrucoes:comb_5|rom~3535       ; Stuck at GND due to stuck port clock   ;
; Memoria_Instrucoes:comb_5|rom~3536       ; Stuck at GND due to stuck port clock   ;
; Memoria_Instrucoes:comb_5|rom~3537       ; Stuck at GND due to stuck port clock   ;
; Memoria_Instrucoes:comb_5|rom~3538       ; Stuck at GND due to stuck port clock   ;
; Memoria_Instrucoes:comb_5|rom~3539       ; Stuck at GND due to stuck port clock   ;
; Memoria_Instrucoes:comb_5|rom~3540       ; Stuck at GND due to stuck port clock   ;
; Memoria_Instrucoes:comb_5|rom~3541       ; Stuck at GND due to stuck port clock   ;
; Memoria_Instrucoes:comb_5|rom~3542       ; Stuck at GND due to stuck port clock   ;
; Memoria_Instrucoes:comb_5|rom~3543       ; Stuck at GND due to stuck port clock   ;
; Memoria_Instrucoes:comb_5|rom~3544       ; Stuck at GND due to stuck port clock   ;
; Memoria_Instrucoes:comb_5|rom~3545       ; Stuck at GND due to stuck port clock   ;
; Memoria_Instrucoes:comb_5|rom~3546       ; Stuck at GND due to stuck port clock   ;
; Memoria_Instrucoes:comb_5|rom~3547       ; Stuck at GND due to stuck port clock   ;
; Memoria_Instrucoes:comb_5|rom~3548       ; Stuck at GND due to stuck port clock   ;
; Memoria_Instrucoes:comb_5|rom~3549       ; Stuck at GND due to stuck port clock   ;
; Memoria_Instrucoes:comb_5|rom~3550       ; Stuck at GND due to stuck port clock   ;
; Memoria_Instrucoes:comb_5|rom~3551       ; Stuck at GND due to stuck port clock   ;
; Memoria_Instrucoes:comb_5|rom~3552       ; Stuck at GND due to stuck port clock   ;
; Memoria_Instrucoes:comb_5|rom~3553       ; Stuck at GND due to stuck port clock   ;
; Memoria_Instrucoes:comb_5|rom~3554       ; Stuck at GND due to stuck port clock   ;
; Memoria_Instrucoes:comb_5|rom~3555       ; Stuck at GND due to stuck port clock   ;
; Memoria_Instrucoes:comb_5|rom~3556       ; Stuck at GND due to stuck port clock   ;
; Memoria_Instrucoes:comb_5|rom~3557       ; Stuck at GND due to stuck port clock   ;
; Memoria_Instrucoes:comb_5|rom~3558       ; Stuck at GND due to stuck port clock   ;
; Memoria_Instrucoes:comb_5|rom~3559       ; Stuck at GND due to stuck port clock   ;
; Memoria_Instrucoes:comb_5|rom~3560       ; Stuck at GND due to stuck port clock   ;
; Memoria_Instrucoes:comb_5|rom~3561       ; Stuck at GND due to stuck port clock   ;
; Memoria_Instrucoes:comb_5|rom~3562       ; Stuck at GND due to stuck port clock   ;
; Memoria_Instrucoes:comb_5|rom~3563       ; Stuck at GND due to stuck port clock   ;
; Memoria_Instrucoes:comb_5|rom~3564       ; Stuck at GND due to stuck port clock   ;
; Memoria_Instrucoes:comb_5|rom~3565       ; Stuck at GND due to stuck port clock   ;
; Memoria_Instrucoes:comb_5|rom~3566       ; Stuck at GND due to stuck port clock   ;
; Memoria_Instrucoes:comb_5|rom~3567       ; Stuck at GND due to stuck port clock   ;
; Memoria_Instrucoes:comb_5|rom~3568       ; Stuck at GND due to stuck port clock   ;
; Memoria_Instrucoes:comb_5|rom~3569       ; Stuck at GND due to stuck port clock   ;
; Memoria_Instrucoes:comb_5|rom~3570       ; Stuck at GND due to stuck port clock   ;
; Memoria_Instrucoes:comb_5|rom~3571       ; Stuck at GND due to stuck port clock   ;
; Memoria_Instrucoes:comb_5|rom~3572       ; Stuck at GND due to stuck port clock   ;
; Memoria_Instrucoes:comb_5|rom~3573       ; Stuck at GND due to stuck port clock   ;
; Memoria_Instrucoes:comb_5|rom~3574       ; Stuck at GND due to stuck port clock   ;
; Memoria_Instrucoes:comb_5|rom~3575       ; Stuck at GND due to stuck port clock   ;
; Memoria_Instrucoes:comb_5|rom~3576       ; Stuck at GND due to stuck port clock   ;
; Memoria_Instrucoes:comb_5|rom~3577       ; Stuck at GND due to stuck port clock   ;
; Memoria_Instrucoes:comb_5|rom~3578       ; Stuck at GND due to stuck port clock   ;
; Memoria_Instrucoes:comb_5|rom~3579       ; Stuck at GND due to stuck port clock   ;
; Memoria_Instrucoes:comb_5|rom~3580       ; Stuck at GND due to stuck port clock   ;
; Memoria_Instrucoes:comb_5|rom~3581       ; Stuck at GND due to stuck port clock   ;
; Memoria_Instrucoes:comb_5|rom~3582       ; Stuck at GND due to stuck port clock   ;
; Memoria_Instrucoes:comb_5|rom~3583       ; Stuck at GND due to stuck port clock   ;
; Memoria_Instrucoes:comb_5|rom~3584       ; Stuck at GND due to stuck port clock   ;
; Memoria_Instrucoes:comb_5|rom~3585       ; Stuck at GND due to stuck port clock   ;
; Memoria_Instrucoes:comb_5|rom~3586       ; Stuck at GND due to stuck port clock   ;
; Memoria_Instrucoes:comb_5|rom~3587       ; Stuck at GND due to stuck port clock   ;
; Memoria_Instrucoes:comb_5|rom~3588       ; Stuck at GND due to stuck port clock   ;
; Memoria_Instrucoes:comb_5|rom~3589       ; Stuck at GND due to stuck port clock   ;
; Memoria_Instrucoes:comb_5|rom~3590       ; Stuck at GND due to stuck port clock   ;
; Memoria_Instrucoes:comb_5|rom~3591       ; Stuck at GND due to stuck port clock   ;
; Memoria_Instrucoes:comb_5|rom~3592       ; Stuck at GND due to stuck port clock   ;
; Memoria_Instrucoes:comb_5|rom~3593       ; Stuck at GND due to stuck port clock   ;
; Memoria_Instrucoes:comb_5|rom~3594       ; Stuck at GND due to stuck port clock   ;
; Memoria_Instrucoes:comb_5|rom~3595       ; Stuck at GND due to stuck port clock   ;
; Memoria_Instrucoes:comb_5|rom~3596       ; Stuck at GND due to stuck port clock   ;
; Memoria_Instrucoes:comb_5|rom~3597       ; Stuck at GND due to stuck port clock   ;
; Memoria_Instrucoes:comb_5|rom~3598       ; Stuck at GND due to stuck port clock   ;
; Memoria_Instrucoes:comb_5|rom~3599       ; Stuck at GND due to stuck port clock   ;
; Memoria_Instrucoes:comb_5|rom~3600       ; Stuck at GND due to stuck port clock   ;
; Memoria_Instrucoes:comb_5|rom~3601       ; Stuck at GND due to stuck port clock   ;
; Memoria_Instrucoes:comb_5|rom~3602       ; Stuck at GND due to stuck port clock   ;
; Memoria_Instrucoes:comb_5|rom~3603       ; Stuck at GND due to stuck port clock   ;
; Memoria_Instrucoes:comb_5|rom~3604       ; Stuck at GND due to stuck port clock   ;
; Memoria_Instrucoes:comb_5|rom~3605       ; Stuck at GND due to stuck port clock   ;
; Memoria_Instrucoes:comb_5|rom~3606       ; Stuck at GND due to stuck port clock   ;
; Memoria_Instrucoes:comb_5|rom~3607       ; Stuck at GND due to stuck port clock   ;
; Memoria_Instrucoes:comb_5|rom~3608       ; Stuck at GND due to stuck port clock   ;
; Memoria_Instrucoes:comb_5|rom~3609       ; Stuck at GND due to stuck port clock   ;
; Memoria_Instrucoes:comb_5|rom~3610       ; Stuck at GND due to stuck port clock   ;
; Memoria_Instrucoes:comb_5|rom~3611       ; Stuck at GND due to stuck port clock   ;
; Memoria_Instrucoes:comb_5|rom~3612       ; Stuck at GND due to stuck port clock   ;
; Memoria_Instrucoes:comb_5|rom~3613       ; Stuck at GND due to stuck port clock   ;
; Memoria_Instrucoes:comb_5|rom~3614       ; Stuck at GND due to stuck port clock   ;
; Memoria_Instrucoes:comb_5|rom~3615       ; Stuck at GND due to stuck port clock   ;
; Memoria_Instrucoes:comb_5|rom~3616       ; Stuck at GND due to stuck port clock   ;
; Memoria_Instrucoes:comb_5|rom~3617       ; Stuck at GND due to stuck port clock   ;
; Memoria_Instrucoes:comb_5|rom~3618       ; Stuck at GND due to stuck port clock   ;
; Memoria_Instrucoes:comb_5|rom~3619       ; Stuck at GND due to stuck port clock   ;
; Memoria_Instrucoes:comb_5|rom~3620       ; Stuck at GND due to stuck port clock   ;
; Memoria_Instrucoes:comb_5|rom~3621       ; Stuck at GND due to stuck port clock   ;
; Memoria_Instrucoes:comb_5|rom~3622       ; Stuck at GND due to stuck port clock   ;
; Memoria_Instrucoes:comb_5|rom~3623       ; Stuck at GND due to stuck port clock   ;
; Memoria_Instrucoes:comb_5|rom~3624       ; Stuck at GND due to stuck port clock   ;
; Memoria_Instrucoes:comb_5|rom~3625       ; Stuck at GND due to stuck port clock   ;
; Memoria_Instrucoes:comb_5|rom~3626       ; Stuck at GND due to stuck port clock   ;
; Memoria_Instrucoes:comb_5|rom~3627       ; Stuck at GND due to stuck port clock   ;
; Memoria_Instrucoes:comb_5|rom~3628       ; Stuck at GND due to stuck port clock   ;
; Memoria_Instrucoes:comb_5|rom~3629       ; Stuck at GND due to stuck port clock   ;
; Memoria_Instrucoes:comb_5|rom~3630       ; Stuck at GND due to stuck port clock   ;
; Memoria_Instrucoes:comb_5|rom~3631       ; Stuck at GND due to stuck port clock   ;
; Memoria_Instrucoes:comb_5|rom~3632       ; Stuck at GND due to stuck port clock   ;
; Memoria_Instrucoes:comb_5|rom~3633       ; Stuck at GND due to stuck port clock   ;
; Memoria_Instrucoes:comb_5|rom~3634       ; Stuck at GND due to stuck port clock   ;
; Memoria_Instrucoes:comb_5|rom~3635       ; Stuck at GND due to stuck port clock   ;
; Memoria_Instrucoes:comb_5|rom~3636       ; Stuck at GND due to stuck port clock   ;
; Memoria_Instrucoes:comb_5|rom~3637       ; Stuck at GND due to stuck port clock   ;
; Memoria_Instrucoes:comb_5|rom~3638       ; Stuck at GND due to stuck port clock   ;
; Memoria_Instrucoes:comb_5|rom~3639       ; Stuck at GND due to stuck port clock   ;
; Memoria_Instrucoes:comb_5|rom~3640       ; Stuck at GND due to stuck port clock   ;
; Memoria_Instrucoes:comb_5|rom~3641       ; Stuck at GND due to stuck port clock   ;
; Memoria_Instrucoes:comb_5|rom~3642       ; Stuck at GND due to stuck port clock   ;
; Memoria_Instrucoes:comb_5|rom~3643       ; Stuck at GND due to stuck port clock   ;
; Memoria_Instrucoes:comb_5|rom~3644       ; Stuck at GND due to stuck port clock   ;
; Memoria_Instrucoes:comb_5|rom~3645       ; Stuck at GND due to stuck port clock   ;
; Memoria_Instrucoes:comb_5|rom~3646       ; Stuck at GND due to stuck port clock   ;
; Memoria_Instrucoes:comb_5|rom~3647       ; Stuck at GND due to stuck port clock   ;
; Memoria_Instrucoes:comb_5|rom~3648       ; Stuck at GND due to stuck port clock   ;
; Memoria_Instrucoes:comb_5|rom~3649       ; Stuck at GND due to stuck port clock   ;
; Memoria_Instrucoes:comb_5|rom~3650       ; Stuck at GND due to stuck port clock   ;
; Memoria_Instrucoes:comb_5|rom~3651       ; Stuck at GND due to stuck port clock   ;
; Memoria_Instrucoes:comb_5|rom~3652       ; Stuck at GND due to stuck port clock   ;
; Memoria_Instrucoes:comb_5|rom~3653       ; Stuck at GND due to stuck port clock   ;
; Memoria_Instrucoes:comb_5|rom~3654       ; Stuck at GND due to stuck port clock   ;
; Memoria_Instrucoes:comb_5|rom~3655       ; Stuck at GND due to stuck port clock   ;
; Memoria_Instrucoes:comb_5|rom~3656       ; Stuck at GND due to stuck port clock   ;
; Memoria_Instrucoes:comb_5|rom~3657       ; Stuck at GND due to stuck port clock   ;
; Memoria_Instrucoes:comb_5|rom~3658       ; Stuck at GND due to stuck port clock   ;
; Memoria_Instrucoes:comb_5|rom~3659       ; Stuck at GND due to stuck port clock   ;
; Memoria_Instrucoes:comb_5|rom~3660       ; Stuck at GND due to stuck port clock   ;
; Memoria_Instrucoes:comb_5|rom~3661       ; Stuck at GND due to stuck port clock   ;
; Memoria_Instrucoes:comb_5|rom~3662       ; Stuck at GND due to stuck port clock   ;
; Memoria_Instrucoes:comb_5|rom~3663       ; Stuck at GND due to stuck port clock   ;
; Memoria_Instrucoes:comb_5|rom~3664       ; Stuck at GND due to stuck port clock   ;
; Memoria_Instrucoes:comb_5|rom~3665       ; Stuck at GND due to stuck port clock   ;
; Memoria_Instrucoes:comb_5|rom~3666       ; Stuck at GND due to stuck port clock   ;
; Memoria_Instrucoes:comb_5|rom~3667       ; Stuck at GND due to stuck port clock   ;
; Memoria_Instrucoes:comb_5|rom~3668       ; Stuck at GND due to stuck port clock   ;
; Memoria_Instrucoes:comb_5|rom~3669       ; Stuck at GND due to stuck port clock   ;
; Memoria_Instrucoes:comb_5|rom~3670       ; Stuck at GND due to stuck port clock   ;
; Memoria_Instrucoes:comb_5|rom~3671       ; Stuck at GND due to stuck port clock   ;
; Memoria_Instrucoes:comb_5|rom~3672       ; Stuck at GND due to stuck port clock   ;
; Memoria_Instrucoes:comb_5|rom~3673       ; Stuck at GND due to stuck port clock   ;
; Memoria_Instrucoes:comb_5|rom~3674       ; Stuck at GND due to stuck port clock   ;
; Memoria_Instrucoes:comb_5|rom~3675       ; Stuck at GND due to stuck port clock   ;
; Memoria_Instrucoes:comb_5|rom~3676       ; Stuck at GND due to stuck port clock   ;
; Memoria_Instrucoes:comb_5|rom~3677       ; Stuck at GND due to stuck port clock   ;
; Memoria_Instrucoes:comb_5|rom~3678       ; Stuck at GND due to stuck port clock   ;
; Memoria_Instrucoes:comb_5|rom~3679       ; Stuck at GND due to stuck port clock   ;
; Memoria_Instrucoes:comb_5|rom~3680       ; Stuck at GND due to stuck port clock   ;
; Memoria_Instrucoes:comb_5|rom~3681       ; Stuck at GND due to stuck port clock   ;
; Memoria_Instrucoes:comb_5|rom~3682       ; Stuck at GND due to stuck port clock   ;
; Memoria_Instrucoes:comb_5|rom~3683       ; Stuck at GND due to stuck port clock   ;
; Memoria_Instrucoes:comb_5|rom~3684       ; Stuck at GND due to stuck port clock   ;
; Memoria_Instrucoes:comb_5|rom~3685       ; Stuck at GND due to stuck port clock   ;
; Memoria_Instrucoes:comb_5|rom~3686       ; Stuck at GND due to stuck port clock   ;
; Memoria_Instrucoes:comb_5|rom~3687       ; Stuck at GND due to stuck port clock   ;
; Memoria_Instrucoes:comb_5|rom~3688       ; Stuck at GND due to stuck port clock   ;
; Memoria_Instrucoes:comb_5|rom~3689       ; Stuck at GND due to stuck port clock   ;
; Memoria_Instrucoes:comb_5|rom~3690       ; Stuck at GND due to stuck port clock   ;
; Memoria_Instrucoes:comb_5|rom~3691       ; Stuck at GND due to stuck port clock   ;
; Memoria_Instrucoes:comb_5|rom~3692       ; Stuck at GND due to stuck port clock   ;
; Memoria_Instrucoes:comb_5|rom~3693       ; Stuck at GND due to stuck port clock   ;
; Memoria_Instrucoes:comb_5|rom~3694       ; Stuck at GND due to stuck port clock   ;
; Memoria_Instrucoes:comb_5|rom~3695       ; Stuck at GND due to stuck port clock   ;
; Memoria_Instrucoes:comb_5|rom~3696       ; Stuck at GND due to stuck port clock   ;
; Memoria_Instrucoes:comb_5|rom~3697       ; Stuck at GND due to stuck port clock   ;
; Memoria_Instrucoes:comb_5|rom~3698       ; Stuck at GND due to stuck port clock   ;
; Memoria_Instrucoes:comb_5|rom~3699       ; Stuck at GND due to stuck port clock   ;
; Memoria_Instrucoes:comb_5|rom~3700       ; Stuck at GND due to stuck port clock   ;
; Memoria_Instrucoes:comb_5|rom~3701       ; Stuck at GND due to stuck port clock   ;
; Memoria_Instrucoes:comb_5|rom~3702       ; Stuck at GND due to stuck port clock   ;
; Memoria_Instrucoes:comb_5|rom~3703       ; Stuck at GND due to stuck port clock   ;
; Memoria_Instrucoes:comb_5|rom~3704       ; Stuck at GND due to stuck port clock   ;
; Memoria_Instrucoes:comb_5|rom~3705       ; Stuck at GND due to stuck port clock   ;
; Memoria_Instrucoes:comb_5|rom~3706       ; Stuck at GND due to stuck port clock   ;
; Memoria_Instrucoes:comb_5|rom~3707       ; Stuck at GND due to stuck port clock   ;
; Memoria_Instrucoes:comb_5|rom~3708       ; Stuck at GND due to stuck port clock   ;
; Memoria_Instrucoes:comb_5|rom~3709       ; Stuck at GND due to stuck port clock   ;
; Memoria_Instrucoes:comb_5|rom~3710       ; Stuck at GND due to stuck port clock   ;
; Memoria_Instrucoes:comb_5|rom~3711       ; Stuck at GND due to stuck port clock   ;
; Memoria_Instrucoes:comb_5|rom~3712       ; Stuck at GND due to stuck port clock   ;
; Memoria_Instrucoes:comb_5|rom~3713       ; Stuck at GND due to stuck port clock   ;
; Memoria_Instrucoes:comb_5|rom~3714       ; Stuck at GND due to stuck port clock   ;
; Memoria_Instrucoes:comb_5|rom~3715       ; Stuck at GND due to stuck port clock   ;
; Memoria_Instrucoes:comb_5|rom~3716       ; Stuck at GND due to stuck port clock   ;
; Memoria_Instrucoes:comb_5|rom~3717       ; Stuck at GND due to stuck port clock   ;
; Memoria_Instrucoes:comb_5|rom~3718       ; Stuck at GND due to stuck port clock   ;
; Memoria_Instrucoes:comb_5|rom~3719       ; Stuck at GND due to stuck port clock   ;
; Memoria_Instrucoes:comb_5|rom~3720       ; Stuck at GND due to stuck port clock   ;
; Memoria_Instrucoes:comb_5|rom~3721       ; Stuck at GND due to stuck port clock   ;
; Memoria_Instrucoes:comb_5|rom~3722       ; Stuck at GND due to stuck port clock   ;
; Memoria_Instrucoes:comb_5|rom~3723       ; Stuck at GND due to stuck port clock   ;
; Memoria_Instrucoes:comb_5|rom~3724       ; Stuck at GND due to stuck port clock   ;
; Memoria_Instrucoes:comb_5|rom~3725       ; Stuck at GND due to stuck port clock   ;
; Memoria_Instrucoes:comb_5|rom~3726       ; Stuck at GND due to stuck port clock   ;
; Memoria_Instrucoes:comb_5|rom~3727       ; Stuck at GND due to stuck port clock   ;
; Memoria_Instrucoes:comb_5|rom~3728       ; Stuck at GND due to stuck port clock   ;
; Memoria_Instrucoes:comb_5|rom~3729       ; Stuck at GND due to stuck port clock   ;
; Memoria_Instrucoes:comb_5|rom~3730       ; Stuck at GND due to stuck port clock   ;
; Memoria_Instrucoes:comb_5|rom~3731       ; Stuck at GND due to stuck port clock   ;
; Memoria_Instrucoes:comb_5|rom~3732       ; Stuck at GND due to stuck port clock   ;
; Memoria_Instrucoes:comb_5|rom~3733       ; Stuck at GND due to stuck port clock   ;
; Memoria_Instrucoes:comb_5|rom~3734       ; Stuck at GND due to stuck port clock   ;
; Memoria_Instrucoes:comb_5|rom~3735       ; Stuck at GND due to stuck port clock   ;
; Memoria_Instrucoes:comb_5|rom~3736       ; Stuck at GND due to stuck port clock   ;
; Memoria_Instrucoes:comb_5|rom~3737       ; Stuck at GND due to stuck port clock   ;
; Memoria_Instrucoes:comb_5|rom~3738       ; Stuck at GND due to stuck port clock   ;
; Memoria_Instrucoes:comb_5|rom~3739       ; Stuck at GND due to stuck port clock   ;
; Memoria_Instrucoes:comb_5|rom~3740       ; Stuck at GND due to stuck port clock   ;
; Memoria_Instrucoes:comb_5|rom~3741       ; Stuck at GND due to stuck port clock   ;
; Memoria_Instrucoes:comb_5|rom~3742       ; Stuck at GND due to stuck port clock   ;
; Memoria_Instrucoes:comb_5|rom~3743       ; Stuck at GND due to stuck port clock   ;
; Memoria_Instrucoes:comb_5|rom~3744       ; Stuck at GND due to stuck port clock   ;
; Memoria_Instrucoes:comb_5|rom~3745       ; Stuck at GND due to stuck port clock   ;
; Memoria_Instrucoes:comb_5|rom~3746       ; Stuck at GND due to stuck port clock   ;
; Memoria_Instrucoes:comb_5|rom~3747       ; Stuck at GND due to stuck port clock   ;
; Memoria_Instrucoes:comb_5|rom~3748       ; Stuck at GND due to stuck port clock   ;
; Memoria_Instrucoes:comb_5|rom~3749       ; Stuck at GND due to stuck port clock   ;
; Memoria_Instrucoes:comb_5|rom~3750       ; Stuck at GND due to stuck port clock   ;
; Memoria_Instrucoes:comb_5|rom~3751       ; Stuck at GND due to stuck port clock   ;
; Memoria_Instrucoes:comb_5|rom~3752       ; Stuck at GND due to stuck port clock   ;
; Memoria_Instrucoes:comb_5|rom~3753       ; Stuck at GND due to stuck port clock   ;
; Memoria_Instrucoes:comb_5|rom~3754       ; Stuck at GND due to stuck port clock   ;
; Memoria_Instrucoes:comb_5|rom~3755       ; Stuck at GND due to stuck port clock   ;
; Memoria_Instrucoes:comb_5|rom~3756       ; Stuck at GND due to stuck port clock   ;
; Memoria_Instrucoes:comb_5|rom~3757       ; Stuck at GND due to stuck port clock   ;
; Memoria_Instrucoes:comb_5|rom~3758       ; Stuck at GND due to stuck port clock   ;
; Memoria_Instrucoes:comb_5|rom~3759       ; Stuck at GND due to stuck port clock   ;
; Memoria_Instrucoes:comb_5|rom~3760       ; Stuck at GND due to stuck port clock   ;
; Memoria_Instrucoes:comb_5|rom~3761       ; Stuck at GND due to stuck port clock   ;
; Memoria_Instrucoes:comb_5|rom~3762       ; Stuck at GND due to stuck port clock   ;
; Memoria_Instrucoes:comb_5|rom~3763       ; Stuck at GND due to stuck port clock   ;
; Memoria_Instrucoes:comb_5|rom~3764       ; Stuck at GND due to stuck port clock   ;
; Memoria_Instrucoes:comb_5|rom~3765       ; Stuck at GND due to stuck port clock   ;
; Memoria_Instrucoes:comb_5|rom~3766       ; Stuck at GND due to stuck port clock   ;
; Memoria_Instrucoes:comb_5|rom~3767       ; Stuck at GND due to stuck port clock   ;
; Memoria_Instrucoes:comb_5|rom~3768       ; Stuck at GND due to stuck port clock   ;
; Memoria_Instrucoes:comb_5|rom~3769       ; Stuck at GND due to stuck port clock   ;
; Memoria_Instrucoes:comb_5|rom~3770       ; Stuck at GND due to stuck port clock   ;
; Memoria_Instrucoes:comb_5|rom~3771       ; Stuck at GND due to stuck port clock   ;
; Memoria_Instrucoes:comb_5|rom~3772       ; Stuck at GND due to stuck port clock   ;
; Memoria_Instrucoes:comb_5|rom~3773       ; Stuck at GND due to stuck port clock   ;
; Memoria_Instrucoes:comb_5|rom~3774       ; Stuck at GND due to stuck port clock   ;
; Memoria_Instrucoes:comb_5|rom~3775       ; Stuck at GND due to stuck port clock   ;
; Memoria_Instrucoes:comb_5|rom~3776       ; Stuck at GND due to stuck port clock   ;
; Memoria_Instrucoes:comb_5|rom~3777       ; Stuck at GND due to stuck port clock   ;
; Memoria_Instrucoes:comb_5|rom~3778       ; Stuck at GND due to stuck port clock   ;
; Memoria_Instrucoes:comb_5|rom~3779       ; Stuck at GND due to stuck port clock   ;
; Memoria_Instrucoes:comb_5|rom~3780       ; Stuck at GND due to stuck port clock   ;
; Memoria_Instrucoes:comb_5|rom~3781       ; Stuck at GND due to stuck port clock   ;
; Memoria_Instrucoes:comb_5|rom~3782       ; Stuck at GND due to stuck port clock   ;
; Memoria_Instrucoes:comb_5|rom~3783       ; Stuck at GND due to stuck port clock   ;
; Memoria_Instrucoes:comb_5|rom~3784       ; Stuck at GND due to stuck port clock   ;
; Memoria_Instrucoes:comb_5|rom~3785       ; Stuck at GND due to stuck port clock   ;
; Memoria_Instrucoes:comb_5|rom~3786       ; Stuck at GND due to stuck port clock   ;
; Memoria_Instrucoes:comb_5|rom~3787       ; Stuck at GND due to stuck port clock   ;
; Memoria_Instrucoes:comb_5|rom~3788       ; Stuck at GND due to stuck port clock   ;
; Memoria_Instrucoes:comb_5|rom~3789       ; Stuck at GND due to stuck port clock   ;
; Memoria_Instrucoes:comb_5|rom~3790       ; Stuck at GND due to stuck port clock   ;
; Memoria_Instrucoes:comb_5|rom~3791       ; Stuck at GND due to stuck port clock   ;
; Memoria_Instrucoes:comb_5|rom~3792       ; Stuck at GND due to stuck port clock   ;
; Memoria_Instrucoes:comb_5|rom~3793       ; Stuck at GND due to stuck port clock   ;
; Memoria_Instrucoes:comb_5|rom~3794       ; Stuck at GND due to stuck port clock   ;
; Memoria_Instrucoes:comb_5|rom~3795       ; Stuck at GND due to stuck port clock   ;
; Memoria_Instrucoes:comb_5|rom~3796       ; Stuck at GND due to stuck port clock   ;
; Memoria_Instrucoes:comb_5|rom~3797       ; Stuck at GND due to stuck port clock   ;
; Memoria_Instrucoes:comb_5|rom~3798       ; Stuck at GND due to stuck port clock   ;
; Memoria_Instrucoes:comb_5|rom~3799       ; Stuck at GND due to stuck port clock   ;
; Memoria_Instrucoes:comb_5|rom~3800       ; Stuck at GND due to stuck port clock   ;
; Memoria_Instrucoes:comb_5|rom~3801       ; Stuck at GND due to stuck port clock   ;
; Memoria_Instrucoes:comb_5|rom~3802       ; Stuck at GND due to stuck port clock   ;
; Memoria_Instrucoes:comb_5|rom~3803       ; Stuck at GND due to stuck port clock   ;
; Memoria_Instrucoes:comb_5|rom~3804       ; Stuck at GND due to stuck port clock   ;
; Memoria_Instrucoes:comb_5|rom~3805       ; Stuck at GND due to stuck port clock   ;
; Memoria_Instrucoes:comb_5|rom~3806       ; Stuck at GND due to stuck port clock   ;
; Memoria_Instrucoes:comb_5|rom~3807       ; Stuck at GND due to stuck port clock   ;
; Memoria_Instrucoes:comb_5|rom~3808       ; Stuck at GND due to stuck port clock   ;
; Memoria_Instrucoes:comb_5|rom~3809       ; Stuck at GND due to stuck port clock   ;
; Memoria_Instrucoes:comb_5|rom~3810       ; Stuck at GND due to stuck port clock   ;
; Memoria_Instrucoes:comb_5|rom~3811       ; Stuck at GND due to stuck port clock   ;
; Memoria_Instrucoes:comb_5|rom~3812       ; Stuck at GND due to stuck port clock   ;
; Memoria_Instrucoes:comb_5|rom~3813       ; Stuck at GND due to stuck port clock   ;
; Memoria_Instrucoes:comb_5|rom~3814       ; Stuck at GND due to stuck port clock   ;
; Memoria_Instrucoes:comb_5|rom~3815       ; Stuck at GND due to stuck port clock   ;
; Memoria_Instrucoes:comb_5|rom~3816       ; Stuck at GND due to stuck port clock   ;
; Memoria_Instrucoes:comb_5|rom~3817       ; Stuck at GND due to stuck port clock   ;
; Memoria_Instrucoes:comb_5|rom~3818       ; Stuck at GND due to stuck port clock   ;
; Memoria_Instrucoes:comb_5|rom~3819       ; Stuck at GND due to stuck port clock   ;
; Memoria_Instrucoes:comb_5|rom~3820       ; Stuck at GND due to stuck port clock   ;
; Memoria_Instrucoes:comb_5|rom~3821       ; Stuck at GND due to stuck port clock   ;
; Memoria_Instrucoes:comb_5|rom~3822       ; Stuck at GND due to stuck port clock   ;
; Memoria_Instrucoes:comb_5|rom~3823       ; Stuck at GND due to stuck port clock   ;
; Memoria_Instrucoes:comb_5|rom~3824       ; Stuck at GND due to stuck port clock   ;
; Memoria_Instrucoes:comb_5|rom~3825       ; Stuck at GND due to stuck port clock   ;
; Memoria_Instrucoes:comb_5|rom~3826       ; Stuck at GND due to stuck port clock   ;
; Memoria_Instrucoes:comb_5|rom~3827       ; Stuck at GND due to stuck port clock   ;
; Memoria_Instrucoes:comb_5|rom~3828       ; Stuck at GND due to stuck port clock   ;
; Memoria_Instrucoes:comb_5|rom~3829       ; Stuck at GND due to stuck port clock   ;
; Memoria_Instrucoes:comb_5|rom~3830       ; Stuck at GND due to stuck port clock   ;
; Memoria_Instrucoes:comb_5|rom~3831       ; Stuck at GND due to stuck port clock   ;
; Memoria_Instrucoes:comb_5|rom~3832       ; Stuck at GND due to stuck port clock   ;
; Memoria_Instrucoes:comb_5|rom~3833       ; Stuck at GND due to stuck port clock   ;
; Memoria_Instrucoes:comb_5|rom~3834       ; Stuck at GND due to stuck port clock   ;
; Memoria_Instrucoes:comb_5|rom~3835       ; Stuck at GND due to stuck port clock   ;
; Memoria_Instrucoes:comb_5|rom~3836       ; Stuck at GND due to stuck port clock   ;
; Memoria_Instrucoes:comb_5|rom~3837       ; Stuck at GND due to stuck port clock   ;
; Memoria_Instrucoes:comb_5|rom~3838       ; Stuck at GND due to stuck port clock   ;
; Memoria_Instrucoes:comb_5|rom~3839       ; Stuck at GND due to stuck port clock   ;
; Memoria_Instrucoes:comb_5|rom~3840       ; Stuck at GND due to stuck port clock   ;
; Memoria_Instrucoes:comb_5|rom~3841       ; Stuck at GND due to stuck port clock   ;
; Memoria_Instrucoes:comb_5|rom~3842       ; Stuck at GND due to stuck port clock   ;
; Memoria_Instrucoes:comb_5|rom~3843       ; Stuck at GND due to stuck port clock   ;
; Memoria_Instrucoes:comb_5|rom~3844       ; Stuck at GND due to stuck port clock   ;
; Memoria_Instrucoes:comb_5|rom~3845       ; Stuck at GND due to stuck port clock   ;
; Memoria_Instrucoes:comb_5|rom~3846       ; Stuck at GND due to stuck port clock   ;
; Memoria_Instrucoes:comb_5|rom~3847       ; Stuck at GND due to stuck port clock   ;
; Memoria_Instrucoes:comb_5|rom~3848       ; Stuck at GND due to stuck port clock   ;
; Memoria_Instrucoes:comb_5|rom~3849       ; Stuck at GND due to stuck port clock   ;
; Memoria_Instrucoes:comb_5|rom~3850       ; Stuck at GND due to stuck port clock   ;
; Memoria_Instrucoes:comb_5|rom~3851       ; Stuck at GND due to stuck port clock   ;
; Memoria_Instrucoes:comb_5|rom~3852       ; Stuck at GND due to stuck port clock   ;
; Memoria_Instrucoes:comb_5|rom~3853       ; Stuck at GND due to stuck port clock   ;
; Memoria_Instrucoes:comb_5|rom~3854       ; Stuck at GND due to stuck port clock   ;
; Memoria_Instrucoes:comb_5|rom~3855       ; Stuck at GND due to stuck port clock   ;
; Memoria_Instrucoes:comb_5|rom~3856       ; Stuck at GND due to stuck port clock   ;
; Memoria_Instrucoes:comb_5|rom~3857       ; Stuck at GND due to stuck port clock   ;
; Memoria_Instrucoes:comb_5|rom~3858       ; Stuck at GND due to stuck port clock   ;
; Memoria_Instrucoes:comb_5|rom~3859       ; Stuck at GND due to stuck port clock   ;
; Memoria_Instrucoes:comb_5|rom~3860       ; Stuck at GND due to stuck port clock   ;
; Memoria_Instrucoes:comb_5|rom~3861       ; Stuck at GND due to stuck port clock   ;
; Memoria_Instrucoes:comb_5|rom~3862       ; Stuck at GND due to stuck port clock   ;
; Memoria_Instrucoes:comb_5|rom~3863       ; Stuck at GND due to stuck port clock   ;
; Memoria_Instrucoes:comb_5|rom~3864       ; Stuck at GND due to stuck port clock   ;
; Memoria_Instrucoes:comb_5|rom~3865       ; Stuck at GND due to stuck port clock   ;
; Memoria_Instrucoes:comb_5|rom~3866       ; Stuck at GND due to stuck port clock   ;
; Memoria_Instrucoes:comb_5|rom~3867       ; Stuck at GND due to stuck port clock   ;
; Memoria_Instrucoes:comb_5|rom~3868       ; Stuck at GND due to stuck port clock   ;
; Memoria_Instrucoes:comb_5|rom~3869       ; Stuck at GND due to stuck port clock   ;
; Memoria_Instrucoes:comb_5|rom~3870       ; Stuck at GND due to stuck port clock   ;
; Memoria_Instrucoes:comb_5|rom~3871       ; Stuck at GND due to stuck port clock   ;
; Memoria_Instrucoes:comb_5|rom~3872       ; Stuck at GND due to stuck port clock   ;
; Memoria_Instrucoes:comb_5|rom~3873       ; Stuck at GND due to stuck port clock   ;
; Memoria_Instrucoes:comb_5|rom~3874       ; Stuck at GND due to stuck port clock   ;
; Memoria_Instrucoes:comb_5|rom~3875       ; Stuck at GND due to stuck port clock   ;
; Memoria_Instrucoes:comb_5|rom~3876       ; Stuck at GND due to stuck port clock   ;
; Memoria_Instrucoes:comb_5|rom~3877       ; Stuck at GND due to stuck port clock   ;
; Memoria_Instrucoes:comb_5|rom~3878       ; Stuck at GND due to stuck port clock   ;
; Memoria_Instrucoes:comb_5|rom~3879       ; Stuck at GND due to stuck port clock   ;
; Memoria_Instrucoes:comb_5|rom~3880       ; Stuck at GND due to stuck port clock   ;
; Memoria_Instrucoes:comb_5|rom~3881       ; Stuck at GND due to stuck port clock   ;
; Memoria_Instrucoes:comb_5|rom~3882       ; Stuck at GND due to stuck port clock   ;
; Memoria_Instrucoes:comb_5|rom~3883       ; Stuck at GND due to stuck port clock   ;
; Memoria_Instrucoes:comb_5|rom~3884       ; Stuck at GND due to stuck port clock   ;
; Memoria_Instrucoes:comb_5|rom~3885       ; Stuck at GND due to stuck port clock   ;
; Memoria_Instrucoes:comb_5|rom~3886       ; Stuck at GND due to stuck port clock   ;
; Memoria_Instrucoes:comb_5|rom~3887       ; Stuck at GND due to stuck port clock   ;
; Memoria_Instrucoes:comb_5|rom~3888       ; Stuck at GND due to stuck port clock   ;
; Memoria_Instrucoes:comb_5|rom~3889       ; Stuck at GND due to stuck port clock   ;
; Memoria_Instrucoes:comb_5|rom~3890       ; Stuck at GND due to stuck port clock   ;
; Memoria_Instrucoes:comb_5|rom~3891       ; Stuck at GND due to stuck port clock   ;
; Memoria_Instrucoes:comb_5|rom~3892       ; Stuck at GND due to stuck port clock   ;
; Memoria_Instrucoes:comb_5|rom~3893       ; Stuck at GND due to stuck port clock   ;
; Memoria_Instrucoes:comb_5|rom~3894       ; Stuck at GND due to stuck port clock   ;
; Memoria_Instrucoes:comb_5|rom~3895       ; Stuck at GND due to stuck port clock   ;
; Memoria_Instrucoes:comb_5|rom~3896       ; Stuck at GND due to stuck port clock   ;
; Memoria_Instrucoes:comb_5|rom~3897       ; Stuck at GND due to stuck port clock   ;
; Memoria_Instrucoes:comb_5|rom~3898       ; Stuck at GND due to stuck port clock   ;
; Memoria_Instrucoes:comb_5|rom~3899       ; Stuck at GND due to stuck port clock   ;
; Memoria_Instrucoes:comb_5|rom~3900       ; Stuck at GND due to stuck port clock   ;
; Memoria_Instrucoes:comb_5|rom~3901       ; Stuck at GND due to stuck port clock   ;
; Memoria_Instrucoes:comb_5|rom~3902       ; Stuck at GND due to stuck port clock   ;
; Memoria_Instrucoes:comb_5|rom~3903       ; Stuck at GND due to stuck port clock   ;
; Memoria_Instrucoes:comb_5|rom~3904       ; Stuck at GND due to stuck port clock   ;
; Memoria_Instrucoes:comb_5|rom~3905       ; Stuck at GND due to stuck port clock   ;
; Memoria_Instrucoes:comb_5|rom~3906       ; Stuck at GND due to stuck port clock   ;
; Memoria_Instrucoes:comb_5|rom~3907       ; Stuck at GND due to stuck port clock   ;
; Memoria_Instrucoes:comb_5|rom~3908       ; Stuck at GND due to stuck port clock   ;
; Memoria_Instrucoes:comb_5|rom~3909       ; Stuck at GND due to stuck port clock   ;
; Memoria_Instrucoes:comb_5|rom~3910       ; Stuck at GND due to stuck port clock   ;
; Memoria_Instrucoes:comb_5|rom~3911       ; Stuck at GND due to stuck port clock   ;
; Memoria_Instrucoes:comb_5|rom~3912       ; Stuck at GND due to stuck port clock   ;
; Memoria_Instrucoes:comb_5|rom~3913       ; Stuck at GND due to stuck port clock   ;
; Memoria_Instrucoes:comb_5|rom~3914       ; Stuck at GND due to stuck port clock   ;
; Memoria_Instrucoes:comb_5|rom~3915       ; Stuck at GND due to stuck port clock   ;
; Memoria_Instrucoes:comb_5|rom~3916       ; Stuck at GND due to stuck port clock   ;
; Memoria_Instrucoes:comb_5|rom~3917       ; Stuck at GND due to stuck port clock   ;
; Memoria_Instrucoes:comb_5|rom~3918       ; Stuck at GND due to stuck port clock   ;
; Memoria_Instrucoes:comb_5|rom~3919       ; Stuck at GND due to stuck port clock   ;
; Memoria_Instrucoes:comb_5|rom~3920       ; Stuck at GND due to stuck port clock   ;
; Memoria_Instrucoes:comb_5|rom~3921       ; Stuck at GND due to stuck port clock   ;
; Memoria_Instrucoes:comb_5|rom~3922       ; Stuck at GND due to stuck port clock   ;
; Memoria_Instrucoes:comb_5|rom~3923       ; Stuck at GND due to stuck port clock   ;
; Memoria_Instrucoes:comb_5|rom~3924       ; Stuck at GND due to stuck port clock   ;
; Memoria_Instrucoes:comb_5|rom~3925       ; Stuck at GND due to stuck port clock   ;
; Memoria_Instrucoes:comb_5|rom~3926       ; Stuck at GND due to stuck port clock   ;
; Memoria_Instrucoes:comb_5|rom~3927       ; Stuck at GND due to stuck port clock   ;
; Memoria_Instrucoes:comb_5|rom~3928       ; Stuck at GND due to stuck port clock   ;
; Memoria_Instrucoes:comb_5|rom~3929       ; Stuck at GND due to stuck port clock   ;
; Memoria_Instrucoes:comb_5|rom~3930       ; Stuck at GND due to stuck port clock   ;
; Memoria_Instrucoes:comb_5|rom~3931       ; Stuck at GND due to stuck port clock   ;
; Memoria_Instrucoes:comb_5|rom~3932       ; Stuck at GND due to stuck port clock   ;
; Memoria_Instrucoes:comb_5|rom~3933       ; Stuck at GND due to stuck port clock   ;
; Memoria_Instrucoes:comb_5|rom~3934       ; Stuck at GND due to stuck port clock   ;
; Memoria_Instrucoes:comb_5|rom~3935       ; Stuck at GND due to stuck port clock   ;
; Memoria_Instrucoes:comb_5|rom~3936       ; Stuck at GND due to stuck port clock   ;
; Memoria_Instrucoes:comb_5|rom~3937       ; Stuck at GND due to stuck port clock   ;
; Memoria_Instrucoes:comb_5|rom~3938       ; Stuck at GND due to stuck port clock   ;
; Memoria_Instrucoes:comb_5|rom~3939       ; Stuck at GND due to stuck port clock   ;
; Memoria_Instrucoes:comb_5|rom~3940       ; Stuck at GND due to stuck port clock   ;
; Memoria_Instrucoes:comb_5|rom~3941       ; Stuck at GND due to stuck port clock   ;
; Memoria_Instrucoes:comb_5|rom~3942       ; Stuck at GND due to stuck port clock   ;
; Memoria_Instrucoes:comb_5|rom~3943       ; Stuck at GND due to stuck port clock   ;
; Memoria_Instrucoes:comb_5|rom~3944       ; Stuck at GND due to stuck port clock   ;
; Memoria_Instrucoes:comb_5|rom~3945       ; Stuck at GND due to stuck port clock   ;
; Memoria_Instrucoes:comb_5|rom~3946       ; Stuck at GND due to stuck port clock   ;
; Memoria_Instrucoes:comb_5|rom~3947       ; Stuck at GND due to stuck port clock   ;
; Memoria_Instrucoes:comb_5|rom~3948       ; Stuck at GND due to stuck port clock   ;
; Memoria_Instrucoes:comb_5|rom~3949       ; Stuck at GND due to stuck port clock   ;
; Memoria_Instrucoes:comb_5|rom~3950       ; Stuck at GND due to stuck port clock   ;
; Memoria_Instrucoes:comb_5|rom~3951       ; Stuck at GND due to stuck port clock   ;
; Memoria_Instrucoes:comb_5|rom~3952       ; Stuck at GND due to stuck port clock   ;
; Memoria_Instrucoes:comb_5|rom~3953       ; Stuck at GND due to stuck port clock   ;
; Memoria_Instrucoes:comb_5|rom~3954       ; Stuck at GND due to stuck port clock   ;
; Memoria_Instrucoes:comb_5|rom~3955       ; Stuck at GND due to stuck port clock   ;
; Memoria_Instrucoes:comb_5|rom~3956       ; Stuck at GND due to stuck port clock   ;
; Memoria_Instrucoes:comb_5|rom~3957       ; Stuck at GND due to stuck port clock   ;
; Memoria_Instrucoes:comb_5|rom~3958       ; Stuck at GND due to stuck port clock   ;
; Memoria_Instrucoes:comb_5|rom~3959       ; Stuck at GND due to stuck port clock   ;
; Memoria_Instrucoes:comb_5|rom~3960       ; Stuck at GND due to stuck port clock   ;
; Memoria_Instrucoes:comb_5|rom~3961       ; Stuck at GND due to stuck port clock   ;
; Memoria_Instrucoes:comb_5|rom~3962       ; Stuck at GND due to stuck port clock   ;
; Memoria_Instrucoes:comb_5|rom~3963       ; Stuck at GND due to stuck port clock   ;
; Memoria_Instrucoes:comb_5|rom~3964       ; Stuck at GND due to stuck port clock   ;
; Memoria_Instrucoes:comb_5|rom~3965       ; Stuck at GND due to stuck port clock   ;
; Memoria_Instrucoes:comb_5|rom~3966       ; Stuck at GND due to stuck port clock   ;
; Memoria_Instrucoes:comb_5|rom~3967       ; Stuck at GND due to stuck port clock   ;
; Memoria_Instrucoes:comb_5|rom~3968       ; Stuck at GND due to stuck port clock   ;
; Memoria_Instrucoes:comb_5|rom~3969       ; Stuck at GND due to stuck port clock   ;
; Memoria_Instrucoes:comb_5|rom~3970       ; Stuck at GND due to stuck port clock   ;
; Memoria_Instrucoes:comb_5|rom~3971       ; Stuck at GND due to stuck port clock   ;
; Memoria_Instrucoes:comb_5|rom~3972       ; Stuck at GND due to stuck port clock   ;
; Memoria_Instrucoes:comb_5|rom~3973       ; Stuck at GND due to stuck port clock   ;
; Memoria_Instrucoes:comb_5|rom~3974       ; Stuck at GND due to stuck port clock   ;
; Memoria_Instrucoes:comb_5|rom~3975       ; Stuck at GND due to stuck port clock   ;
; Memoria_Instrucoes:comb_5|rom~3976       ; Stuck at GND due to stuck port clock   ;
; Memoria_Instrucoes:comb_5|rom~3977       ; Stuck at GND due to stuck port clock   ;
; Memoria_Instrucoes:comb_5|rom~3978       ; Stuck at GND due to stuck port clock   ;
; Memoria_Instrucoes:comb_5|rom~3979       ; Stuck at GND due to stuck port clock   ;
; Memoria_Instrucoes:comb_5|rom~3980       ; Stuck at GND due to stuck port clock   ;
; Memoria_Instrucoes:comb_5|rom~3981       ; Stuck at GND due to stuck port clock   ;
; Memoria_Instrucoes:comb_5|rom~3982       ; Stuck at GND due to stuck port clock   ;
; Memoria_Instrucoes:comb_5|rom~3983       ; Stuck at GND due to stuck port clock   ;
; Memoria_Instrucoes:comb_5|rom~3984       ; Stuck at GND due to stuck port clock   ;
; Memoria_Instrucoes:comb_5|rom~3985       ; Stuck at GND due to stuck port clock   ;
; Memoria_Instrucoes:comb_5|rom~3986       ; Stuck at GND due to stuck port clock   ;
; Memoria_Instrucoes:comb_5|rom~3987       ; Stuck at GND due to stuck port clock   ;
; Memoria_Instrucoes:comb_5|rom~3988       ; Stuck at GND due to stuck port clock   ;
; Memoria_Instrucoes:comb_5|rom~3989       ; Stuck at GND due to stuck port clock   ;
; Memoria_Instrucoes:comb_5|rom~3990       ; Stuck at GND due to stuck port clock   ;
; Memoria_Instrucoes:comb_5|rom~3991       ; Stuck at GND due to stuck port clock   ;
; Memoria_Instrucoes:comb_5|rom~3992       ; Stuck at GND due to stuck port clock   ;
; Memoria_Instrucoes:comb_5|rom~3993       ; Stuck at GND due to stuck port clock   ;
; Memoria_Instrucoes:comb_5|rom~3994       ; Stuck at GND due to stuck port clock   ;
; Memoria_Instrucoes:comb_5|rom~3995       ; Stuck at GND due to stuck port clock   ;
; Memoria_Instrucoes:comb_5|rom~3996       ; Stuck at GND due to stuck port clock   ;
; Memoria_Instrucoes:comb_5|rom~3997       ; Stuck at GND due to stuck port clock   ;
; Memoria_Instrucoes:comb_5|rom~3998       ; Stuck at GND due to stuck port clock   ;
; Memoria_Instrucoes:comb_5|rom~3999       ; Stuck at GND due to stuck port clock   ;
; Memoria_Instrucoes:comb_5|rom~4000       ; Stuck at GND due to stuck port clock   ;
; Memoria_Instrucoes:comb_5|rom~4001       ; Stuck at GND due to stuck port clock   ;
; Memoria_Instrucoes:comb_5|rom~4002       ; Stuck at GND due to stuck port clock   ;
; Memoria_Instrucoes:comb_5|rom~4003       ; Stuck at GND due to stuck port clock   ;
; Memoria_Instrucoes:comb_5|rom~4004       ; Stuck at GND due to stuck port clock   ;
; Memoria_Instrucoes:comb_5|rom~4005       ; Stuck at GND due to stuck port clock   ;
; Memoria_Instrucoes:comb_5|rom~4006       ; Stuck at GND due to stuck port clock   ;
; Memoria_Instrucoes:comb_5|rom~4007       ; Stuck at GND due to stuck port clock   ;
; Memoria_Instrucoes:comb_5|rom~4008       ; Stuck at GND due to stuck port clock   ;
; Memoria_Instrucoes:comb_5|rom~4009       ; Stuck at GND due to stuck port clock   ;
; Memoria_Instrucoes:comb_5|rom~4010       ; Stuck at GND due to stuck port clock   ;
; Memoria_Instrucoes:comb_5|rom~4011       ; Stuck at GND due to stuck port clock   ;
; Memoria_Instrucoes:comb_5|rom~4012       ; Stuck at GND due to stuck port clock   ;
; Memoria_Instrucoes:comb_5|rom~4013       ; Stuck at GND due to stuck port clock   ;
; Memoria_Instrucoes:comb_5|rom~4014       ; Stuck at GND due to stuck port clock   ;
; Memoria_Instrucoes:comb_5|rom~4015       ; Stuck at GND due to stuck port clock   ;
; Memoria_Instrucoes:comb_5|rom~4016       ; Stuck at GND due to stuck port clock   ;
; Memoria_Instrucoes:comb_5|rom~4017       ; Stuck at GND due to stuck port clock   ;
; Memoria_Instrucoes:comb_5|rom~4018       ; Stuck at GND due to stuck port clock   ;
; Memoria_Instrucoes:comb_5|rom~4019       ; Stuck at GND due to stuck port clock   ;
; Memoria_Instrucoes:comb_5|rom~4020       ; Stuck at GND due to stuck port clock   ;
; Memoria_Instrucoes:comb_5|rom~4021       ; Stuck at GND due to stuck port clock   ;
; Memoria_Instrucoes:comb_5|rom~4022       ; Stuck at GND due to stuck port clock   ;
; Memoria_Instrucoes:comb_5|rom~4023       ; Stuck at GND due to stuck port clock   ;
; Memoria_Instrucoes:comb_5|rom~4024       ; Stuck at GND due to stuck port clock   ;
; Memoria_Instrucoes:comb_5|rom~4025       ; Stuck at GND due to stuck port clock   ;
; Memoria_Instrucoes:comb_5|rom~4026       ; Stuck at GND due to stuck port clock   ;
; Memoria_Instrucoes:comb_5|rom~4027       ; Stuck at GND due to stuck port clock   ;
; Memoria_Instrucoes:comb_5|rom~4028       ; Stuck at GND due to stuck port clock   ;
; Memoria_Instrucoes:comb_5|rom~4029       ; Stuck at GND due to stuck port clock   ;
; Memoria_Instrucoes:comb_5|rom~4030       ; Stuck at GND due to stuck port clock   ;
; Memoria_Instrucoes:comb_5|rom~4031       ; Stuck at GND due to stuck port clock   ;
; Memoria_Instrucoes:comb_5|rom~4032       ; Stuck at GND due to stuck port clock   ;
; Memoria_Instrucoes:comb_5|rom~4033       ; Stuck at GND due to stuck port clock   ;
; Memoria_Instrucoes:comb_5|rom~4034       ; Stuck at GND due to stuck port clock   ;
; Memoria_Instrucoes:comb_5|rom~4035       ; Stuck at GND due to stuck port clock   ;
; Memoria_Instrucoes:comb_5|rom~4036       ; Stuck at GND due to stuck port clock   ;
; Memoria_Instrucoes:comb_5|rom~4037       ; Stuck at GND due to stuck port clock   ;
; Memoria_Instrucoes:comb_5|rom~4038       ; Stuck at GND due to stuck port clock   ;
; Memoria_Instrucoes:comb_5|rom~4039       ; Stuck at GND due to stuck port clock   ;
; Memoria_Instrucoes:comb_5|rom~4040       ; Stuck at GND due to stuck port clock   ;
; Memoria_Instrucoes:comb_5|rom~4041       ; Stuck at GND due to stuck port clock   ;
; Memoria_Instrucoes:comb_5|rom~4042       ; Stuck at GND due to stuck port clock   ;
; Memoria_Instrucoes:comb_5|rom~4043       ; Stuck at GND due to stuck port clock   ;
; Memoria_Instrucoes:comb_5|rom~4044       ; Stuck at GND due to stuck port clock   ;
; Memoria_Instrucoes:comb_5|rom~4045       ; Stuck at GND due to stuck port clock   ;
; Memoria_Instrucoes:comb_5|rom~4046       ; Stuck at GND due to stuck port clock   ;
; Memoria_Instrucoes:comb_5|rom~4047       ; Stuck at GND due to stuck port clock   ;
; Memoria_Instrucoes:comb_5|rom~4048       ; Stuck at GND due to stuck port clock   ;
; Memoria_Instrucoes:comb_5|rom~4049       ; Stuck at GND due to stuck port clock   ;
; Memoria_Instrucoes:comb_5|rom~4050       ; Stuck at GND due to stuck port clock   ;
; Memoria_Instrucoes:comb_5|rom~4051       ; Stuck at GND due to stuck port clock   ;
; Memoria_Instrucoes:comb_5|rom~4052       ; Stuck at GND due to stuck port clock   ;
; Memoria_Instrucoes:comb_5|rom~4053       ; Stuck at GND due to stuck port clock   ;
; Memoria_Instrucoes:comb_5|rom~4054       ; Stuck at GND due to stuck port clock   ;
; Memoria_Instrucoes:comb_5|rom~4055       ; Stuck at GND due to stuck port clock   ;
; Memoria_Instrucoes:comb_5|rom~4056       ; Stuck at GND due to stuck port clock   ;
; Memoria_Instrucoes:comb_5|rom~4057       ; Stuck at GND due to stuck port clock   ;
; Memoria_Instrucoes:comb_5|rom~4058       ; Stuck at GND due to stuck port clock   ;
; Memoria_Instrucoes:comb_5|rom~4059       ; Stuck at GND due to stuck port clock   ;
; Memoria_Instrucoes:comb_5|rom~4060       ; Stuck at GND due to stuck port clock   ;
; Memoria_Instrucoes:comb_5|rom~4061       ; Stuck at GND due to stuck port clock   ;
; Memoria_Instrucoes:comb_5|rom~4062       ; Stuck at GND due to stuck port clock   ;
; Memoria_Instrucoes:comb_5|rom~4063       ; Stuck at GND due to stuck port clock   ;
; Memoria_Instrucoes:comb_5|rom~4064       ; Stuck at GND due to stuck port clock   ;
; Memoria_Instrucoes:comb_5|rom~4065       ; Stuck at GND due to stuck port clock   ;
; Memoria_Instrucoes:comb_5|rom~4066       ; Stuck at GND due to stuck port clock   ;
; Memoria_Instrucoes:comb_5|rom~4067       ; Stuck at GND due to stuck port clock   ;
; Memoria_Instrucoes:comb_5|rom~4068       ; Stuck at GND due to stuck port clock   ;
; Memoria_Instrucoes:comb_5|rom~4069       ; Stuck at GND due to stuck port clock   ;
; Memoria_Instrucoes:comb_5|rom~4070       ; Stuck at GND due to stuck port clock   ;
; Memoria_Instrucoes:comb_5|rom~4071       ; Stuck at GND due to stuck port clock   ;
; Memoria_Instrucoes:comb_5|rom~4072       ; Stuck at GND due to stuck port clock   ;
; Memoria_Instrucoes:comb_5|rom~4073       ; Stuck at GND due to stuck port clock   ;
; Memoria_Instrucoes:comb_5|rom~4074       ; Stuck at GND due to stuck port clock   ;
; Memoria_Instrucoes:comb_5|rom~4075       ; Stuck at GND due to stuck port clock   ;
; Memoria_Instrucoes:comb_5|rom~4076       ; Stuck at GND due to stuck port clock   ;
; Memoria_Instrucoes:comb_5|rom~4077       ; Stuck at GND due to stuck port clock   ;
; Memoria_Instrucoes:comb_5|rom~4078       ; Stuck at GND due to stuck port clock   ;
; Memoria_Instrucoes:comb_5|rom~4079       ; Stuck at GND due to stuck port clock   ;
; Memoria_Instrucoes:comb_5|rom~4080       ; Stuck at GND due to stuck port clock   ;
; Memoria_Instrucoes:comb_5|rom~4081       ; Stuck at GND due to stuck port clock   ;
; Memoria_Instrucoes:comb_5|rom~4082       ; Stuck at GND due to stuck port clock   ;
; Memoria_Instrucoes:comb_5|rom~4083       ; Stuck at GND due to stuck port clock   ;
; Memoria_Instrucoes:comb_5|rom~4084       ; Stuck at GND due to stuck port clock   ;
; Memoria_Instrucoes:comb_5|rom~4085       ; Stuck at GND due to stuck port clock   ;
; Memoria_Instrucoes:comb_5|rom~4086       ; Stuck at GND due to stuck port clock   ;
; Memoria_Instrucoes:comb_5|rom~4087       ; Stuck at GND due to stuck port clock   ;
; Memoria_Instrucoes:comb_5|rom~4088       ; Stuck at GND due to stuck port clock   ;
; Memoria_Instrucoes:comb_5|rom~4089       ; Stuck at GND due to stuck port clock   ;
; Memoria_Instrucoes:comb_5|rom~4090       ; Stuck at GND due to stuck port clock   ;
; Memoria_Instrucoes:comb_5|rom~4091       ; Stuck at GND due to stuck port clock   ;
; Memoria_Instrucoes:comb_5|rom~4092       ; Stuck at GND due to stuck port clock   ;
; Memoria_Instrucoes:comb_5|rom~4093       ; Stuck at GND due to stuck port clock   ;
; Memoria_Instrucoes:comb_5|rom~4094       ; Stuck at GND due to stuck port clock   ;
; Memoria_Instrucoes:comb_5|rom~4095       ; Stuck at GND due to stuck port clock   ;
; Memoria_Instrucoes:comb_5|rom~4096       ; Stuck at GND due to stuck port clock   ;
; Memoria_Instrucoes:comb_5|rom~4097       ; Stuck at GND due to stuck port clock   ;
; Memoria_Instrucoes:comb_5|rom~4098       ; Stuck at GND due to stuck port clock   ;
; Memoria_Instrucoes:comb_5|rom~4099       ; Stuck at GND due to stuck port clock   ;
; Memoria_Instrucoes:comb_5|rom~4100       ; Stuck at GND due to stuck port clock   ;
; Memoria_Instrucoes:comb_5|rom~4101       ; Stuck at GND due to stuck port clock   ;
; Memoria_Instrucoes:comb_5|rom~4102       ; Stuck at GND due to stuck port clock   ;
; Memoria_Instrucoes:comb_5|rom~4103       ; Stuck at GND due to stuck port clock   ;
; Memoria_Instrucoes:comb_5|rom~4104       ; Stuck at GND due to stuck port clock   ;
; Memoria_Instrucoes:comb_5|rom~4105       ; Stuck at GND due to stuck port clock   ;
; Memoria_Instrucoes:comb_5|rom~4106       ; Stuck at GND due to stuck port clock   ;
; Memoria_Instrucoes:comb_5|rom~4107       ; Stuck at GND due to stuck port clock   ;
; Memoria_Instrucoes:comb_5|rom~4108       ; Stuck at GND due to stuck port clock   ;
; Memoria_Instrucoes:comb_5|rom~4109       ; Stuck at GND due to stuck port clock   ;
; Memoria_Instrucoes:comb_5|rom~4110       ; Stuck at GND due to stuck port clock   ;
; Memoria_Instrucoes:comb_5|rom~4111       ; Stuck at GND due to stuck port clock   ;
; Memoria_Instrucoes:comb_5|rom~4112       ; Stuck at GND due to stuck port clock   ;
; Memoria_Instrucoes:comb_5|rom~4113       ; Stuck at GND due to stuck port clock   ;
; Memoria_Instrucoes:comb_5|rom~4114       ; Stuck at GND due to stuck port clock   ;
; Memoria_Instrucoes:comb_5|rom~4115       ; Stuck at GND due to stuck port clock   ;
; Memoria_Instrucoes:comb_5|rom~4116       ; Stuck at GND due to stuck port clock   ;
; Memoria_Instrucoes:comb_5|rom~4117       ; Stuck at GND due to stuck port clock   ;
; Memoria_Instrucoes:comb_5|rom~4118       ; Stuck at GND due to stuck port clock   ;
; Memoria_Instrucoes:comb_5|rom~4119       ; Stuck at GND due to stuck port clock   ;
; Memoria_Instrucoes:comb_5|rom~4120       ; Stuck at GND due to stuck port clock   ;
; Memoria_Instrucoes:comb_5|rom~4121       ; Stuck at GND due to stuck port clock   ;
; Memoria_Instrucoes:comb_5|rom~4122       ; Stuck at GND due to stuck port clock   ;
; Memoria_Instrucoes:comb_5|rom~4123       ; Stuck at GND due to stuck port clock   ;
; Memoria_Instrucoes:comb_5|rom~4124       ; Stuck at GND due to stuck port clock   ;
; Memoria_Instrucoes:comb_5|rom~4125       ; Stuck at GND due to stuck port clock   ;
; Memoria_Instrucoes:comb_5|rom~4126       ; Stuck at GND due to stuck port clock   ;
; Memoria_Instrucoes:comb_5|rom~4127       ; Stuck at GND due to stuck port clock   ;
; Memoria_Instrucoes:comb_5|rom~4128       ; Stuck at GND due to stuck port clock   ;
; Memoria_Instrucoes:comb_5|rom~4129       ; Stuck at GND due to stuck port clock   ;
; Memoria_Instrucoes:comb_5|rom~4130       ; Stuck at GND due to stuck port clock   ;
; Memoria_Instrucoes:comb_5|rom~4131       ; Stuck at GND due to stuck port clock   ;
; Memoria_Instrucoes:comb_5|rom~4132       ; Stuck at GND due to stuck port clock   ;
; Memoria_Instrucoes:comb_5|rom~4133       ; Stuck at GND due to stuck port clock   ;
; Memoria_Instrucoes:comb_5|rom~4134       ; Stuck at GND due to stuck port clock   ;
; Memoria_Instrucoes:comb_5|rom~4135       ; Stuck at GND due to stuck port clock   ;
; Memoria_Instrucoes:comb_5|rom~4136       ; Stuck at GND due to stuck port clock   ;
; Memoria_Instrucoes:comb_5|rom~4137       ; Stuck at GND due to stuck port clock   ;
; Memoria_Instrucoes:comb_5|rom~4138       ; Stuck at GND due to stuck port clock   ;
; Memoria_Instrucoes:comb_5|rom~4139       ; Stuck at GND due to stuck port clock   ;
; Memoria_Instrucoes:comb_5|rom~4140       ; Stuck at GND due to stuck port clock   ;
; Memoria_Instrucoes:comb_5|rom~4141       ; Stuck at GND due to stuck port clock   ;
; Memoria_Instrucoes:comb_5|rom~4142       ; Stuck at GND due to stuck port clock   ;
; Memoria_Instrucoes:comb_5|rom~4143       ; Stuck at GND due to stuck port clock   ;
; Memoria_Instrucoes:comb_5|rom~4144       ; Stuck at GND due to stuck port clock   ;
; Memoria_Instrucoes:comb_5|rom~4145       ; Stuck at GND due to stuck port clock   ;
; Memoria_Instrucoes:comb_5|rom~4146       ; Stuck at GND due to stuck port clock   ;
; Memoria_Instrucoes:comb_5|rom~4147       ; Stuck at GND due to stuck port clock   ;
; Memoria_Instrucoes:comb_5|rom~4148       ; Stuck at GND due to stuck port clock   ;
; Memoria_Instrucoes:comb_5|rom~4149       ; Stuck at GND due to stuck port clock   ;
; Memoria_Instrucoes:comb_5|rom~4150       ; Stuck at GND due to stuck port clock   ;
; Memoria_Instrucoes:comb_5|rom~4151       ; Stuck at GND due to stuck port clock   ;
; Memoria_Instrucoes:comb_5|rom~4152       ; Stuck at GND due to stuck port clock   ;
; Memoria_Instrucoes:comb_5|rom~4153       ; Stuck at GND due to stuck port clock   ;
; Memoria_Instrucoes:comb_5|rom~4154       ; Stuck at GND due to stuck port clock   ;
; Memoria_Instrucoes:comb_5|rom~4155       ; Stuck at GND due to stuck port clock   ;
; Memoria_Instrucoes:comb_5|rom~4156       ; Stuck at GND due to stuck port clock   ;
; Memoria_Instrucoes:comb_5|rom~4157       ; Stuck at GND due to stuck port clock   ;
; Memoria_Instrucoes:comb_5|rom~4158       ; Stuck at GND due to stuck port clock   ;
; Memoria_Instrucoes:comb_5|rom~4159       ; Stuck at GND due to stuck port clock   ;
; Memoria_Instrucoes:comb_5|rom~4160       ; Stuck at GND due to stuck port clock   ;
; Memoria_Instrucoes:comb_5|rom~4161       ; Stuck at GND due to stuck port clock   ;
; Memoria_Instrucoes:comb_5|rom~4162       ; Stuck at GND due to stuck port clock   ;
; Memoria_Instrucoes:comb_5|rom~4163       ; Stuck at GND due to stuck port clock   ;
; Memoria_Instrucoes:comb_5|rom~4164       ; Stuck at GND due to stuck port clock   ;
; Memoria_Instrucoes:comb_5|rom~4165       ; Stuck at GND due to stuck port clock   ;
; Memoria_Instrucoes:comb_5|rom~4166       ; Stuck at GND due to stuck port clock   ;
; Memoria_Instrucoes:comb_5|rom~4167       ; Stuck at GND due to stuck port clock   ;
; Memoria_Instrucoes:comb_5|rom~4168       ; Stuck at GND due to stuck port clock   ;
; Memoria_Instrucoes:comb_5|rom~4169       ; Stuck at GND due to stuck port clock   ;
; Memoria_Instrucoes:comb_5|rom~4170       ; Stuck at GND due to stuck port clock   ;
; Memoria_Instrucoes:comb_5|rom~4171       ; Stuck at GND due to stuck port clock   ;
; Memoria_Instrucoes:comb_5|rom~4172       ; Stuck at GND due to stuck port clock   ;
; Memoria_Instrucoes:comb_5|rom~4173       ; Stuck at GND due to stuck port clock   ;
; Memoria_Instrucoes:comb_5|rom~4174       ; Stuck at GND due to stuck port clock   ;
; Memoria_Instrucoes:comb_5|rom~4175       ; Stuck at GND due to stuck port clock   ;
; Memoria_Instrucoes:comb_5|rom~4176       ; Stuck at GND due to stuck port clock   ;
; Memoria_Instrucoes:comb_5|rom~4177       ; Stuck at GND due to stuck port clock   ;
; Memoria_Instrucoes:comb_5|rom~4178       ; Stuck at GND due to stuck port clock   ;
; Memoria_Instrucoes:comb_5|rom~4179       ; Stuck at GND due to stuck port clock   ;
; Memoria_Instrucoes:comb_5|rom~4180       ; Stuck at GND due to stuck port clock   ;
; Memoria_Instrucoes:comb_5|rom~4181       ; Stuck at GND due to stuck port clock   ;
; Memoria_Instrucoes:comb_5|rom~4182       ; Stuck at GND due to stuck port clock   ;
; Memoria_Instrucoes:comb_5|rom~4183       ; Stuck at GND due to stuck port clock   ;
; Memoria_Instrucoes:comb_5|rom~4184       ; Stuck at GND due to stuck port clock   ;
; Memoria_Instrucoes:comb_5|rom~4185       ; Stuck at GND due to stuck port clock   ;
; Memoria_Instrucoes:comb_5|rom~4186       ; Stuck at GND due to stuck port clock   ;
; Memoria_Instrucoes:comb_5|rom~4187       ; Stuck at GND due to stuck port clock   ;
; Memoria_Instrucoes:comb_5|rom~4188       ; Stuck at GND due to stuck port clock   ;
; Memoria_Instrucoes:comb_5|rom~4189       ; Stuck at GND due to stuck port clock   ;
; Memoria_Instrucoes:comb_5|rom~4190       ; Stuck at GND due to stuck port clock   ;
; Memoria_Instrucoes:comb_5|rom~4191       ; Stuck at GND due to stuck port clock   ;
; Memoria_Instrucoes:comb_5|rom~4192       ; Stuck at GND due to stuck port clock   ;
; Memoria_Instrucoes:comb_5|rom~4193       ; Stuck at GND due to stuck port clock   ;
; Memoria_Instrucoes:comb_5|rom~4194       ; Stuck at GND due to stuck port clock   ;
; Memoria_Instrucoes:comb_5|rom~4195       ; Stuck at GND due to stuck port clock   ;
; Memoria_Instrucoes:comb_5|rom~4196       ; Stuck at GND due to stuck port clock   ;
; Memoria_Instrucoes:comb_5|rom~4197       ; Stuck at GND due to stuck port clock   ;
; Memoria_Instrucoes:comb_5|rom~4198       ; Stuck at GND due to stuck port clock   ;
; Memoria_Instrucoes:comb_5|rom~4199       ; Stuck at GND due to stuck port clock   ;
; Memoria_Instrucoes:comb_5|rom~4200       ; Stuck at GND due to stuck port clock   ;
; Memoria_Instrucoes:comb_5|rom~4201       ; Stuck at GND due to stuck port clock   ;
; Memoria_Instrucoes:comb_5|rom~4202       ; Stuck at GND due to stuck port clock   ;
; Memoria_Instrucoes:comb_5|rom~4203       ; Stuck at GND due to stuck port clock   ;
; Memoria_Instrucoes:comb_5|rom~4204       ; Stuck at GND due to stuck port clock   ;
; Memoria_Instrucoes:comb_5|rom~4205       ; Stuck at GND due to stuck port clock   ;
; Memoria_Instrucoes:comb_5|rom~4206       ; Stuck at GND due to stuck port clock   ;
; Memoria_Instrucoes:comb_5|rom~4207       ; Stuck at GND due to stuck port clock   ;
; Memoria_Instrucoes:comb_5|rom~4208       ; Stuck at GND due to stuck port clock   ;
; Memoria_Instrucoes:comb_5|rom~4209       ; Stuck at GND due to stuck port clock   ;
; Memoria_Instrucoes:comb_5|rom~4210       ; Stuck at GND due to stuck port clock   ;
; Memoria_Instrucoes:comb_5|rom~4211       ; Stuck at GND due to stuck port clock   ;
; Memoria_Instrucoes:comb_5|rom~4212       ; Stuck at GND due to stuck port clock   ;
; Memoria_Instrucoes:comb_5|rom~4213       ; Stuck at GND due to stuck port clock   ;
; Memoria_Instrucoes:comb_5|rom~4214       ; Stuck at GND due to stuck port clock   ;
; Memoria_Instrucoes:comb_5|rom~4215       ; Stuck at GND due to stuck port clock   ;
; Memoria_Instrucoes:comb_5|rom~4216       ; Stuck at GND due to stuck port clock   ;
; Memoria_Instrucoes:comb_5|rom~4217       ; Stuck at GND due to stuck port clock   ;
; Memoria_Instrucoes:comb_5|rom~4218       ; Stuck at GND due to stuck port clock   ;
; Memoria_Instrucoes:comb_5|rom~4219       ; Stuck at GND due to stuck port clock   ;
; Memoria_Instrucoes:comb_5|rom~4220       ; Stuck at GND due to stuck port clock   ;
; Memoria_Instrucoes:comb_5|rom~4221       ; Stuck at GND due to stuck port clock   ;
; Memoria_Instrucoes:comb_5|rom~4222       ; Stuck at GND due to stuck port clock   ;
; Memoria_Instrucoes:comb_5|rom~4223       ; Stuck at GND due to stuck port clock   ;
; Memoria_Instrucoes:comb_5|rom~4224       ; Stuck at GND due to stuck port clock   ;
; Memoria_Instrucoes:comb_5|rom~4225       ; Stuck at GND due to stuck port clock   ;
; Memoria_Instrucoes:comb_5|rom~4226       ; Stuck at GND due to stuck port clock   ;
; Memoria_Instrucoes:comb_5|rom~4227       ; Stuck at GND due to stuck port clock   ;
; Memoria_Instrucoes:comb_5|rom~4228       ; Stuck at GND due to stuck port clock   ;
; Memoria_Instrucoes:comb_5|rom~4229       ; Stuck at GND due to stuck port clock   ;
; Memoria_Instrucoes:comb_5|rom~4230       ; Stuck at GND due to stuck port clock   ;
; Memoria_Instrucoes:comb_5|rom~4231       ; Stuck at GND due to stuck port clock   ;
; Memoria_Instrucoes:comb_5|rom~4232       ; Stuck at GND due to stuck port clock   ;
; Memoria_Instrucoes:comb_5|rom~4233       ; Stuck at GND due to stuck port clock   ;
; Memoria_Instrucoes:comb_5|rom~4234       ; Stuck at GND due to stuck port clock   ;
; Memoria_Instrucoes:comb_5|rom~4235       ; Stuck at GND due to stuck port clock   ;
; Memoria_Instrucoes:comb_5|rom~4236       ; Stuck at GND due to stuck port clock   ;
; Memoria_Instrucoes:comb_5|rom~4237       ; Stuck at GND due to stuck port clock   ;
; Memoria_Instrucoes:comb_5|rom~4238       ; Stuck at GND due to stuck port clock   ;
; Memoria_Instrucoes:comb_5|rom~4239       ; Stuck at GND due to stuck port clock   ;
; Memoria_Instrucoes:comb_5|rom~4240       ; Stuck at GND due to stuck port clock   ;
; Memoria_Instrucoes:comb_5|rom~4241       ; Stuck at GND due to stuck port clock   ;
; Memoria_Instrucoes:comb_5|rom~4242       ; Stuck at GND due to stuck port clock   ;
; Memoria_Instrucoes:comb_5|rom~4243       ; Stuck at GND due to stuck port clock   ;
; Memoria_Instrucoes:comb_5|rom~4244       ; Stuck at GND due to stuck port clock   ;
; Memoria_Instrucoes:comb_5|rom~4245       ; Stuck at GND due to stuck port clock   ;
; Memoria_Instrucoes:comb_5|rom~4246       ; Stuck at GND due to stuck port clock   ;
; Memoria_Instrucoes:comb_5|rom~4247       ; Stuck at GND due to stuck port clock   ;
; Memoria_Instrucoes:comb_5|rom~4248       ; Stuck at GND due to stuck port clock   ;
; Memoria_Instrucoes:comb_5|rom~4249       ; Stuck at GND due to stuck port clock   ;
; Memoria_Instrucoes:comb_5|rom~4250       ; Stuck at GND due to stuck port clock   ;
; Memoria_Instrucoes:comb_5|rom~4251       ; Stuck at GND due to stuck port clock   ;
; Memoria_Instrucoes:comb_5|rom~4252       ; Stuck at GND due to stuck port clock   ;
; Memoria_Instrucoes:comb_5|rom~4253       ; Stuck at GND due to stuck port clock   ;
; Memoria_Instrucoes:comb_5|rom~4254       ; Stuck at GND due to stuck port clock   ;
; Memoria_Instrucoes:comb_5|rom~4255       ; Stuck at GND due to stuck port clock   ;
; Memoria_Instrucoes:comb_5|rom~4256       ; Stuck at GND due to stuck port clock   ;
; Memoria_Instrucoes:comb_5|rom~4257       ; Stuck at GND due to stuck port clock   ;
; Memoria_Instrucoes:comb_5|rom~4258       ; Stuck at GND due to stuck port clock   ;
; Memoria_Instrucoes:comb_5|rom~4259       ; Stuck at GND due to stuck port clock   ;
; Memoria_Instrucoes:comb_5|rom~4260       ; Stuck at GND due to stuck port clock   ;
; Memoria_Instrucoes:comb_5|rom~4261       ; Stuck at GND due to stuck port clock   ;
; Memoria_Instrucoes:comb_5|rom~4262       ; Stuck at GND due to stuck port clock   ;
; Memoria_Instrucoes:comb_5|rom~4263       ; Stuck at GND due to stuck port clock   ;
; Memoria_Instrucoes:comb_5|rom~4264       ; Stuck at GND due to stuck port clock   ;
; Memoria_Instrucoes:comb_5|rom~4265       ; Stuck at GND due to stuck port clock   ;
; Memoria_Instrucoes:comb_5|rom~4266       ; Stuck at GND due to stuck port clock   ;
; Memoria_Instrucoes:comb_5|rom~4267       ; Stuck at GND due to stuck port clock   ;
; Memoria_Instrucoes:comb_5|rom~4268       ; Stuck at GND due to stuck port clock   ;
; Memoria_Instrucoes:comb_5|rom~4269       ; Stuck at GND due to stuck port clock   ;
; Memoria_Instrucoes:comb_5|rom~4270       ; Stuck at GND due to stuck port clock   ;
; Memoria_Instrucoes:comb_5|rom~4271       ; Stuck at GND due to stuck port clock   ;
; Memoria_Instrucoes:comb_5|rom~4272       ; Stuck at GND due to stuck port clock   ;
; Memoria_Instrucoes:comb_5|rom~4273       ; Stuck at GND due to stuck port clock   ;
; Memoria_Instrucoes:comb_5|rom~4274       ; Stuck at GND due to stuck port clock   ;
; Memoria_Instrucoes:comb_5|rom~4275       ; Stuck at GND due to stuck port clock   ;
; Memoria_Instrucoes:comb_5|rom~4276       ; Stuck at GND due to stuck port clock   ;
; Memoria_Instrucoes:comb_5|rom~4277       ; Stuck at GND due to stuck port clock   ;
; Memoria_Instrucoes:comb_5|rom~4278       ; Stuck at GND due to stuck port clock   ;
; Memoria_Instrucoes:comb_5|rom~4279       ; Stuck at GND due to stuck port clock   ;
; Memoria_Instrucoes:comb_5|rom~4280       ; Stuck at GND due to stuck port clock   ;
; Memoria_Instrucoes:comb_5|rom~4281       ; Stuck at GND due to stuck port clock   ;
; Memoria_Instrucoes:comb_5|rom~4282       ; Stuck at GND due to stuck port clock   ;
; Memoria_Instrucoes:comb_5|rom~4283       ; Stuck at GND due to stuck port clock   ;
; Memoria_Instrucoes:comb_5|rom~4284       ; Stuck at GND due to stuck port clock   ;
; Memoria_Instrucoes:comb_5|rom~4285       ; Stuck at GND due to stuck port clock   ;
; Memoria_Instrucoes:comb_5|rom~4286       ; Stuck at GND due to stuck port clock   ;
; Memoria_Instrucoes:comb_5|rom~4287       ; Stuck at GND due to stuck port clock   ;
; Memoria_Instrucoes:comb_5|rom~4288       ; Stuck at GND due to stuck port clock   ;
; Memoria_Instrucoes:comb_5|rom~4289       ; Stuck at GND due to stuck port clock   ;
; Memoria_Instrucoes:comb_5|rom~4290       ; Stuck at GND due to stuck port clock   ;
; Memoria_Instrucoes:comb_5|rom~4291       ; Stuck at GND due to stuck port clock   ;
; Memoria_Instrucoes:comb_5|rom~4292       ; Stuck at GND due to stuck port clock   ;
; Memoria_Instrucoes:comb_5|rom~4293       ; Stuck at GND due to stuck port clock   ;
; Memoria_Instrucoes:comb_5|rom~4294       ; Stuck at GND due to stuck port clock   ;
; Memoria_Instrucoes:comb_5|rom~4295       ; Stuck at GND due to stuck port clock   ;
; Memoria_Instrucoes:comb_5|rom~4296       ; Stuck at GND due to stuck port clock   ;
; Memoria_Instrucoes:comb_5|rom~4297       ; Stuck at GND due to stuck port clock   ;
; Memoria_Instrucoes:comb_5|rom~4298       ; Stuck at GND due to stuck port clock   ;
; Memoria_Instrucoes:comb_5|rom~4299       ; Stuck at GND due to stuck port clock   ;
; Memoria_Instrucoes:comb_5|rom~4300       ; Stuck at GND due to stuck port clock   ;
; Memoria_Instrucoes:comb_5|rom~4301       ; Stuck at GND due to stuck port clock   ;
; Memoria_Instrucoes:comb_5|rom~4302       ; Stuck at GND due to stuck port clock   ;
; Memoria_Instrucoes:comb_5|rom~4303       ; Stuck at GND due to stuck port clock   ;
; Memoria_Instrucoes:comb_5|rom~4304       ; Stuck at GND due to stuck port clock   ;
; Memoria_Instrucoes:comb_5|rom~4305       ; Stuck at GND due to stuck port clock   ;
; Memoria_Instrucoes:comb_5|rom~4306       ; Stuck at GND due to stuck port clock   ;
; Memoria_Instrucoes:comb_5|rom~4307       ; Stuck at GND due to stuck port clock   ;
; Memoria_Instrucoes:comb_5|rom~4308       ; Stuck at GND due to stuck port clock   ;
; Memoria_Instrucoes:comb_5|rom~4309       ; Stuck at GND due to stuck port clock   ;
; Memoria_Instrucoes:comb_5|rom~4310       ; Stuck at GND due to stuck port clock   ;
; Memoria_Instrucoes:comb_5|rom~4311       ; Stuck at GND due to stuck port clock   ;
; Memoria_Instrucoes:comb_5|rom~4312       ; Stuck at GND due to stuck port clock   ;
; Memoria_Instrucoes:comb_5|rom~4313       ; Stuck at GND due to stuck port clock   ;
; Memoria_Instrucoes:comb_5|rom~4314       ; Stuck at GND due to stuck port clock   ;
; Memoria_Instrucoes:comb_5|rom~4315       ; Stuck at GND due to stuck port clock   ;
; Memoria_Instrucoes:comb_5|rom~4316       ; Stuck at GND due to stuck port clock   ;
; Memoria_Instrucoes:comb_5|rom~4317       ; Stuck at GND due to stuck port clock   ;
; Memoria_Instrucoes:comb_5|rom~4318       ; Stuck at GND due to stuck port clock   ;
; Memoria_Instrucoes:comb_5|rom~4319       ; Stuck at GND due to stuck port clock   ;
; Memoria_Instrucoes:comb_5|rom~4320       ; Stuck at GND due to stuck port clock   ;
; Memoria_Instrucoes:comb_5|rom~4321       ; Stuck at GND due to stuck port clock   ;
; Memoria_Instrucoes:comb_5|rom~4322       ; Stuck at GND due to stuck port clock   ;
; Memoria_Instrucoes:comb_5|rom~4323       ; Stuck at GND due to stuck port clock   ;
; Memoria_Instrucoes:comb_5|rom~4324       ; Stuck at GND due to stuck port clock   ;
; Memoria_Instrucoes:comb_5|rom~4325       ; Stuck at GND due to stuck port clock   ;
; Memoria_Instrucoes:comb_5|rom~4326       ; Stuck at GND due to stuck port clock   ;
; Memoria_Instrucoes:comb_5|rom~4327       ; Stuck at GND due to stuck port clock   ;
; Memoria_Instrucoes:comb_5|rom~4328       ; Stuck at GND due to stuck port clock   ;
; Memoria_Instrucoes:comb_5|rom~4329       ; Stuck at GND due to stuck port clock   ;
; Memoria_Instrucoes:comb_5|rom~4330       ; Stuck at GND due to stuck port clock   ;
; Memoria_Instrucoes:comb_5|rom~4331       ; Stuck at GND due to stuck port clock   ;
; Memoria_Instrucoes:comb_5|rom~4332       ; Stuck at GND due to stuck port clock   ;
; Memoria_Instrucoes:comb_5|rom~4333       ; Stuck at GND due to stuck port clock   ;
; Memoria_Instrucoes:comb_5|rom~4334       ; Stuck at GND due to stuck port clock   ;
; Memoria_Instrucoes:comb_5|rom~4335       ; Stuck at GND due to stuck port clock   ;
; Memoria_Instrucoes:comb_5|rom~4336       ; Stuck at GND due to stuck port clock   ;
; Memoria_Instrucoes:comb_5|rom~4337       ; Stuck at GND due to stuck port clock   ;
; Memoria_Instrucoes:comb_5|rom~4338       ; Stuck at GND due to stuck port clock   ;
; Memoria_Instrucoes:comb_5|rom~4339       ; Stuck at GND due to stuck port clock   ;
; Memoria_Instrucoes:comb_5|rom~4340       ; Stuck at GND due to stuck port clock   ;
; Memoria_Instrucoes:comb_5|rom~4341       ; Stuck at GND due to stuck port clock   ;
; Memoria_Instrucoes:comb_5|rom~4342       ; Stuck at GND due to stuck port clock   ;
; Memoria_Instrucoes:comb_5|rom~4343       ; Stuck at GND due to stuck port clock   ;
; Memoria_Instrucoes:comb_5|rom~4344       ; Stuck at GND due to stuck port clock   ;
; Memoria_Instrucoes:comb_5|rom~4345       ; Stuck at GND due to stuck port clock   ;
; Memoria_Instrucoes:comb_5|rom~4346       ; Stuck at GND due to stuck port clock   ;
; Memoria_Instrucoes:comb_5|rom~4347       ; Stuck at GND due to stuck port clock   ;
; Memoria_Instrucoes:comb_5|rom~4348       ; Stuck at GND due to stuck port clock   ;
; Memoria_Instrucoes:comb_5|rom~4349       ; Stuck at GND due to stuck port clock   ;
; Memoria_Instrucoes:comb_5|rom~4350       ; Stuck at GND due to stuck port clock   ;
; Memoria_Instrucoes:comb_5|rom~4351       ; Stuck at GND due to stuck port clock   ;
; Memoria_Instrucoes:comb_5|rom~4352       ; Stuck at GND due to stuck port clock   ;
; Memoria_Instrucoes:comb_5|rom~4353       ; Stuck at GND due to stuck port clock   ;
; Memoria_Instrucoes:comb_5|rom~4354       ; Stuck at GND due to stuck port clock   ;
; Memoria_Instrucoes:comb_5|rom~4355       ; Stuck at GND due to stuck port clock   ;
; Memoria_Instrucoes:comb_5|rom~4356       ; Stuck at GND due to stuck port clock   ;
; Memoria_Instrucoes:comb_5|rom~4357       ; Stuck at GND due to stuck port clock   ;
; Memoria_Instrucoes:comb_5|rom~4358       ; Stuck at GND due to stuck port clock   ;
; Memoria_Instrucoes:comb_5|rom~4359       ; Stuck at GND due to stuck port clock   ;
; Memoria_Instrucoes:comb_5|rom~4360       ; Stuck at GND due to stuck port clock   ;
; Memoria_Instrucoes:comb_5|rom~4361       ; Stuck at GND due to stuck port clock   ;
; Memoria_Instrucoes:comb_5|rom~4362       ; Stuck at GND due to stuck port clock   ;
; Memoria_Instrucoes:comb_5|rom~4363       ; Stuck at GND due to stuck port clock   ;
; Memoria_Instrucoes:comb_5|rom~4364       ; Stuck at GND due to stuck port clock   ;
; Memoria_Instrucoes:comb_5|rom~4365       ; Stuck at GND due to stuck port clock   ;
; Memoria_Instrucoes:comb_5|rom~4366       ; Stuck at GND due to stuck port clock   ;
; Memoria_Instrucoes:comb_5|rom~4367       ; Stuck at GND due to stuck port clock   ;
; Memoria_Instrucoes:comb_5|rom~4368       ; Stuck at GND due to stuck port clock   ;
; Memoria_Instrucoes:comb_5|rom~4369       ; Stuck at GND due to stuck port clock   ;
; Memoria_Instrucoes:comb_5|rom~4370       ; Stuck at GND due to stuck port clock   ;
; Memoria_Instrucoes:comb_5|rom~4371       ; Stuck at GND due to stuck port clock   ;
; Memoria_Instrucoes:comb_5|rom~4372       ; Stuck at GND due to stuck port clock   ;
; Memoria_Instrucoes:comb_5|rom~4373       ; Stuck at GND due to stuck port clock   ;
; Memoria_Instrucoes:comb_5|rom~4374       ; Stuck at GND due to stuck port clock   ;
; Memoria_Instrucoes:comb_5|rom~4375       ; Stuck at GND due to stuck port clock   ;
; Memoria_Instrucoes:comb_5|rom~4376       ; Stuck at GND due to stuck port clock   ;
; Memoria_Instrucoes:comb_5|rom~4377       ; Stuck at GND due to stuck port clock   ;
; Memoria_Instrucoes:comb_5|rom~4378       ; Stuck at GND due to stuck port clock   ;
; Memoria_Instrucoes:comb_5|rom~4379       ; Stuck at GND due to stuck port clock   ;
; Memoria_Instrucoes:comb_5|rom~4380       ; Stuck at GND due to stuck port clock   ;
; Memoria_Instrucoes:comb_5|rom~4381       ; Stuck at GND due to stuck port clock   ;
; Memoria_Instrucoes:comb_5|rom~4382       ; Stuck at GND due to stuck port clock   ;
; Memoria_Instrucoes:comb_5|rom~4383       ; Stuck at GND due to stuck port clock   ;
; Memoria_Instrucoes:comb_5|rom~4384       ; Stuck at GND due to stuck port clock   ;
; Memoria_Instrucoes:comb_5|rom~4385       ; Stuck at GND due to stuck port clock   ;
; Memoria_Instrucoes:comb_5|rom~4386       ; Stuck at GND due to stuck port clock   ;
; Memoria_Instrucoes:comb_5|rom~4387       ; Stuck at GND due to stuck port clock   ;
; Memoria_Instrucoes:comb_5|rom~4388       ; Stuck at GND due to stuck port clock   ;
; Memoria_Instrucoes:comb_5|rom~4389       ; Stuck at GND due to stuck port clock   ;
; Memoria_Instrucoes:comb_5|rom~4390       ; Stuck at GND due to stuck port clock   ;
; Memoria_Instrucoes:comb_5|rom~4391       ; Stuck at GND due to stuck port clock   ;
; Memoria_Instrucoes:comb_5|rom~4392       ; Stuck at GND due to stuck port clock   ;
; Memoria_Instrucoes:comb_5|rom~4393       ; Stuck at GND due to stuck port clock   ;
; Memoria_Instrucoes:comb_5|rom~4394       ; Stuck at GND due to stuck port clock   ;
; Memoria_Instrucoes:comb_5|rom~4395       ; Stuck at GND due to stuck port clock   ;
; Memoria_Instrucoes:comb_5|rom~4396       ; Stuck at GND due to stuck port clock   ;
; Memoria_Instrucoes:comb_5|rom~4397       ; Stuck at GND due to stuck port clock   ;
; Memoria_Instrucoes:comb_5|rom~4398       ; Stuck at GND due to stuck port clock   ;
; Memoria_Instrucoes:comb_5|rom~4399       ; Stuck at GND due to stuck port clock   ;
; Memoria_Instrucoes:comb_5|rom~4400       ; Stuck at GND due to stuck port clock   ;
; Memoria_Instrucoes:comb_5|rom~4401       ; Stuck at GND due to stuck port clock   ;
; Memoria_Instrucoes:comb_5|rom~4402       ; Stuck at GND due to stuck port clock   ;
; Memoria_Instrucoes:comb_5|rom~4403       ; Stuck at GND due to stuck port clock   ;
; Memoria_Instrucoes:comb_5|rom~4404       ; Stuck at GND due to stuck port clock   ;
; Memoria_Instrucoes:comb_5|rom~4405       ; Stuck at GND due to stuck port clock   ;
; Memoria_Instrucoes:comb_5|rom~4406       ; Stuck at GND due to stuck port clock   ;
; Memoria_Instrucoes:comb_5|rom~4407       ; Stuck at GND due to stuck port clock   ;
; Memoria_Instrucoes:comb_5|rom~4408       ; Stuck at GND due to stuck port clock   ;
; Memoria_Instrucoes:comb_5|rom~4409       ; Stuck at GND due to stuck port clock   ;
; Memoria_Instrucoes:comb_5|rom~4410       ; Stuck at GND due to stuck port clock   ;
; Memoria_Instrucoes:comb_5|rom~4411       ; Stuck at GND due to stuck port clock   ;
; Memoria_Instrucoes:comb_5|rom~4412       ; Stuck at GND due to stuck port clock   ;
; Memoria_Instrucoes:comb_5|rom~4413       ; Stuck at GND due to stuck port clock   ;
; Memoria_Instrucoes:comb_5|rom~4414       ; Stuck at GND due to stuck port clock   ;
; Memoria_Instrucoes:comb_5|rom~4415       ; Stuck at GND due to stuck port clock   ;
; Memoria_Instrucoes:comb_5|rom~4416       ; Stuck at GND due to stuck port clock   ;
; Memoria_Instrucoes:comb_5|rom~4417       ; Stuck at GND due to stuck port clock   ;
; Memoria_Instrucoes:comb_5|rom~4418       ; Stuck at GND due to stuck port clock   ;
; Memoria_Instrucoes:comb_5|rom~4419       ; Stuck at GND due to stuck port clock   ;
; Memoria_Instrucoes:comb_5|rom~4420       ; Stuck at GND due to stuck port clock   ;
; Memoria_Instrucoes:comb_5|rom~4421       ; Stuck at GND due to stuck port clock   ;
; Memoria_Instrucoes:comb_5|rom~4422       ; Stuck at GND due to stuck port clock   ;
; Memoria_Instrucoes:comb_5|rom~4423       ; Stuck at GND due to stuck port clock   ;
; Memoria_Instrucoes:comb_5|rom~4424       ; Stuck at GND due to stuck port clock   ;
; Memoria_Instrucoes:comb_5|rom~4425       ; Stuck at GND due to stuck port clock   ;
; Memoria_Instrucoes:comb_5|rom~4426       ; Stuck at GND due to stuck port clock   ;
; Memoria_Instrucoes:comb_5|rom~4427       ; Stuck at GND due to stuck port clock   ;
; Memoria_Instrucoes:comb_5|rom~4428       ; Stuck at GND due to stuck port clock   ;
; Memoria_Instrucoes:comb_5|rom~4429       ; Stuck at GND due to stuck port clock   ;
; Memoria_Instrucoes:comb_5|rom~4430       ; Stuck at GND due to stuck port clock   ;
; Memoria_Instrucoes:comb_5|rom~4431       ; Stuck at GND due to stuck port clock   ;
; Memoria_Instrucoes:comb_5|rom~4432       ; Stuck at GND due to stuck port clock   ;
; Memoria_Instrucoes:comb_5|rom~4433       ; Stuck at GND due to stuck port clock   ;
; Memoria_Instrucoes:comb_5|rom~4434       ; Stuck at GND due to stuck port clock   ;
; Memoria_Instrucoes:comb_5|rom~4435       ; Stuck at GND due to stuck port clock   ;
; Memoria_Instrucoes:comb_5|rom~4436       ; Stuck at GND due to stuck port clock   ;
; Memoria_Instrucoes:comb_5|rom~4437       ; Stuck at GND due to stuck port clock   ;
; Memoria_Instrucoes:comb_5|rom~4438       ; Stuck at GND due to stuck port clock   ;
; Memoria_Instrucoes:comb_5|rom~4439       ; Stuck at GND due to stuck port clock   ;
; Memoria_Instrucoes:comb_5|rom~4440       ; Stuck at GND due to stuck port clock   ;
; Memoria_Instrucoes:comb_5|rom~4441       ; Stuck at GND due to stuck port clock   ;
; Memoria_Instrucoes:comb_5|rom~4442       ; Stuck at GND due to stuck port clock   ;
; Memoria_Instrucoes:comb_5|rom~4443       ; Stuck at GND due to stuck port clock   ;
; Memoria_Instrucoes:comb_5|rom~4444       ; Stuck at GND due to stuck port clock   ;
; Memoria_Instrucoes:comb_5|rom~4445       ; Stuck at GND due to stuck port clock   ;
; Memoria_Instrucoes:comb_5|rom~4446       ; Stuck at GND due to stuck port clock   ;
; Memoria_Instrucoes:comb_5|rom~4447       ; Stuck at GND due to stuck port clock   ;
; Memoria_Instrucoes:comb_5|rom~4448       ; Stuck at GND due to stuck port clock   ;
; Memoria_Instrucoes:comb_5|rom~4449       ; Stuck at GND due to stuck port clock   ;
; Memoria_Instrucoes:comb_5|rom~4450       ; Stuck at GND due to stuck port clock   ;
; Memoria_Instrucoes:comb_5|rom~4451       ; Stuck at GND due to stuck port clock   ;
; Memoria_Instrucoes:comb_5|rom~4452       ; Stuck at GND due to stuck port clock   ;
; Memoria_Instrucoes:comb_5|rom~4453       ; Stuck at GND due to stuck port clock   ;
; Memoria_Instrucoes:comb_5|rom~4454       ; Stuck at GND due to stuck port clock   ;
; Memoria_Instrucoes:comb_5|rom~4455       ; Stuck at GND due to stuck port clock   ;
; Memoria_Instrucoes:comb_5|rom~4456       ; Stuck at GND due to stuck port clock   ;
; Memoria_Instrucoes:comb_5|rom~4457       ; Stuck at GND due to stuck port clock   ;
; Memoria_Instrucoes:comb_5|rom~4458       ; Stuck at GND due to stuck port clock   ;
; Memoria_Instrucoes:comb_5|rom~4459       ; Stuck at GND due to stuck port clock   ;
; Memoria_Instrucoes:comb_5|rom~4460       ; Stuck at GND due to stuck port clock   ;
; Memoria_Instrucoes:comb_5|rom~4461       ; Stuck at GND due to stuck port clock   ;
; Memoria_Instrucoes:comb_5|rom~4462       ; Stuck at GND due to stuck port clock   ;
; Memoria_Instrucoes:comb_5|rom~4463       ; Stuck at GND due to stuck port clock   ;
; Memoria_Instrucoes:comb_5|rom~4464       ; Stuck at GND due to stuck port clock   ;
; Memoria_Instrucoes:comb_5|rom~4465       ; Stuck at GND due to stuck port clock   ;
; Memoria_Instrucoes:comb_5|rom~4466       ; Stuck at GND due to stuck port clock   ;
; Memoria_Instrucoes:comb_5|rom~4467       ; Stuck at GND due to stuck port clock   ;
; Memoria_Instrucoes:comb_5|rom~4468       ; Stuck at GND due to stuck port clock   ;
; Memoria_Instrucoes:comb_5|rom~4469       ; Stuck at GND due to stuck port clock   ;
; Memoria_Instrucoes:comb_5|rom~4470       ; Stuck at GND due to stuck port clock   ;
; Memoria_Instrucoes:comb_5|rom~4471       ; Stuck at GND due to stuck port clock   ;
; Memoria_Instrucoes:comb_5|rom~4472       ; Stuck at GND due to stuck port clock   ;
; Memoria_Instrucoes:comb_5|rom~4473       ; Stuck at GND due to stuck port clock   ;
; Memoria_Instrucoes:comb_5|rom~4474       ; Stuck at GND due to stuck port clock   ;
; Memoria_Instrucoes:comb_5|rom~4475       ; Stuck at GND due to stuck port clock   ;
; Memoria_Instrucoes:comb_5|rom~4476       ; Stuck at GND due to stuck port clock   ;
; Memoria_Instrucoes:comb_5|rom~4477       ; Stuck at GND due to stuck port clock   ;
; Memoria_Instrucoes:comb_5|rom~4478       ; Stuck at GND due to stuck port clock   ;
; Memoria_Instrucoes:comb_5|rom~4479       ; Stuck at GND due to stuck port clock   ;
; Memoria_Instrucoes:comb_5|rom~4480       ; Stuck at GND due to stuck port clock   ;
; Memoria_Instrucoes:comb_5|rom~4481       ; Stuck at GND due to stuck port clock   ;
; Memoria_Instrucoes:comb_5|rom~4482       ; Stuck at GND due to stuck port clock   ;
; Memoria_Instrucoes:comb_5|rom~4483       ; Stuck at GND due to stuck port clock   ;
; Memoria_Instrucoes:comb_5|rom~4484       ; Stuck at GND due to stuck port clock   ;
; Memoria_Instrucoes:comb_5|rom~4485       ; Stuck at GND due to stuck port clock   ;
; Memoria_Instrucoes:comb_5|rom~4486       ; Stuck at GND due to stuck port clock   ;
; Memoria_Instrucoes:comb_5|rom~4487       ; Stuck at GND due to stuck port clock   ;
; Memoria_Instrucoes:comb_5|rom~4488       ; Stuck at GND due to stuck port clock   ;
; Memoria_Instrucoes:comb_5|rom~4489       ; Stuck at GND due to stuck port clock   ;
; Memoria_Instrucoes:comb_5|rom~4490       ; Stuck at GND due to stuck port clock   ;
; Memoria_Instrucoes:comb_5|rom~4491       ; Stuck at GND due to stuck port clock   ;
; Memoria_Instrucoes:comb_5|rom~4492       ; Stuck at GND due to stuck port clock   ;
; Memoria_Instrucoes:comb_5|rom~4493       ; Stuck at GND due to stuck port clock   ;
; Memoria_Instrucoes:comb_5|rom~4494       ; Stuck at GND due to stuck port clock   ;
; Memoria_Instrucoes:comb_5|rom~4495       ; Stuck at GND due to stuck port clock   ;
; Memoria_Instrucoes:comb_5|rom~4496       ; Stuck at GND due to stuck port clock   ;
; Memoria_Instrucoes:comb_5|rom~4497       ; Stuck at GND due to stuck port clock   ;
; Memoria_Instrucoes:comb_5|rom~4498       ; Stuck at GND due to stuck port clock   ;
; Memoria_Instrucoes:comb_5|rom~4499       ; Stuck at GND due to stuck port clock   ;
; Memoria_Instrucoes:comb_5|rom~4500       ; Stuck at GND due to stuck port clock   ;
; Memoria_Instrucoes:comb_5|rom~4501       ; Stuck at GND due to stuck port clock   ;
; Memoria_Instrucoes:comb_5|rom~4502       ; Stuck at GND due to stuck port clock   ;
; Memoria_Instrucoes:comb_5|rom~4503       ; Stuck at GND due to stuck port clock   ;
; Memoria_Instrucoes:comb_5|rom~4504       ; Stuck at GND due to stuck port clock   ;
; Memoria_Instrucoes:comb_5|rom~4505       ; Stuck at GND due to stuck port clock   ;
; Memoria_Instrucoes:comb_5|rom~4506       ; Stuck at GND due to stuck port clock   ;
; Memoria_Instrucoes:comb_5|rom~4507       ; Stuck at GND due to stuck port clock   ;
; Memoria_Instrucoes:comb_5|rom~4508       ; Stuck at GND due to stuck port clock   ;
; Memoria_Instrucoes:comb_5|rom~4509       ; Stuck at GND due to stuck port clock   ;
; Memoria_Instrucoes:comb_5|rom~4510       ; Stuck at GND due to stuck port clock   ;
; Memoria_Instrucoes:comb_5|rom~4511       ; Stuck at GND due to stuck port clock   ;
; Memoria_Instrucoes:comb_5|rom~4512       ; Stuck at GND due to stuck port clock   ;
; Memoria_Instrucoes:comb_5|rom~4513       ; Stuck at GND due to stuck port clock   ;
; Memoria_Instrucoes:comb_5|rom~4514       ; Stuck at GND due to stuck port clock   ;
; Memoria_Instrucoes:comb_5|rom~4515       ; Stuck at GND due to stuck port clock   ;
; Memoria_Instrucoes:comb_5|rom~4516       ; Stuck at GND due to stuck port clock   ;
; Memoria_Instrucoes:comb_5|rom~4517       ; Stuck at GND due to stuck port clock   ;
; Memoria_Instrucoes:comb_5|rom~4518       ; Stuck at GND due to stuck port clock   ;
; Memoria_Instrucoes:comb_5|rom~4519       ; Stuck at GND due to stuck port clock   ;
; Memoria_Instrucoes:comb_5|rom~4520       ; Stuck at GND due to stuck port clock   ;
; Memoria_Instrucoes:comb_5|rom~4521       ; Stuck at GND due to stuck port clock   ;
; Memoria_Instrucoes:comb_5|rom~4522       ; Stuck at GND due to stuck port clock   ;
; Memoria_Instrucoes:comb_5|rom~4523       ; Stuck at GND due to stuck port clock   ;
; Memoria_Instrucoes:comb_5|rom~4524       ; Stuck at GND due to stuck port clock   ;
; Memoria_Instrucoes:comb_5|rom~4525       ; Stuck at GND due to stuck port clock   ;
; Memoria_Instrucoes:comb_5|rom~4526       ; Stuck at GND due to stuck port clock   ;
; Memoria_Instrucoes:comb_5|rom~4527       ; Stuck at GND due to stuck port clock   ;
; Memoria_Instrucoes:comb_5|rom~4528       ; Stuck at GND due to stuck port clock   ;
; Memoria_Instrucoes:comb_5|rom~4529       ; Stuck at GND due to stuck port clock   ;
; Memoria_Instrucoes:comb_5|rom~4530       ; Stuck at GND due to stuck port clock   ;
; Memoria_Instrucoes:comb_5|rom~4531       ; Stuck at GND due to stuck port clock   ;
; Memoria_Instrucoes:comb_5|rom~4532       ; Stuck at GND due to stuck port clock   ;
; Memoria_Instrucoes:comb_5|rom~4533       ; Stuck at GND due to stuck port clock   ;
; Memoria_Instrucoes:comb_5|rom~4534       ; Stuck at GND due to stuck port clock   ;
; Memoria_Instrucoes:comb_5|rom~4535       ; Stuck at GND due to stuck port clock   ;
; Memoria_Instrucoes:comb_5|rom~4536       ; Stuck at GND due to stuck port clock   ;
; Memoria_Instrucoes:comb_5|rom~4537       ; Stuck at GND due to stuck port clock   ;
; Memoria_Instrucoes:comb_5|rom~4538       ; Stuck at GND due to stuck port clock   ;
; Memoria_Instrucoes:comb_5|rom~4539       ; Stuck at GND due to stuck port clock   ;
; Memoria_Instrucoes:comb_5|rom~4540       ; Stuck at GND due to stuck port clock   ;
; Memoria_Instrucoes:comb_5|rom~4541       ; Stuck at GND due to stuck port clock   ;
; Memoria_Instrucoes:comb_5|rom~4542       ; Stuck at GND due to stuck port clock   ;
; Memoria_Instrucoes:comb_5|rom~4543       ; Stuck at GND due to stuck port clock   ;
; Memoria_Instrucoes:comb_5|rom~4544       ; Stuck at GND due to stuck port clock   ;
; Memoria_Instrucoes:comb_5|rom~4545       ; Stuck at GND due to stuck port clock   ;
; Memoria_Instrucoes:comb_5|rom~4546       ; Stuck at GND due to stuck port clock   ;
; Memoria_Instrucoes:comb_5|rom~4547       ; Stuck at GND due to stuck port clock   ;
; Memoria_Instrucoes:comb_5|rom~4548       ; Stuck at GND due to stuck port clock   ;
; Memoria_Instrucoes:comb_5|rom~4549       ; Stuck at GND due to stuck port clock   ;
; Memoria_Instrucoes:comb_5|rom~4550       ; Stuck at GND due to stuck port clock   ;
; Memoria_Instrucoes:comb_5|rom~4551       ; Stuck at GND due to stuck port clock   ;
; Memoria_Instrucoes:comb_5|rom~4552       ; Stuck at GND due to stuck port clock   ;
; Memoria_Instrucoes:comb_5|rom~4553       ; Stuck at GND due to stuck port clock   ;
; Memoria_Instrucoes:comb_5|rom~4554       ; Stuck at GND due to stuck port clock   ;
; Memoria_Instrucoes:comb_5|rom~4555       ; Stuck at GND due to stuck port clock   ;
; Memoria_Instrucoes:comb_5|rom~4556       ; Stuck at GND due to stuck port clock   ;
; Memoria_Instrucoes:comb_5|rom~4557       ; Stuck at GND due to stuck port clock   ;
; Memoria_Instrucoes:comb_5|rom~4558       ; Stuck at GND due to stuck port clock   ;
; Memoria_Instrucoes:comb_5|rom~4559       ; Stuck at GND due to stuck port clock   ;
; Memoria_Instrucoes:comb_5|rom~4560       ; Stuck at GND due to stuck port clock   ;
; Memoria_Instrucoes:comb_5|rom~4561       ; Stuck at GND due to stuck port clock   ;
; Memoria_Instrucoes:comb_5|rom~4562       ; Stuck at GND due to stuck port clock   ;
; Memoria_Instrucoes:comb_5|rom~4563       ; Stuck at GND due to stuck port clock   ;
; Memoria_Instrucoes:comb_5|rom~4564       ; Stuck at GND due to stuck port clock   ;
; Memoria_Instrucoes:comb_5|rom~4565       ; Stuck at GND due to stuck port clock   ;
; Memoria_Instrucoes:comb_5|rom~4566       ; Stuck at GND due to stuck port clock   ;
; Memoria_Instrucoes:comb_5|rom~4567       ; Stuck at GND due to stuck port clock   ;
; Memoria_Instrucoes:comb_5|rom~4568       ; Stuck at GND due to stuck port clock   ;
; Memoria_Instrucoes:comb_5|rom~4569       ; Stuck at GND due to stuck port clock   ;
; Memoria_Instrucoes:comb_5|rom~4570       ; Stuck at GND due to stuck port clock   ;
; Memoria_Instrucoes:comb_5|rom~4571       ; Stuck at GND due to stuck port clock   ;
; Memoria_Instrucoes:comb_5|rom~4572       ; Stuck at GND due to stuck port clock   ;
; Memoria_Instrucoes:comb_5|rom~4573       ; Stuck at GND due to stuck port clock   ;
; Memoria_Instrucoes:comb_5|rom~4574       ; Stuck at GND due to stuck port clock   ;
; Memoria_Instrucoes:comb_5|rom~4575       ; Stuck at GND due to stuck port clock   ;
; Memoria_Instrucoes:comb_5|rom~4576       ; Stuck at GND due to stuck port clock   ;
; Memoria_Instrucoes:comb_5|rom~4577       ; Stuck at GND due to stuck port clock   ;
; Memoria_Instrucoes:comb_5|rom~4578       ; Stuck at GND due to stuck port clock   ;
; Memoria_Instrucoes:comb_5|rom~4579       ; Stuck at GND due to stuck port clock   ;
; Memoria_Instrucoes:comb_5|rom~4580       ; Stuck at GND due to stuck port clock   ;
; Memoria_Instrucoes:comb_5|rom~4581       ; Stuck at GND due to stuck port clock   ;
; Memoria_Instrucoes:comb_5|rom~4582       ; Stuck at GND due to stuck port clock   ;
; Memoria_Instrucoes:comb_5|rom~4583       ; Stuck at GND due to stuck port clock   ;
; Memoria_Instrucoes:comb_5|rom~4584       ; Stuck at GND due to stuck port clock   ;
; Memoria_Instrucoes:comb_5|rom~4585       ; Stuck at GND due to stuck port clock   ;
; Memoria_Instrucoes:comb_5|rom~4586       ; Stuck at GND due to stuck port clock   ;
; Memoria_Instrucoes:comb_5|rom~4587       ; Stuck at GND due to stuck port clock   ;
; Memoria_Instrucoes:comb_5|rom~4588       ; Stuck at GND due to stuck port clock   ;
; Memoria_Instrucoes:comb_5|rom~4589       ; Stuck at GND due to stuck port clock   ;
; Memoria_Instrucoes:comb_5|rom~4590       ; Stuck at GND due to stuck port clock   ;
; Memoria_Instrucoes:comb_5|rom~4591       ; Stuck at GND due to stuck port clock   ;
; Memoria_Instrucoes:comb_5|rom~4592       ; Stuck at GND due to stuck port clock   ;
; Memoria_Instrucoes:comb_5|rom~4593       ; Stuck at GND due to stuck port clock   ;
; Memoria_Instrucoes:comb_5|rom~4594       ; Stuck at GND due to stuck port clock   ;
; Memoria_Instrucoes:comb_5|rom~4595       ; Stuck at GND due to stuck port clock   ;
; Memoria_Instrucoes:comb_5|rom~4596       ; Stuck at GND due to stuck port clock   ;
; Memoria_Instrucoes:comb_5|rom~4597       ; Stuck at GND due to stuck port clock   ;
; Memoria_Instrucoes:comb_5|rom~4598       ; Stuck at GND due to stuck port clock   ;
; Memoria_Instrucoes:comb_5|rom~4599       ; Stuck at GND due to stuck port clock   ;
; Memoria_Instrucoes:comb_5|rom~4600       ; Stuck at GND due to stuck port clock   ;
; Memoria_Instrucoes:comb_5|rom~4601       ; Stuck at GND due to stuck port clock   ;
; Memoria_Instrucoes:comb_5|rom~4602       ; Stuck at GND due to stuck port clock   ;
; Memoria_Instrucoes:comb_5|rom~4603       ; Stuck at GND due to stuck port clock   ;
; Memoria_Instrucoes:comb_5|rom~4604       ; Stuck at GND due to stuck port clock   ;
; Memoria_Instrucoes:comb_5|rom~4605       ; Stuck at GND due to stuck port clock   ;
; Memoria_Instrucoes:comb_5|rom~4606       ; Stuck at GND due to stuck port clock   ;
; Memoria_Instrucoes:comb_5|rom~4607       ; Stuck at GND due to stuck port clock   ;
; Memoria_Instrucoes:comb_5|rom~4608       ; Stuck at GND due to stuck port clock   ;
; Memoria_Instrucoes:comb_5|rom~4609       ; Stuck at GND due to stuck port clock   ;
; Memoria_Instrucoes:comb_5|rom~4610       ; Stuck at GND due to stuck port clock   ;
; Memoria_Instrucoes:comb_5|rom~4611       ; Stuck at GND due to stuck port clock   ;
; Memoria_Instrucoes:comb_5|rom~4612       ; Stuck at GND due to stuck port clock   ;
; Memoria_Instrucoes:comb_5|rom~4613       ; Stuck at GND due to stuck port clock   ;
; Memoria_Instrucoes:comb_5|rom~4614       ; Stuck at GND due to stuck port clock   ;
; Memoria_Instrucoes:comb_5|rom~4615       ; Stuck at GND due to stuck port clock   ;
; Memoria_Instrucoes:comb_5|rom~4616       ; Stuck at GND due to stuck port clock   ;
; Memoria_Instrucoes:comb_5|rom~4617       ; Stuck at GND due to stuck port clock   ;
; Memoria_Instrucoes:comb_5|rom~4618       ; Stuck at GND due to stuck port clock   ;
; Memoria_Instrucoes:comb_5|rom~4619       ; Stuck at GND due to stuck port clock   ;
; Memoria_Instrucoes:comb_5|rom~4620       ; Stuck at GND due to stuck port clock   ;
; Memoria_Instrucoes:comb_5|rom~4621       ; Stuck at GND due to stuck port clock   ;
; Memoria_Instrucoes:comb_5|rom~4622       ; Stuck at GND due to stuck port clock   ;
; Memoria_Instrucoes:comb_5|rom~4623       ; Stuck at GND due to stuck port clock   ;
; Memoria_Instrucoes:comb_5|rom~4624       ; Stuck at GND due to stuck port clock   ;
; Memoria_Instrucoes:comb_5|rom~4625       ; Stuck at GND due to stuck port clock   ;
; Memoria_Instrucoes:comb_5|rom~4626       ; Stuck at GND due to stuck port clock   ;
; Memoria_Instrucoes:comb_5|rom~4627       ; Stuck at GND due to stuck port clock   ;
; Memoria_Instrucoes:comb_5|rom~4628       ; Stuck at GND due to stuck port clock   ;
; Memoria_Instrucoes:comb_5|rom~4629       ; Stuck at GND due to stuck port clock   ;
; Memoria_Instrucoes:comb_5|rom~4630       ; Stuck at GND due to stuck port clock   ;
; Memoria_Instrucoes:comb_5|rom~4631       ; Stuck at GND due to stuck port clock   ;
; Memoria_Instrucoes:comb_5|rom~4632       ; Stuck at GND due to stuck port clock   ;
; Memoria_Instrucoes:comb_5|rom~4633       ; Stuck at GND due to stuck port clock   ;
; Memoria_Instrucoes:comb_5|rom~4634       ; Stuck at GND due to stuck port clock   ;
; Memoria_Instrucoes:comb_5|rom~4635       ; Stuck at GND due to stuck port clock   ;
; Memoria_Instrucoes:comb_5|rom~4636       ; Stuck at GND due to stuck port clock   ;
; Memoria_Instrucoes:comb_5|rom~4637       ; Stuck at GND due to stuck port clock   ;
; Memoria_Instrucoes:comb_5|rom~4638       ; Stuck at GND due to stuck port clock   ;
; Memoria_Instrucoes:comb_5|rom~4639       ; Stuck at GND due to stuck port clock   ;
; Memoria_Instrucoes:comb_5|rom~4640       ; Stuck at GND due to stuck port clock   ;
; Memoria_Instrucoes:comb_5|rom~4641       ; Stuck at GND due to stuck port clock   ;
; Memoria_Instrucoes:comb_5|rom~4642       ; Stuck at GND due to stuck port clock   ;
; Memoria_Instrucoes:comb_5|rom~4643       ; Stuck at GND due to stuck port clock   ;
; Memoria_Instrucoes:comb_5|rom~4644       ; Stuck at GND due to stuck port clock   ;
; Memoria_Instrucoes:comb_5|rom~4645       ; Stuck at GND due to stuck port clock   ;
; Memoria_Instrucoes:comb_5|rom~4646       ; Stuck at GND due to stuck port clock   ;
; Memoria_Instrucoes:comb_5|rom~4647       ; Stuck at GND due to stuck port clock   ;
; Memoria_Instrucoes:comb_5|rom~4648       ; Stuck at GND due to stuck port clock   ;
; Memoria_Instrucoes:comb_5|rom~4649       ; Stuck at GND due to stuck port clock   ;
; Memoria_Instrucoes:comb_5|rom~4650       ; Stuck at GND due to stuck port clock   ;
; Memoria_Instrucoes:comb_5|rom~4651       ; Stuck at GND due to stuck port clock   ;
; Memoria_Instrucoes:comb_5|rom~4652       ; Stuck at GND due to stuck port clock   ;
; Memoria_Instrucoes:comb_5|rom~4653       ; Stuck at GND due to stuck port clock   ;
; Memoria_Instrucoes:comb_5|rom~4654       ; Stuck at GND due to stuck port clock   ;
; Memoria_Instrucoes:comb_5|rom~4655       ; Stuck at GND due to stuck port clock   ;
; Memoria_Instrucoes:comb_5|rom~4656       ; Stuck at GND due to stuck port clock   ;
; Memoria_Instrucoes:comb_5|rom~4657       ; Stuck at GND due to stuck port clock   ;
; Memoria_Instrucoes:comb_5|rom~4658       ; Stuck at GND due to stuck port clock   ;
; Memoria_Instrucoes:comb_5|rom~4659       ; Stuck at GND due to stuck port clock   ;
; Memoria_Instrucoes:comb_5|rom~4660       ; Stuck at GND due to stuck port clock   ;
; Memoria_Instrucoes:comb_5|rom~4661       ; Stuck at GND due to stuck port clock   ;
; Memoria_Instrucoes:comb_5|rom~4662       ; Stuck at GND due to stuck port clock   ;
; Memoria_Instrucoes:comb_5|rom~4663       ; Stuck at GND due to stuck port clock   ;
; Memoria_Instrucoes:comb_5|rom~4664       ; Stuck at GND due to stuck port clock   ;
; Memoria_Instrucoes:comb_5|rom~4665       ; Stuck at GND due to stuck port clock   ;
; Memoria_Instrucoes:comb_5|rom~4666       ; Stuck at GND due to stuck port clock   ;
; Memoria_Instrucoes:comb_5|rom~4667       ; Stuck at GND due to stuck port clock   ;
; Memoria_Instrucoes:comb_5|rom~4668       ; Stuck at GND due to stuck port clock   ;
; Memoria_Instrucoes:comb_5|rom~4669       ; Stuck at GND due to stuck port clock   ;
; Memoria_Instrucoes:comb_5|rom~4670       ; Stuck at GND due to stuck port clock   ;
; Memoria_Instrucoes:comb_5|rom~4671       ; Stuck at GND due to stuck port clock   ;
; Memoria_Instrucoes:comb_5|rom~4672       ; Stuck at GND due to stuck port clock   ;
; Memoria_Instrucoes:comb_5|rom~4673       ; Stuck at GND due to stuck port clock   ;
; Memoria_Instrucoes:comb_5|rom~4674       ; Stuck at GND due to stuck port clock   ;
; Memoria_Instrucoes:comb_5|rom~4675       ; Stuck at GND due to stuck port clock   ;
; Memoria_Instrucoes:comb_5|rom~4676       ; Stuck at GND due to stuck port clock   ;
; Memoria_Instrucoes:comb_5|rom~4677       ; Stuck at GND due to stuck port clock   ;
; Memoria_Instrucoes:comb_5|rom~4678       ; Stuck at GND due to stuck port clock   ;
; Memoria_Instrucoes:comb_5|rom~4679       ; Stuck at GND due to stuck port clock   ;
; Memoria_Instrucoes:comb_5|rom~4680       ; Stuck at GND due to stuck port clock   ;
; Memoria_Instrucoes:comb_5|rom~4681       ; Stuck at GND due to stuck port clock   ;
; Memoria_Instrucoes:comb_5|rom~4682       ; Stuck at GND due to stuck port clock   ;
; Memoria_Instrucoes:comb_5|rom~4683       ; Stuck at GND due to stuck port clock   ;
; Memoria_Instrucoes:comb_5|rom~4684       ; Stuck at GND due to stuck port clock   ;
; Memoria_Instrucoes:comb_5|rom~4685       ; Stuck at GND due to stuck port clock   ;
; Memoria_Instrucoes:comb_5|rom~4686       ; Stuck at GND due to stuck port clock   ;
; Memoria_Instrucoes:comb_5|rom~4687       ; Stuck at GND due to stuck port clock   ;
; Memoria_Instrucoes:comb_5|rom~4688       ; Stuck at GND due to stuck port clock   ;
; Memoria_Instrucoes:comb_5|rom~4689       ; Stuck at GND due to stuck port clock   ;
; Memoria_Instrucoes:comb_5|rom~4690       ; Stuck at GND due to stuck port clock   ;
; Memoria_Instrucoes:comb_5|rom~4691       ; Stuck at GND due to stuck port clock   ;
; Memoria_Instrucoes:comb_5|rom~4692       ; Stuck at GND due to stuck port clock   ;
; Memoria_Instrucoes:comb_5|rom~4693       ; Stuck at GND due to stuck port clock   ;
; Memoria_Instrucoes:comb_5|rom~4694       ; Stuck at GND due to stuck port clock   ;
; Memoria_Instrucoes:comb_5|rom~4695       ; Stuck at GND due to stuck port clock   ;
; Memoria_Instrucoes:comb_5|rom~4696       ; Stuck at GND due to stuck port clock   ;
; Memoria_Instrucoes:comb_5|rom~4697       ; Stuck at GND due to stuck port clock   ;
; Memoria_Instrucoes:comb_5|rom~4698       ; Stuck at GND due to stuck port clock   ;
; Memoria_Instrucoes:comb_5|rom~4699       ; Stuck at GND due to stuck port clock   ;
; Memoria_Instrucoes:comb_5|rom~4700       ; Stuck at GND due to stuck port clock   ;
; Memoria_Instrucoes:comb_5|rom~4701       ; Stuck at GND due to stuck port clock   ;
; Memoria_Instrucoes:comb_5|rom~4702       ; Stuck at GND due to stuck port clock   ;
; Memoria_Instrucoes:comb_5|rom~4703       ; Stuck at GND due to stuck port clock   ;
; Memoria_Instrucoes:comb_5|rom~4704       ; Stuck at GND due to stuck port clock   ;
; Memoria_Instrucoes:comb_5|rom~4705       ; Stuck at GND due to stuck port clock   ;
; Memoria_Instrucoes:comb_5|rom~4706       ; Stuck at GND due to stuck port clock   ;
; Memoria_Instrucoes:comb_5|rom~4707       ; Stuck at GND due to stuck port clock   ;
; Memoria_Instrucoes:comb_5|rom~4708       ; Stuck at GND due to stuck port clock   ;
; Memoria_Instrucoes:comb_5|rom~4709       ; Stuck at GND due to stuck port clock   ;
; Memoria_Instrucoes:comb_5|rom~4710       ; Stuck at GND due to stuck port clock   ;
; Memoria_Instrucoes:comb_5|rom~4711       ; Stuck at GND due to stuck port clock   ;
; Memoria_Instrucoes:comb_5|rom~4712       ; Stuck at GND due to stuck port clock   ;
; Memoria_Instrucoes:comb_5|rom~4713       ; Stuck at GND due to stuck port clock   ;
; Memoria_Instrucoes:comb_5|rom~4714       ; Stuck at GND due to stuck port clock   ;
; Memoria_Instrucoes:comb_5|rom~4715       ; Stuck at GND due to stuck port clock   ;
; Memoria_Instrucoes:comb_5|rom~4716       ; Stuck at GND due to stuck port clock   ;
; Memoria_Instrucoes:comb_5|rom~4717       ; Stuck at GND due to stuck port clock   ;
; Memoria_Instrucoes:comb_5|rom~4718       ; Stuck at GND due to stuck port clock   ;
; Memoria_Instrucoes:comb_5|rom~4719       ; Stuck at GND due to stuck port clock   ;
; Memoria_Instrucoes:comb_5|rom~4720       ; Stuck at GND due to stuck port clock   ;
; Memoria_Instrucoes:comb_5|rom~4721       ; Stuck at GND due to stuck port clock   ;
; Memoria_Instrucoes:comb_5|rom~4722       ; Stuck at GND due to stuck port clock   ;
; Memoria_Instrucoes:comb_5|rom~4723       ; Stuck at GND due to stuck port clock   ;
; Memoria_Instrucoes:comb_5|rom~4724       ; Stuck at GND due to stuck port clock   ;
; Memoria_Instrucoes:comb_5|rom~4725       ; Stuck at GND due to stuck port clock   ;
; Memoria_Instrucoes:comb_5|rom~4726       ; Stuck at GND due to stuck port clock   ;
; Memoria_Instrucoes:comb_5|rom~4727       ; Stuck at GND due to stuck port clock   ;
; Memoria_Instrucoes:comb_5|rom~4728       ; Stuck at GND due to stuck port clock   ;
; Memoria_Instrucoes:comb_5|rom~4729       ; Stuck at GND due to stuck port clock   ;
; Memoria_Instrucoes:comb_5|rom~4730       ; Stuck at GND due to stuck port clock   ;
; Memoria_Instrucoes:comb_5|rom~4731       ; Stuck at GND due to stuck port clock   ;
; Memoria_Instrucoes:comb_5|rom~4732       ; Stuck at GND due to stuck port clock   ;
; Memoria_Instrucoes:comb_5|rom~4733       ; Stuck at GND due to stuck port clock   ;
; Memoria_Instrucoes:comb_5|rom~4734       ; Stuck at GND due to stuck port clock   ;
; Memoria_Instrucoes:comb_5|rom~4735       ; Stuck at GND due to stuck port clock   ;
; Memoria_Instrucoes:comb_5|rom~4736       ; Stuck at GND due to stuck port clock   ;
; Memoria_Instrucoes:comb_5|rom~4737       ; Stuck at GND due to stuck port clock   ;
; Memoria_Instrucoes:comb_5|rom~4738       ; Stuck at GND due to stuck port clock   ;
; Memoria_Instrucoes:comb_5|rom~4739       ; Stuck at GND due to stuck port clock   ;
; Memoria_Instrucoes:comb_5|rom~4740       ; Stuck at GND due to stuck port clock   ;
; Memoria_Instrucoes:comb_5|rom~4741       ; Stuck at GND due to stuck port clock   ;
; Memoria_Instrucoes:comb_5|rom~4742       ; Stuck at GND due to stuck port clock   ;
; Memoria_Instrucoes:comb_5|rom~4743       ; Stuck at GND due to stuck port clock   ;
; Memoria_Instrucoes:comb_5|rom~4744       ; Stuck at GND due to stuck port clock   ;
; Memoria_Instrucoes:comb_5|rom~4745       ; Stuck at GND due to stuck port clock   ;
; Memoria_Instrucoes:comb_5|rom~4746       ; Stuck at GND due to stuck port clock   ;
; Memoria_Instrucoes:comb_5|rom~4747       ; Stuck at GND due to stuck port clock   ;
; Memoria_Instrucoes:comb_5|rom~4748       ; Stuck at GND due to stuck port clock   ;
; Memoria_Instrucoes:comb_5|rom~4749       ; Stuck at GND due to stuck port clock   ;
; Memoria_Instrucoes:comb_5|rom~4750       ; Stuck at GND due to stuck port clock   ;
; Memoria_Instrucoes:comb_5|rom~4751       ; Stuck at GND due to stuck port clock   ;
; Memoria_Instrucoes:comb_5|rom~4752       ; Stuck at GND due to stuck port clock   ;
; Memoria_Instrucoes:comb_5|rom~4753       ; Stuck at GND due to stuck port clock   ;
; Memoria_Instrucoes:comb_5|rom~4754       ; Stuck at GND due to stuck port clock   ;
; Memoria_Instrucoes:comb_5|rom~4755       ; Stuck at GND due to stuck port clock   ;
; Memoria_Instrucoes:comb_5|rom~4756       ; Stuck at GND due to stuck port clock   ;
; Memoria_Instrucoes:comb_5|rom~4757       ; Stuck at GND due to stuck port clock   ;
; Memoria_Instrucoes:comb_5|rom~4758       ; Stuck at GND due to stuck port clock   ;
; Memoria_Instrucoes:comb_5|rom~4759       ; Stuck at GND due to stuck port clock   ;
; Memoria_Instrucoes:comb_5|rom~4760       ; Stuck at GND due to stuck port clock   ;
; Memoria_Instrucoes:comb_5|rom~4761       ; Stuck at GND due to stuck port clock   ;
; Memoria_Instrucoes:comb_5|rom~4762       ; Stuck at GND due to stuck port clock   ;
; Memoria_Instrucoes:comb_5|rom~4763       ; Stuck at GND due to stuck port clock   ;
; Memoria_Instrucoes:comb_5|rom~4764       ; Stuck at GND due to stuck port clock   ;
; Memoria_Instrucoes:comb_5|rom~4765       ; Stuck at GND due to stuck port clock   ;
; Memoria_Instrucoes:comb_5|rom~4766       ; Stuck at GND due to stuck port clock   ;
; Memoria_Instrucoes:comb_5|rom~4767       ; Stuck at GND due to stuck port clock   ;
; Memoria_Instrucoes:comb_5|rom~4768       ; Stuck at GND due to stuck port clock   ;
; Memoria_Instrucoes:comb_5|rom~4769       ; Stuck at GND due to stuck port clock   ;
; Memoria_Instrucoes:comb_5|rom~4770       ; Stuck at GND due to stuck port clock   ;
; Memoria_Instrucoes:comb_5|rom~4771       ; Stuck at GND due to stuck port clock   ;
; Memoria_Instrucoes:comb_5|rom~4772       ; Stuck at GND due to stuck port clock   ;
; Memoria_Instrucoes:comb_5|rom~4773       ; Stuck at GND due to stuck port clock   ;
; Memoria_Instrucoes:comb_5|rom~4774       ; Stuck at GND due to stuck port clock   ;
; Memoria_Instrucoes:comb_5|rom~4775       ; Stuck at GND due to stuck port clock   ;
; Memoria_Instrucoes:comb_5|rom~4776       ; Stuck at GND due to stuck port clock   ;
; Memoria_Instrucoes:comb_5|rom~4777       ; Stuck at GND due to stuck port clock   ;
; Memoria_Instrucoes:comb_5|rom~4778       ; Stuck at GND due to stuck port clock   ;
; Memoria_Instrucoes:comb_5|rom~4779       ; Stuck at GND due to stuck port clock   ;
; Memoria_Instrucoes:comb_5|rom~4780       ; Stuck at GND due to stuck port clock   ;
; Memoria_Instrucoes:comb_5|rom~4781       ; Stuck at GND due to stuck port clock   ;
; Memoria_Instrucoes:comb_5|rom~4782       ; Stuck at GND due to stuck port clock   ;
; Memoria_Instrucoes:comb_5|rom~4783       ; Stuck at GND due to stuck port clock   ;
; Memoria_Instrucoes:comb_5|rom~4784       ; Stuck at GND due to stuck port clock   ;
; Memoria_Instrucoes:comb_5|rom~4785       ; Stuck at GND due to stuck port clock   ;
; Memoria_Instrucoes:comb_5|rom~4786       ; Stuck at GND due to stuck port clock   ;
; Memoria_Instrucoes:comb_5|rom~4787       ; Stuck at GND due to stuck port clock   ;
; Memoria_Instrucoes:comb_5|rom~4788       ; Stuck at GND due to stuck port clock   ;
; Memoria_Instrucoes:comb_5|rom~4789       ; Stuck at GND due to stuck port clock   ;
; Memoria_Instrucoes:comb_5|rom~4790       ; Stuck at GND due to stuck port clock   ;
; Memoria_Instrucoes:comb_5|rom~4791       ; Stuck at GND due to stuck port clock   ;
; Memoria_Instrucoes:comb_5|rom~4792       ; Stuck at GND due to stuck port clock   ;
; Memoria_Instrucoes:comb_5|rom~4793       ; Stuck at GND due to stuck port clock   ;
; Memoria_Instrucoes:comb_5|rom~4794       ; Stuck at GND due to stuck port clock   ;
; Memoria_Instrucoes:comb_5|rom~4795       ; Stuck at GND due to stuck port clock   ;
; Memoria_Instrucoes:comb_5|rom~4796       ; Stuck at GND due to stuck port clock   ;
; Memoria_Instrucoes:comb_5|rom~4797       ; Stuck at GND due to stuck port clock   ;
; Memoria_Instrucoes:comb_5|rom~4798       ; Stuck at GND due to stuck port clock   ;
; Memoria_Instrucoes:comb_5|rom~4799       ; Stuck at GND due to stuck port clock   ;
; Memoria_Instrucoes:comb_5|rom~4800       ; Stuck at GND due to stuck port clock   ;
; Memoria_Instrucoes:comb_5|rom~4801       ; Stuck at GND due to stuck port clock   ;
; Memoria_Instrucoes:comb_5|rom~4802       ; Stuck at GND due to stuck port clock   ;
; Memoria_Instrucoes:comb_5|rom~4803       ; Stuck at GND due to stuck port clock   ;
; Memoria_Instrucoes:comb_5|rom~4804       ; Stuck at GND due to stuck port clock   ;
; Memoria_Instrucoes:comb_5|rom~4805       ; Stuck at GND due to stuck port clock   ;
; Memoria_Instrucoes:comb_5|rom~4806       ; Stuck at GND due to stuck port clock   ;
; Memoria_Instrucoes:comb_5|rom~4807       ; Stuck at GND due to stuck port clock   ;
; Memoria_Instrucoes:comb_5|rom~4808       ; Stuck at GND due to stuck port clock   ;
; Memoria_Instrucoes:comb_5|rom~4809       ; Stuck at GND due to stuck port clock   ;
; Memoria_Instrucoes:comb_5|rom~4810       ; Stuck at GND due to stuck port clock   ;
; Memoria_Instrucoes:comb_5|rom~4811       ; Stuck at GND due to stuck port clock   ;
; Memoria_Instrucoes:comb_5|rom~4812       ; Stuck at GND due to stuck port clock   ;
; Memoria_Instrucoes:comb_5|rom~4813       ; Stuck at GND due to stuck port clock   ;
; Memoria_Instrucoes:comb_5|rom~4814       ; Stuck at GND due to stuck port clock   ;
; Memoria_Instrucoes:comb_5|rom~4815       ; Stuck at GND due to stuck port clock   ;
; Memoria_Instrucoes:comb_5|rom~4816       ; Stuck at GND due to stuck port clock   ;
; Memoria_Instrucoes:comb_5|rom~4817       ; Stuck at GND due to stuck port clock   ;
; Memoria_Instrucoes:comb_5|rom~4818       ; Stuck at GND due to stuck port clock   ;
; Memoria_Instrucoes:comb_5|rom~4819       ; Stuck at GND due to stuck port clock   ;
; Memoria_Instrucoes:comb_5|rom~4820       ; Stuck at GND due to stuck port clock   ;
; Memoria_Instrucoes:comb_5|rom~4821       ; Stuck at GND due to stuck port clock   ;
; Memoria_Instrucoes:comb_5|rom~4822       ; Stuck at GND due to stuck port clock   ;
; Memoria_Instrucoes:comb_5|rom~4823       ; Stuck at GND due to stuck port clock   ;
; Memoria_Instrucoes:comb_5|rom~4824       ; Stuck at GND due to stuck port clock   ;
; Memoria_Instrucoes:comb_5|rom~4825       ; Stuck at GND due to stuck port clock   ;
; Memoria_Instrucoes:comb_5|rom~4826       ; Stuck at GND due to stuck port clock   ;
; Memoria_Instrucoes:comb_5|rom~4827       ; Stuck at GND due to stuck port clock   ;
; Memoria_Instrucoes:comb_5|rom~4828       ; Stuck at GND due to stuck port clock   ;
; Memoria_Instrucoes:comb_5|rom~4829       ; Stuck at GND due to stuck port clock   ;
; Memoria_Instrucoes:comb_5|rom~4830       ; Stuck at GND due to stuck port clock   ;
; Memoria_Instrucoes:comb_5|rom~4831       ; Stuck at GND due to stuck port clock   ;
; Memoria_Instrucoes:comb_5|rom~4832       ; Stuck at GND due to stuck port clock   ;
; Memoria_Instrucoes:comb_5|rom~4833       ; Stuck at GND due to stuck port clock   ;
; Memoria_Instrucoes:comb_5|rom~4834       ; Stuck at GND due to stuck port clock   ;
; Memoria_Instrucoes:comb_5|rom~4835       ; Stuck at GND due to stuck port clock   ;
; Memoria_Instrucoes:comb_5|rom~4836       ; Stuck at GND due to stuck port clock   ;
; Memoria_Instrucoes:comb_5|rom~4837       ; Stuck at GND due to stuck port clock   ;
; Memoria_Instrucoes:comb_5|rom~4838       ; Stuck at GND due to stuck port clock   ;
; Memoria_Instrucoes:comb_5|rom~4839       ; Stuck at GND due to stuck port clock   ;
; Memoria_Instrucoes:comb_5|rom~4840       ; Stuck at GND due to stuck port clock   ;
; Memoria_Instrucoes:comb_5|rom~4841       ; Stuck at GND due to stuck port clock   ;
; Memoria_Instrucoes:comb_5|rom~4842       ; Stuck at GND due to stuck port clock   ;
; Memoria_Instrucoes:comb_5|rom~4843       ; Stuck at GND due to stuck port clock   ;
; Memoria_Instrucoes:comb_5|rom~4844       ; Stuck at GND due to stuck port clock   ;
; Memoria_Instrucoes:comb_5|rom~4845       ; Stuck at GND due to stuck port clock   ;
; Memoria_Instrucoes:comb_5|rom~4846       ; Stuck at GND due to stuck port clock   ;
; Memoria_Instrucoes:comb_5|rom~4847       ; Stuck at GND due to stuck port clock   ;
; Memoria_Instrucoes:comb_5|rom~4848       ; Stuck at GND due to stuck port clock   ;
; Memoria_Instrucoes:comb_5|rom~4849       ; Stuck at GND due to stuck port clock   ;
; Memoria_Instrucoes:comb_5|rom~4850       ; Stuck at GND due to stuck port clock   ;
; Memoria_Instrucoes:comb_5|rom~4851       ; Stuck at GND due to stuck port clock   ;
; Memoria_Instrucoes:comb_5|rom~4852       ; Stuck at GND due to stuck port clock   ;
; Memoria_Instrucoes:comb_5|rom~4853       ; Stuck at GND due to stuck port clock   ;
; Memoria_Instrucoes:comb_5|rom~4854       ; Stuck at GND due to stuck port clock   ;
; Memoria_Instrucoes:comb_5|rom~4855       ; Stuck at GND due to stuck port clock   ;
; Memoria_Instrucoes:comb_5|rom~4856       ; Stuck at GND due to stuck port clock   ;
; Memoria_Instrucoes:comb_5|rom~4857       ; Stuck at GND due to stuck port clock   ;
; Memoria_Instrucoes:comb_5|rom~4858       ; Stuck at GND due to stuck port clock   ;
; Memoria_Instrucoes:comb_5|rom~4859       ; Stuck at GND due to stuck port clock   ;
; Memoria_Instrucoes:comb_5|rom~4860       ; Stuck at GND due to stuck port clock   ;
; Memoria_Instrucoes:comb_5|rom~4861       ; Stuck at GND due to stuck port clock   ;
; Memoria_Instrucoes:comb_5|rom~4862       ; Stuck at GND due to stuck port clock   ;
; Memoria_Instrucoes:comb_5|rom~4863       ; Stuck at GND due to stuck port clock   ;
; Memoria_Instrucoes:comb_5|rom~4864       ; Stuck at GND due to stuck port clock   ;
; Memoria_Instrucoes:comb_5|rom~4865       ; Stuck at GND due to stuck port clock   ;
; Memoria_Instrucoes:comb_5|rom~4866       ; Stuck at GND due to stuck port clock   ;
; Memoria_Instrucoes:comb_5|rom~4867       ; Stuck at GND due to stuck port clock   ;
; Memoria_Instrucoes:comb_5|rom~4868       ; Stuck at GND due to stuck port clock   ;
; Memoria_Instrucoes:comb_5|rom~4869       ; Stuck at GND due to stuck port clock   ;
; Memoria_Instrucoes:comb_5|rom~4870       ; Stuck at GND due to stuck port clock   ;
; Memoria_Instrucoes:comb_5|rom~4871       ; Stuck at GND due to stuck port clock   ;
; Memoria_Instrucoes:comb_5|rom~4872       ; Stuck at GND due to stuck port clock   ;
; Memoria_Instrucoes:comb_5|rom~4873       ; Stuck at GND due to stuck port clock   ;
; Memoria_Instrucoes:comb_5|rom~4874       ; Stuck at GND due to stuck port clock   ;
; Memoria_Instrucoes:comb_5|rom~4875       ; Stuck at GND due to stuck port clock   ;
; Memoria_Instrucoes:comb_5|rom~4876       ; Stuck at GND due to stuck port clock   ;
; Memoria_Instrucoes:comb_5|rom~4877       ; Stuck at GND due to stuck port clock   ;
; Memoria_Instrucoes:comb_5|rom~4878       ; Stuck at GND due to stuck port clock   ;
; Memoria_Instrucoes:comb_5|rom~4879       ; Stuck at GND due to stuck port clock   ;
; Memoria_Instrucoes:comb_5|rom~4880       ; Stuck at GND due to stuck port clock   ;
; Memoria_Instrucoes:comb_5|rom~4881       ; Stuck at GND due to stuck port clock   ;
; Memoria_Instrucoes:comb_5|rom~4882       ; Stuck at GND due to stuck port clock   ;
; Memoria_Instrucoes:comb_5|rom~4883       ; Stuck at GND due to stuck port clock   ;
; Memoria_Instrucoes:comb_5|rom~4884       ; Stuck at GND due to stuck port clock   ;
; Memoria_Instrucoes:comb_5|rom~4885       ; Stuck at GND due to stuck port clock   ;
; Memoria_Instrucoes:comb_5|rom~4886       ; Stuck at GND due to stuck port clock   ;
; Memoria_Instrucoes:comb_5|rom~4887       ; Stuck at GND due to stuck port clock   ;
; Memoria_Instrucoes:comb_5|rom~4888       ; Stuck at GND due to stuck port clock   ;
; Memoria_Instrucoes:comb_5|rom~4889       ; Stuck at GND due to stuck port clock   ;
; Memoria_Instrucoes:comb_5|rom~4890       ; Stuck at GND due to stuck port clock   ;
; Memoria_Instrucoes:comb_5|rom~4891       ; Stuck at GND due to stuck port clock   ;
; Memoria_Instrucoes:comb_5|rom~4892       ; Stuck at GND due to stuck port clock   ;
; Memoria_Instrucoes:comb_5|rom~4893       ; Stuck at GND due to stuck port clock   ;
; Memoria_Instrucoes:comb_5|rom~4894       ; Stuck at GND due to stuck port clock   ;
; Memoria_Instrucoes:comb_5|rom~4895       ; Stuck at GND due to stuck port clock   ;
; Memoria_Instrucoes:comb_5|rom~4896       ; Stuck at GND due to stuck port clock   ;
; Memoria_Instrucoes:comb_5|rom~4897       ; Stuck at GND due to stuck port clock   ;
; Memoria_Instrucoes:comb_5|rom~4898       ; Stuck at GND due to stuck port clock   ;
; Memoria_Instrucoes:comb_5|rom~4899       ; Stuck at GND due to stuck port clock   ;
; Memoria_Instrucoes:comb_5|rom~4900       ; Stuck at GND due to stuck port clock   ;
; Memoria_Instrucoes:comb_5|rom~4901       ; Stuck at GND due to stuck port clock   ;
; Memoria_Instrucoes:comb_5|rom~4902       ; Stuck at GND due to stuck port clock   ;
; Memoria_Instrucoes:comb_5|rom~4903       ; Stuck at GND due to stuck port clock   ;
; Memoria_Instrucoes:comb_5|rom~4904       ; Stuck at GND due to stuck port clock   ;
; Memoria_Instrucoes:comb_5|rom~4905       ; Stuck at GND due to stuck port clock   ;
; Memoria_Instrucoes:comb_5|rom~4906       ; Stuck at GND due to stuck port clock   ;
; Memoria_Instrucoes:comb_5|rom~4907       ; Stuck at GND due to stuck port clock   ;
; Memoria_Instrucoes:comb_5|rom~4908       ; Stuck at GND due to stuck port clock   ;
; Memoria_Instrucoes:comb_5|rom~4909       ; Stuck at GND due to stuck port clock   ;
; Memoria_Instrucoes:comb_5|rom~4910       ; Stuck at GND due to stuck port clock   ;
; Memoria_Instrucoes:comb_5|rom~4911       ; Stuck at GND due to stuck port clock   ;
; Memoria_Instrucoes:comb_5|rom~4912       ; Stuck at GND due to stuck port clock   ;
; Memoria_Instrucoes:comb_5|rom~4913       ; Stuck at GND due to stuck port clock   ;
; Memoria_Instrucoes:comb_5|rom~4914       ; Stuck at GND due to stuck port clock   ;
; Memoria_Instrucoes:comb_5|rom~4915       ; Stuck at GND due to stuck port clock   ;
; Memoria_Instrucoes:comb_5|rom~4916       ; Stuck at GND due to stuck port clock   ;
; Memoria_Instrucoes:comb_5|rom~4917       ; Stuck at GND due to stuck port clock   ;
; Memoria_Instrucoes:comb_5|rom~4918       ; Stuck at GND due to stuck port clock   ;
; Memoria_Instrucoes:comb_5|rom~4919       ; Stuck at GND due to stuck port clock   ;
; Memoria_Instrucoes:comb_5|rom~4920       ; Stuck at GND due to stuck port clock   ;
; Memoria_Instrucoes:comb_5|rom~4921       ; Stuck at GND due to stuck port clock   ;
; Memoria_Instrucoes:comb_5|rom~4922       ; Stuck at GND due to stuck port clock   ;
; Memoria_Instrucoes:comb_5|rom~4923       ; Stuck at GND due to stuck port clock   ;
; Memoria_Instrucoes:comb_5|rom~4924       ; Stuck at GND due to stuck port clock   ;
; Memoria_Instrucoes:comb_5|rom~4925       ; Stuck at GND due to stuck port clock   ;
; Memoria_Instrucoes:comb_5|rom~4926       ; Stuck at GND due to stuck port clock   ;
; Memoria_Instrucoes:comb_5|rom~4927       ; Stuck at GND due to stuck port clock   ;
; Memoria_Instrucoes:comb_5|rom~4928       ; Stuck at GND due to stuck port clock   ;
; Memoria_Instrucoes:comb_5|rom~4929       ; Stuck at GND due to stuck port clock   ;
; Memoria_Instrucoes:comb_5|rom~4930       ; Stuck at GND due to stuck port clock   ;
; Memoria_Instrucoes:comb_5|rom~4931       ; Stuck at GND due to stuck port clock   ;
; Memoria_Instrucoes:comb_5|rom~4932       ; Stuck at GND due to stuck port clock   ;
; Memoria_Instrucoes:comb_5|rom~4933       ; Stuck at GND due to stuck port clock   ;
; Memoria_Instrucoes:comb_5|rom~4934       ; Stuck at GND due to stuck port clock   ;
; Memoria_Instrucoes:comb_5|rom~4935       ; Stuck at GND due to stuck port clock   ;
; Memoria_Instrucoes:comb_5|rom~4936       ; Stuck at GND due to stuck port clock   ;
; Memoria_Instrucoes:comb_5|rom~4937       ; Stuck at GND due to stuck port clock   ;
; Memoria_Instrucoes:comb_5|rom~4938       ; Stuck at GND due to stuck port clock   ;
; Memoria_Instrucoes:comb_5|rom~4939       ; Stuck at GND due to stuck port clock   ;
; Memoria_Instrucoes:comb_5|rom~4940       ; Stuck at GND due to stuck port clock   ;
; Memoria_Instrucoes:comb_5|rom~4941       ; Stuck at GND due to stuck port clock   ;
; Memoria_Instrucoes:comb_5|rom~4942       ; Stuck at GND due to stuck port clock   ;
; Memoria_Instrucoes:comb_5|rom~4943       ; Stuck at GND due to stuck port clock   ;
; Memoria_Instrucoes:comb_5|rom~4944       ; Stuck at GND due to stuck port clock   ;
; Memoria_Instrucoes:comb_5|rom~4945       ; Stuck at GND due to stuck port clock   ;
; Memoria_Instrucoes:comb_5|rom~4946       ; Stuck at GND due to stuck port clock   ;
; Memoria_Instrucoes:comb_5|rom~4947       ; Stuck at GND due to stuck port clock   ;
; Memoria_Instrucoes:comb_5|rom~4948       ; Stuck at GND due to stuck port clock   ;
; Memoria_Instrucoes:comb_5|rom~4949       ; Stuck at GND due to stuck port clock   ;
; Memoria_Instrucoes:comb_5|rom~4950       ; Stuck at GND due to stuck port clock   ;
; Memoria_Instrucoes:comb_5|rom~4951       ; Stuck at GND due to stuck port clock   ;
; Memoria_Instrucoes:comb_5|rom~4952       ; Stuck at GND due to stuck port clock   ;
; Memoria_Instrucoes:comb_5|rom~4953       ; Stuck at GND due to stuck port clock   ;
; Memoria_Instrucoes:comb_5|rom~4954       ; Stuck at GND due to stuck port clock   ;
; Memoria_Instrucoes:comb_5|rom~4955       ; Stuck at GND due to stuck port clock   ;
; Memoria_Instrucoes:comb_5|rom~4956       ; Stuck at GND due to stuck port clock   ;
; Memoria_Instrucoes:comb_5|rom~4957       ; Stuck at GND due to stuck port clock   ;
; Memoria_Instrucoes:comb_5|rom~4958       ; Stuck at GND due to stuck port clock   ;
; Memoria_Instrucoes:comb_5|rom~4959       ; Stuck at GND due to stuck port clock   ;
; Memoria_Instrucoes:comb_5|rom~4960       ; Stuck at GND due to stuck port clock   ;
; Memoria_Instrucoes:comb_5|rom~4961       ; Stuck at GND due to stuck port clock   ;
; Memoria_Instrucoes:comb_5|rom~4962       ; Stuck at GND due to stuck port clock   ;
; Memoria_Instrucoes:comb_5|rom~4963       ; Stuck at GND due to stuck port clock   ;
; Memoria_Instrucoes:comb_5|rom~4964       ; Stuck at GND due to stuck port clock   ;
; Memoria_Instrucoes:comb_5|rom~4965       ; Stuck at GND due to stuck port clock   ;
; Memoria_Instrucoes:comb_5|rom~4966       ; Stuck at GND due to stuck port clock   ;
; Memoria_Instrucoes:comb_5|rom~4967       ; Stuck at GND due to stuck port clock   ;
; Memoria_Instrucoes:comb_5|rom~4968       ; Stuck at GND due to stuck port clock   ;
; Memoria_Instrucoes:comb_5|rom~4969       ; Stuck at GND due to stuck port clock   ;
; Memoria_Instrucoes:comb_5|rom~4970       ; Stuck at GND due to stuck port clock   ;
; Memoria_Instrucoes:comb_5|rom~4971       ; Stuck at GND due to stuck port clock   ;
; Memoria_Instrucoes:comb_5|rom~4972       ; Stuck at GND due to stuck port clock   ;
; Memoria_Instrucoes:comb_5|rom~4973       ; Stuck at GND due to stuck port clock   ;
; Memoria_Instrucoes:comb_5|rom~4974       ; Stuck at GND due to stuck port clock   ;
; Memoria_Instrucoes:comb_5|rom~4975       ; Stuck at GND due to stuck port clock   ;
; Memoria_Instrucoes:comb_5|rom~4976       ; Stuck at GND due to stuck port clock   ;
; Memoria_Instrucoes:comb_5|rom~4977       ; Stuck at GND due to stuck port clock   ;
; Memoria_Instrucoes:comb_5|rom~4978       ; Stuck at GND due to stuck port clock   ;
; Memoria_Instrucoes:comb_5|rom~4979       ; Stuck at GND due to stuck port clock   ;
; Memoria_Instrucoes:comb_5|rom~4980       ; Stuck at GND due to stuck port clock   ;
; Memoria_Instrucoes:comb_5|rom~4981       ; Stuck at GND due to stuck port clock   ;
; Memoria_Instrucoes:comb_5|rom~4982       ; Stuck at GND due to stuck port clock   ;
; Memoria_Instrucoes:comb_5|rom~4983       ; Stuck at GND due to stuck port clock   ;
; Memoria_Instrucoes:comb_5|rom~4984       ; Stuck at GND due to stuck port clock   ;
; Memoria_Instrucoes:comb_5|rom~4985       ; Stuck at GND due to stuck port clock   ;
; Memoria_Instrucoes:comb_5|rom~4986       ; Stuck at GND due to stuck port clock   ;
; Memoria_Instrucoes:comb_5|rom~4987       ; Stuck at GND due to stuck port clock   ;
; Memoria_Instrucoes:comb_5|rom~4988       ; Stuck at GND due to stuck port clock   ;
; Memoria_Instrucoes:comb_5|rom~4989       ; Stuck at GND due to stuck port clock   ;
; Memoria_Instrucoes:comb_5|rom~4990       ; Stuck at GND due to stuck port clock   ;
; Memoria_Instrucoes:comb_5|rom~4991       ; Stuck at GND due to stuck port clock   ;
; Memoria_Instrucoes:comb_5|rom~4992       ; Stuck at GND due to stuck port clock   ;
; Memoria_Instrucoes:comb_5|rom~4993       ; Stuck at GND due to stuck port clock   ;
; Memoria_Instrucoes:comb_5|rom~4994       ; Stuck at GND due to stuck port clock   ;
; Memoria_Instrucoes:comb_5|rom~4995       ; Stuck at GND due to stuck port clock   ;
; Memoria_Instrucoes:comb_5|rom~4996       ; Stuck at GND due to stuck port clock   ;
; Memoria_Instrucoes:comb_5|rom~4997       ; Stuck at GND due to stuck port clock   ;
; Total Number of Removed Registers = 8258 ;                                        ;
+------------------------------------------+----------------------------------------+
* Table truncated at 5000 items. To change the number of removed registers reported, set the "Number of Removed Registers Reported" option under Assignments->Settings->Analysis and Synthesis Settings->More Settings


+------------------------------------------------------+
; General Register Statistics                          ;
+----------------------------------------------+-------+
; Statistic                                    ; Value ;
+----------------------------------------------+-------+
; Total registers                              ; 583   ;
; Number of registers using Synchronous Clear  ; 22    ;
; Number of registers using Synchronous Load   ; 0     ;
; Number of registers using Asynchronous Clear ; 0     ;
; Number of registers using Asynchronous Load  ; 0     ;
; Number of registers using Clock Enable       ; 575   ;
; Number of registers using Preset             ; 0     ;
+----------------------------------------------+-------+


+--------------------------------------------------+
; Inverted Register Statistics                     ;
+----------------------------------------+---------+
; Inverted Register                      ; Fan out ;
+----------------------------------------+---------+
; Memoria_Instrucoes:comb_5|Opcode[0]    ; 30      ;
; Total number of inverted registers = 1 ;         ;
+----------------------------------------+---------+


+-----------------------------------------------------------------------------------------+
; Registers Packed Into Inferred Megafunctions                                            ;
+--------------------------------------------+-------------------------------------+------+
; Register Name                              ; Megafunction                        ; Type ;
+--------------------------------------------+-------------------------------------+------+
; Memoria_Instrucoes:comb_5|Operandos[0..25] ; Memoria_Instrucoes:comb_5|rom_rtl_0 ; RAM  ;
; Memoria_Principal:comb_47|saida[0..31]     ; Memoria_Principal:comb_47|ram_rtl_0 ; RAM  ;
+--------------------------------------------+-------------------------------------+------+


+---------------------------------------------------------------------------------------------------------------------------------------------------------------------------------+
; Multiplexer Restructuring Statistics (Restructuring Performed)                                                                                                                  ;
+--------------------+-----------+---------------+----------------------+------------------------+------------+-------------------------------------------------------------------+
; Multiplexer Inputs ; Bus Width ; Baseline Area ; Area if Restructured ; Saving if Restructured ; Registered ; Example Multiplexer Output                                        ;
+--------------------+-----------+---------------+----------------------+------------------------+------------+-------------------------------------------------------------------+
; 3:1                ; 22 bits   ; 44 LEs        ; 22 LEs               ; 22 LEs                 ; Yes        ; |Processador_Completo|Modulo_Entrada_E_Saida:comb_49|Contador[21] ;
; 3:1                ; 9 bits    ; 18 LEs        ; 9 LEs                ; 9 LEs                  ; Yes        ; |Processador_Completo|PC:comb_4|PC[0]                             ;
; 6:1                ; 22 bits   ; 88 LEs        ; 44 LEs               ; 44 LEs                 ; Yes        ; |Processador_Completo|Banco_de_Registradores:comb_10|banco[0][13] ;
; 6:1                ; 10 bits   ; 40 LEs        ; 30 LEs               ; 10 LEs                 ; Yes        ; |Processador_Completo|Banco_de_Registradores:comb_10|banco[0][0]  ;
; 3:1                ; 6 bits    ; 12 LEs        ; 12 LEs               ; 0 LEs                  ; No         ; |Processador_Completo|Mux_PC:comb_9|Mux2                          ;
; 4:1                ; 32 bits   ; 64 LEs        ; 64 LEs               ; 0 LEs                  ; No         ; |Processador_Completo|Mux_Escrita:comb_48|Mux13                   ;
; 5:1                ; 15 bits   ; 45 LEs        ; 45 LEs               ; 0 LEs                  ; No         ; |Processador_Completo|Mux_PC:comb_9|Mux8                          ;
; 5:1                ; 10 bits   ; 30 LEs        ; 20 LEs               ; 10 LEs                 ; No         ; |Processador_Completo|Mux_PC:comb_9|Mux22                         ;
; 4:1                ; 6 bits    ; 12 LEs        ; 12 LEs               ; 0 LEs                  ; No         ; |Processador_Completo|Gerenciador_de_Entrada:comb_6|Mux0          ;
; 4:1                ; 6 bits    ; 12 LEs        ; 12 LEs               ; 0 LEs                  ; No         ; |Processador_Completo|Gerenciador_de_Entrada:comb_6|Mux20         ;
; 16:1               ; 32 bits   ; 320 LEs       ; 320 LEs              ; 0 LEs                  ; No         ; |Processador_Completo|Banco_de_Registradores:comb_10|Mux14        ;
; 16:1               ; 32 bits   ; 320 LEs       ; 320 LEs              ; 0 LEs                  ; No         ; |Processador_Completo|Banco_de_Registradores:comb_10|Mux37        ;
; 6:1                ; 6 bits    ; 24 LEs        ; 18 LEs               ; 6 LEs                  ; No         ; |Processador_Completo|Gerenciador_de_Entrada:comb_6|Mux10         ;
; 6:1                ; 5 bits    ; 20 LEs        ; 10 LEs               ; 10 LEs                 ; No         ; |Processador_Completo|Gerenciador_de_Entrada:comb_6|Mux25         ;
; 25:1               ; 8 bits    ; 128 LEs       ; 72 LEs               ; 56 LEs                 ; No         ; |Processador_Completo|ULA:comb_44|Mux20                           ;
; 25:1               ; 8 bits    ; 128 LEs       ; 72 LEs               ; 56 LEs                 ; No         ; |Processador_Completo|ULA:comb_44|Mux15                           ;
; 26:1               ; 4 bits    ; 68 LEs        ; 40 LEs               ; 28 LEs                 ; No         ; |Processador_Completo|ULA:comb_44|Mux27                           ;
; 26:1               ; 4 bits    ; 68 LEs        ; 40 LEs               ; 28 LEs                 ; No         ; |Processador_Completo|ULA:comb_44|Mux4                            ;
; 27:1               ; 2 bits    ; 36 LEs        ; 20 LEs               ; 16 LEs                 ; No         ; |Processador_Completo|ULA:comb_44|Mux28                           ;
; 27:1               ; 2 bits    ; 36 LEs        ; 20 LEs               ; 16 LEs                 ; No         ; |Processador_Completo|ULA:comb_44|Mux3                            ;
; 28:1               ; 2 bits    ; 36 LEs        ; 20 LEs               ; 16 LEs                 ; No         ; |Processador_Completo|ULA:comb_44|Mux30                           ;
; 28:1               ; 2 bits    ; 36 LEs        ; 20 LEs               ; 16 LEs                 ; No         ; |Processador_Completo|ULA:comb_44|Mux0                            ;
; 3:1                ; 32 bits   ; 64 LEs        ; 64 LEs               ; 0 LEs                  ; No         ; |Processador_Completo|ULA:comb_44|Add0                            ;
+--------------------+-----------+---------------+----------------------+------------------------+------------+-------------------------------------------------------------------+


+------------------------------------------------------------------------------------------------------+
; Source assignments for Memoria_Instrucoes:comb_5|altsyncram:rom_rtl_0|altsyncram_lf91:auto_generated ;
+---------------------------------+--------------------+------+----------------------------------------+
; Assignment                      ; Value              ; From ; To                                     ;
+---------------------------------+--------------------+------+----------------------------------------+
; OPTIMIZE_POWER_DURING_SYNTHESIS ; NORMAL_COMPILATION ; -    ; -                                      ;
+---------------------------------+--------------------+------+----------------------------------------+


+------------------------------------------------------------------------------------------------------+
; Source assignments for Memoria_Principal:comb_47|altsyncram:ram_rtl_0|altsyncram_ud81:auto_generated ;
+---------------------------------+--------------------+------+----------------------------------------+
; Assignment                      ; Value              ; From ; To                                     ;
+---------------------------------+--------------------+------+----------------------------------------+
; OPTIMIZE_POWER_DURING_SYNTHESIS ; NORMAL_COMPILATION ; -    ; -                                      ;
+---------------------------------+--------------------+------+----------------------------------------+


+------------------------------------------------------------------------+
; Parameter Settings for User Entity Instance: Memoria_Instrucoes:comb_5 ;
+----------------+-------+-----------------------------------------------+
; Parameter Name ; Value ; Type                                          ;
+----------------+-------+-----------------------------------------------+
; DATA_WIDTH     ; 32    ; Signed Integer                                ;
; ADDR_WIDTH     ; 9     ; Signed Integer                                ;
; DEPTH          ; 258   ; Signed Integer                                ;
+----------------+-------+-----------------------------------------------+
Note: In order to hide this table in the UI and the text report file, please set the "Show Parameter Settings in Synthesis Report" option in "Analysis and Synthesis Settings -> More Settings" to "Off".


+-----------------------------------------------------------------------------+
; Parameter Settings for User Entity Instance: Banco_de_Registradores:comb_10 ;
+----------------+-------+----------------------------------------------------+
; Parameter Name ; Value ; Type                                               ;
+----------------+-------+----------------------------------------------------+
; N              ; 4     ; Signed Integer                                     ;
+----------------+-------+----------------------------------------------------+
Note: In order to hide this table in the UI and the text report file, please set the "Show Parameter Settings in Synthesis Report" option in "Analysis and Synthesis Settings -> More Settings" to "Off".


+------------------------------------------------------------------------+
; Parameter Settings for User Entity Instance: Memoria_Principal:comb_47 ;
+----------------+-------+-----------------------------------------------+
; Parameter Name ; Value ; Type                                          ;
+----------------+-------+-----------------------------------------------+
; DATA_WIDTH     ; 32    ; Signed Integer                                ;
; ADDR_WIDTH     ; 9     ; Signed Integer                                ;
; DEPTH          ; 258   ; Signed Integer                                ;
+----------------+-------+-----------------------------------------------+
Note: In order to hide this table in the UI and the text report file, please set the "Show Parameter Settings in Synthesis Report" option in "Analysis and Synthesis Settings -> More Settings" to "Off".


+------------------------------------------------------------------------------------------------------------------------+
; Parameter Settings for Inferred Entity Instance: Memoria_Instrucoes:comb_5|altsyncram:rom_rtl_0                        ;
+------------------------------------+------------------------------------------------------------------+----------------+
; Parameter Name                     ; Value                                                            ; Type           ;
+------------------------------------+------------------------------------------------------------------+----------------+
; BYTE_SIZE_BLOCK                    ; 8                                                                ; Untyped        ;
; AUTO_CARRY_CHAINS                  ; ON                                                               ; AUTO_CARRY     ;
; IGNORE_CARRY_BUFFERS               ; OFF                                                              ; IGNORE_CARRY   ;
; AUTO_CASCADE_CHAINS                ; ON                                                               ; AUTO_CASCADE   ;
; IGNORE_CASCADE_BUFFERS             ; OFF                                                              ; IGNORE_CASCADE ;
; WIDTH_BYTEENA                      ; 1                                                                ; Untyped        ;
; OPERATION_MODE                     ; ROM                                                              ; Untyped        ;
; WIDTH_A                            ; 32                                                               ; Untyped        ;
; WIDTHAD_A                          ; 9                                                                ; Untyped        ;
; NUMWORDS_A                         ; 258                                                              ; Untyped        ;
; OUTDATA_REG_A                      ; UNREGISTERED                                                     ; Untyped        ;
; ADDRESS_ACLR_A                     ; NONE                                                             ; Untyped        ;
; OUTDATA_ACLR_A                     ; NONE                                                             ; Untyped        ;
; WRCONTROL_ACLR_A                   ; NONE                                                             ; Untyped        ;
; INDATA_ACLR_A                      ; NONE                                                             ; Untyped        ;
; BYTEENA_ACLR_A                     ; NONE                                                             ; Untyped        ;
; WIDTH_B                            ; 1                                                                ; Untyped        ;
; WIDTHAD_B                          ; 1                                                                ; Untyped        ;
; NUMWORDS_B                         ; 1                                                                ; Untyped        ;
; INDATA_REG_B                       ; CLOCK1                                                           ; Untyped        ;
; WRCONTROL_WRADDRESS_REG_B          ; CLOCK1                                                           ; Untyped        ;
; RDCONTROL_REG_B                    ; CLOCK1                                                           ; Untyped        ;
; ADDRESS_REG_B                      ; CLOCK1                                                           ; Untyped        ;
; OUTDATA_REG_B                      ; UNREGISTERED                                                     ; Untyped        ;
; BYTEENA_REG_B                      ; CLOCK1                                                           ; Untyped        ;
; INDATA_ACLR_B                      ; NONE                                                             ; Untyped        ;
; WRCONTROL_ACLR_B                   ; NONE                                                             ; Untyped        ;
; ADDRESS_ACLR_B                     ; NONE                                                             ; Untyped        ;
; OUTDATA_ACLR_B                     ; NONE                                                             ; Untyped        ;
; RDCONTROL_ACLR_B                   ; NONE                                                             ; Untyped        ;
; BYTEENA_ACLR_B                     ; NONE                                                             ; Untyped        ;
; WIDTH_BYTEENA_A                    ; 1                                                                ; Untyped        ;
; WIDTH_BYTEENA_B                    ; 1                                                                ; Untyped        ;
; RAM_BLOCK_TYPE                     ; AUTO                                                             ; Untyped        ;
; BYTE_SIZE                          ; 8                                                                ; Untyped        ;
; READ_DURING_WRITE_MODE_MIXED_PORTS ; DONT_CARE                                                        ; Untyped        ;
; READ_DURING_WRITE_MODE_PORT_A      ; NEW_DATA_NO_NBE_READ                                             ; Untyped        ;
; READ_DURING_WRITE_MODE_PORT_B      ; NEW_DATA_NO_NBE_READ                                             ; Untyped        ;
; INIT_FILE                          ; db/Processador_Completo.ram0_Memoria_Instrucoes_9b3481b3.hdl.mif ; Untyped        ;
; INIT_FILE_LAYOUT                   ; PORT_A                                                           ; Untyped        ;
; MAXIMUM_DEPTH                      ; 0                                                                ; Untyped        ;
; CLOCK_ENABLE_INPUT_A               ; NORMAL                                                           ; Untyped        ;
; CLOCK_ENABLE_INPUT_B               ; NORMAL                                                           ; Untyped        ;
; CLOCK_ENABLE_OUTPUT_A              ; NORMAL                                                           ; Untyped        ;
; CLOCK_ENABLE_OUTPUT_B              ; NORMAL                                                           ; Untyped        ;
; CLOCK_ENABLE_CORE_A                ; USE_INPUT_CLKEN                                                  ; Untyped        ;
; CLOCK_ENABLE_CORE_B                ; USE_INPUT_CLKEN                                                  ; Untyped        ;
; ENABLE_ECC                         ; FALSE                                                            ; Untyped        ;
; ECC_PIPELINE_STAGE_ENABLED         ; FALSE                                                            ; Untyped        ;
; WIDTH_ECCSTATUS                    ; 3                                                                ; Untyped        ;
; DEVICE_FAMILY                      ; Cyclone IV E                                                     ; Untyped        ;
; CBXI_PARAMETER                     ; altsyncram_lf91                                                  ; Untyped        ;
+------------------------------------+------------------------------------------------------------------+----------------+
Note: In order to hide this table in the UI and the text report file, please set the "Show Parameter Settings in Synthesis Report" option in "Analysis and Synthesis Settings -> More Settings" to "Off".


+-------------------------------------------------------------------------------------------------+
; Parameter Settings for Inferred Entity Instance: Memoria_Principal:comb_47|altsyncram:ram_rtl_0 ;
+------------------------------------+----------------------+-------------------------------------+
; Parameter Name                     ; Value                ; Type                                ;
+------------------------------------+----------------------+-------------------------------------+
; BYTE_SIZE_BLOCK                    ; 8                    ; Untyped                             ;
; AUTO_CARRY_CHAINS                  ; ON                   ; AUTO_CARRY                          ;
; IGNORE_CARRY_BUFFERS               ; OFF                  ; IGNORE_CARRY                        ;
; AUTO_CASCADE_CHAINS                ; ON                   ; AUTO_CASCADE                        ;
; IGNORE_CASCADE_BUFFERS             ; OFF                  ; IGNORE_CASCADE                      ;
; WIDTH_BYTEENA                      ; 1                    ; Untyped                             ;
; OPERATION_MODE                     ; SINGLE_PORT          ; Untyped                             ;
; WIDTH_A                            ; 32                   ; Untyped                             ;
; WIDTHAD_A                          ; 9                    ; Untyped                             ;
; NUMWORDS_A                         ; 258                  ; Untyped                             ;
; OUTDATA_REG_A                      ; UNREGISTERED         ; Untyped                             ;
; ADDRESS_ACLR_A                     ; NONE                 ; Untyped                             ;
; OUTDATA_ACLR_A                     ; NONE                 ; Untyped                             ;
; WRCONTROL_ACLR_A                   ; NONE                 ; Untyped                             ;
; INDATA_ACLR_A                      ; NONE                 ; Untyped                             ;
; BYTEENA_ACLR_A                     ; NONE                 ; Untyped                             ;
; WIDTH_B                            ; 1                    ; Untyped                             ;
; WIDTHAD_B                          ; 1                    ; Untyped                             ;
; NUMWORDS_B                         ; 1                    ; Untyped                             ;
; INDATA_REG_B                       ; CLOCK1               ; Untyped                             ;
; WRCONTROL_WRADDRESS_REG_B          ; CLOCK1               ; Untyped                             ;
; RDCONTROL_REG_B                    ; CLOCK1               ; Untyped                             ;
; ADDRESS_REG_B                      ; CLOCK1               ; Untyped                             ;
; OUTDATA_REG_B                      ; UNREGISTERED         ; Untyped                             ;
; BYTEENA_REG_B                      ; CLOCK1               ; Untyped                             ;
; INDATA_ACLR_B                      ; NONE                 ; Untyped                             ;
; WRCONTROL_ACLR_B                   ; NONE                 ; Untyped                             ;
; ADDRESS_ACLR_B                     ; NONE                 ; Untyped                             ;
; OUTDATA_ACLR_B                     ; NONE                 ; Untyped                             ;
; RDCONTROL_ACLR_B                   ; NONE                 ; Untyped                             ;
; BYTEENA_ACLR_B                     ; NONE                 ; Untyped                             ;
; WIDTH_BYTEENA_A                    ; 1                    ; Untyped                             ;
; WIDTH_BYTEENA_B                    ; 1                    ; Untyped                             ;
; RAM_BLOCK_TYPE                     ; AUTO                 ; Untyped                             ;
; BYTE_SIZE                          ; 8                    ; Untyped                             ;
; READ_DURING_WRITE_MODE_MIXED_PORTS ; DONT_CARE            ; Untyped                             ;
; READ_DURING_WRITE_MODE_PORT_A      ; OLD_DATA             ; Untyped                             ;
; READ_DURING_WRITE_MODE_PORT_B      ; NEW_DATA_NO_NBE_READ ; Untyped                             ;
; INIT_FILE                          ; UNUSED               ; Untyped                             ;
; INIT_FILE_LAYOUT                   ; PORT_A               ; Untyped                             ;
; MAXIMUM_DEPTH                      ; 0                    ; Untyped                             ;
; CLOCK_ENABLE_INPUT_A               ; NORMAL               ; Untyped                             ;
; CLOCK_ENABLE_INPUT_B               ; NORMAL               ; Untyped                             ;
; CLOCK_ENABLE_OUTPUT_A              ; NORMAL               ; Untyped                             ;
; CLOCK_ENABLE_OUTPUT_B              ; NORMAL               ; Untyped                             ;
; CLOCK_ENABLE_CORE_A                ; USE_INPUT_CLKEN      ; Untyped                             ;
; CLOCK_ENABLE_CORE_B                ; USE_INPUT_CLKEN      ; Untyped                             ;
; ENABLE_ECC                         ; FALSE                ; Untyped                             ;
; ECC_PIPELINE_STAGE_ENABLED         ; FALSE                ; Untyped                             ;
; WIDTH_ECCSTATUS                    ; 3                    ; Untyped                             ;
; DEVICE_FAMILY                      ; Cyclone IV E         ; Untyped                             ;
; CBXI_PARAMETER                     ; altsyncram_ud81      ; Untyped                             ;
+------------------------------------+----------------------+-------------------------------------+
Note: In order to hide this table in the UI and the text report file, please set the "Show Parameter Settings in Synthesis Report" option in "Analysis and Synthesis Settings -> More Settings" to "Off".


+-------------------------------------------------------------------------------------------------+
; Parameter Settings for Inferred Entity Instance: Modulo_Entrada_E_Saida:comb_49|lpm_divide:Mod0 ;
+------------------------+----------------+-------------------------------------------------------+
; Parameter Name         ; Value          ; Type                                                  ;
+------------------------+----------------+-------------------------------------------------------+
; LPM_WIDTHN             ; 32             ; Untyped                                               ;
; LPM_WIDTHD             ; 4              ; Untyped                                               ;
; LPM_NREPRESENTATION    ; UNSIGNED       ; Untyped                                               ;
; LPM_DREPRESENTATION    ; UNSIGNED       ; Untyped                                               ;
; LPM_PIPELINE           ; 0              ; Untyped                                               ;
; LPM_REMAINDERPOSITIVE  ; TRUE           ; Untyped                                               ;
; MAXIMIZE_SPEED         ; 5              ; Untyped                                               ;
; CBXI_PARAMETER         ; lpm_divide_3bm ; Untyped                                               ;
; CARRY_CHAIN            ; MANUAL         ; Untyped                                               ;
; OPTIMIZE_FOR_SPEED     ; 5              ; Untyped                                               ;
; AUTO_CARRY_CHAINS      ; ON             ; AUTO_CARRY                                            ;
; IGNORE_CARRY_BUFFERS   ; OFF            ; IGNORE_CARRY                                          ;
; AUTO_CASCADE_CHAINS    ; ON             ; AUTO_CASCADE                                          ;
; IGNORE_CASCADE_BUFFERS ; OFF            ; IGNORE_CASCADE                                        ;
+------------------------+----------------+-------------------------------------------------------+
Note: In order to hide this table in the UI and the text report file, please set the "Show Parameter Settings in Synthesis Report" option in "Analysis and Synthesis Settings -> More Settings" to "Off".


+-------------------------------------------------------------------------------------------------+
; Parameter Settings for Inferred Entity Instance: Modulo_Entrada_E_Saida:comb_49|lpm_divide:Div0 ;
+------------------------+----------------+-------------------------------------------------------+
; Parameter Name         ; Value          ; Type                                                  ;
+------------------------+----------------+-------------------------------------------------------+
; LPM_WIDTHN             ; 32             ; Untyped                                               ;
; LPM_WIDTHD             ; 4              ; Untyped                                               ;
; LPM_NREPRESENTATION    ; UNSIGNED       ; Untyped                                               ;
; LPM_DREPRESENTATION    ; UNSIGNED       ; Untyped                                               ;
; LPM_PIPELINE           ; 0              ; Untyped                                               ;
; LPM_REMAINDERPOSITIVE  ; TRUE           ; Untyped                                               ;
; MAXIMIZE_SPEED         ; 5              ; Untyped                                               ;
; CBXI_PARAMETER         ; lpm_divide_0jm ; Untyped                                               ;
; CARRY_CHAIN            ; MANUAL         ; Untyped                                               ;
; OPTIMIZE_FOR_SPEED     ; 5              ; Untyped                                               ;
; AUTO_CARRY_CHAINS      ; ON             ; AUTO_CARRY                                            ;
; IGNORE_CARRY_BUFFERS   ; OFF            ; IGNORE_CARRY                                          ;
; AUTO_CASCADE_CHAINS    ; ON             ; AUTO_CASCADE                                          ;
; IGNORE_CASCADE_BUFFERS ; OFF            ; IGNORE_CASCADE                                        ;
+------------------------+----------------+-------------------------------------------------------+
Note: In order to hide this table in the UI and the text report file, please set the "Show Parameter Settings in Synthesis Report" option in "Analysis and Synthesis Settings -> More Settings" to "Off".


+-------------------------------------------------------------------------------------------------+
; Parameter Settings for Inferred Entity Instance: Modulo_Entrada_E_Saida:comb_49|lpm_divide:Mod1 ;
+------------------------+----------------+-------------------------------------------------------+
; Parameter Name         ; Value          ; Type                                                  ;
+------------------------+----------------+-------------------------------------------------------+
; LPM_WIDTHN             ; 32             ; Untyped                                               ;
; LPM_WIDTHD             ; 4              ; Untyped                                               ;
; LPM_NREPRESENTATION    ; UNSIGNED       ; Untyped                                               ;
; LPM_DREPRESENTATION    ; UNSIGNED       ; Untyped                                               ;
; LPM_PIPELINE           ; 0              ; Untyped                                               ;
; LPM_REMAINDERPOSITIVE  ; TRUE           ; Untyped                                               ;
; MAXIMIZE_SPEED         ; 5              ; Untyped                                               ;
; CBXI_PARAMETER         ; lpm_divide_3bm ; Untyped                                               ;
; CARRY_CHAIN            ; MANUAL         ; Untyped                                               ;
; OPTIMIZE_FOR_SPEED     ; 5              ; Untyped                                               ;
; AUTO_CARRY_CHAINS      ; ON             ; AUTO_CARRY                                            ;
; IGNORE_CARRY_BUFFERS   ; OFF            ; IGNORE_CARRY                                          ;
; AUTO_CASCADE_CHAINS    ; ON             ; AUTO_CASCADE                                          ;
; IGNORE_CASCADE_BUFFERS ; OFF            ; IGNORE_CASCADE                                        ;
+------------------------+----------------+-------------------------------------------------------+
Note: In order to hide this table in the UI and the text report file, please set the "Show Parameter Settings in Synthesis Report" option in "Analysis and Synthesis Settings -> More Settings" to "Off".


+-------------------------------------------------------------------------------------------------+
; Parameter Settings for Inferred Entity Instance: Modulo_Entrada_E_Saida:comb_49|lpm_divide:Div1 ;
+------------------------+----------------+-------------------------------------------------------+
; Parameter Name         ; Value          ; Type                                                  ;
+------------------------+----------------+-------------------------------------------------------+
; LPM_WIDTHN             ; 32             ; Untyped                                               ;
; LPM_WIDTHD             ; 7              ; Untyped                                               ;
; LPM_NREPRESENTATION    ; UNSIGNED       ; Untyped                                               ;
; LPM_DREPRESENTATION    ; UNSIGNED       ; Untyped                                               ;
; LPM_PIPELINE           ; 0              ; Untyped                                               ;
; LPM_REMAINDERPOSITIVE  ; TRUE           ; Untyped                                               ;
; MAXIMIZE_SPEED         ; 5              ; Untyped                                               ;
; CBXI_PARAMETER         ; lpm_divide_3jm ; Untyped                                               ;
; CARRY_CHAIN            ; MANUAL         ; Untyped                                               ;
; OPTIMIZE_FOR_SPEED     ; 5              ; Untyped                                               ;
; AUTO_CARRY_CHAINS      ; ON             ; AUTO_CARRY                                            ;
; IGNORE_CARRY_BUFFERS   ; OFF            ; IGNORE_CARRY                                          ;
; AUTO_CASCADE_CHAINS    ; ON             ; AUTO_CASCADE                                          ;
; IGNORE_CASCADE_BUFFERS ; OFF            ; IGNORE_CASCADE                                        ;
+------------------------+----------------+-------------------------------------------------------+
Note: In order to hide this table in the UI and the text report file, please set the "Show Parameter Settings in Synthesis Report" option in "Analysis and Synthesis Settings -> More Settings" to "Off".


+-------------------------------------------------------------------------------------------------+
; Parameter Settings for Inferred Entity Instance: Modulo_Entrada_E_Saida:comb_49|lpm_divide:Mod2 ;
+------------------------+----------------+-------------------------------------------------------+
; Parameter Name         ; Value          ; Type                                                  ;
+------------------------+----------------+-------------------------------------------------------+
; LPM_WIDTHN             ; 32             ; Untyped                                               ;
; LPM_WIDTHD             ; 4              ; Untyped                                               ;
; LPM_NREPRESENTATION    ; UNSIGNED       ; Untyped                                               ;
; LPM_DREPRESENTATION    ; UNSIGNED       ; Untyped                                               ;
; LPM_PIPELINE           ; 0              ; Untyped                                               ;
; LPM_REMAINDERPOSITIVE  ; TRUE           ; Untyped                                               ;
; MAXIMIZE_SPEED         ; 5              ; Untyped                                               ;
; CBXI_PARAMETER         ; lpm_divide_3bm ; Untyped                                               ;
; CARRY_CHAIN            ; MANUAL         ; Untyped                                               ;
; OPTIMIZE_FOR_SPEED     ; 5              ; Untyped                                               ;
; AUTO_CARRY_CHAINS      ; ON             ; AUTO_CARRY                                            ;
; IGNORE_CARRY_BUFFERS   ; OFF            ; IGNORE_CARRY                                          ;
; AUTO_CASCADE_CHAINS    ; ON             ; AUTO_CASCADE                                          ;
; IGNORE_CASCADE_BUFFERS ; OFF            ; IGNORE_CASCADE                                        ;
+------------------------+----------------+-------------------------------------------------------+
Note: In order to hide this table in the UI and the text report file, please set the "Show Parameter Settings in Synthesis Report" option in "Analysis and Synthesis Settings -> More Settings" to "Off".


+-------------------------------------------------------------------------------------------------+
; Parameter Settings for Inferred Entity Instance: Modulo_Entrada_E_Saida:comb_49|lpm_divide:Div2 ;
+------------------------+----------------+-------------------------------------------------------+
; Parameter Name         ; Value          ; Type                                                  ;
+------------------------+----------------+-------------------------------------------------------+
; LPM_WIDTHN             ; 32             ; Untyped                                               ;
; LPM_WIDTHD             ; 10             ; Untyped                                               ;
; LPM_NREPRESENTATION    ; UNSIGNED       ; Untyped                                               ;
; LPM_DREPRESENTATION    ; UNSIGNED       ; Untyped                                               ;
; LPM_PIPELINE           ; 0              ; Untyped                                               ;
; LPM_REMAINDERPOSITIVE  ; TRUE           ; Untyped                                               ;
; MAXIMIZE_SPEED         ; 5              ; Untyped                                               ;
; CBXI_PARAMETER         ; lpm_divide_dkm ; Untyped                                               ;
; CARRY_CHAIN            ; MANUAL         ; Untyped                                               ;
; OPTIMIZE_FOR_SPEED     ; 5              ; Untyped                                               ;
; AUTO_CARRY_CHAINS      ; ON             ; AUTO_CARRY                                            ;
; IGNORE_CARRY_BUFFERS   ; OFF            ; IGNORE_CARRY                                          ;
; AUTO_CASCADE_CHAINS    ; ON             ; AUTO_CASCADE                                          ;
; IGNORE_CASCADE_BUFFERS ; OFF            ; IGNORE_CASCADE                                        ;
+------------------------+----------------+-------------------------------------------------------+
Note: In order to hide this table in the UI and the text report file, please set the "Show Parameter Settings in Synthesis Report" option in "Analysis and Synthesis Settings -> More Settings" to "Off".


+-------------------------------------------------------------------------------------------------+
; Parameter Settings for Inferred Entity Instance: Modulo_Entrada_E_Saida:comb_49|lpm_divide:Mod3 ;
+------------------------+----------------+-------------------------------------------------------+
; Parameter Name         ; Value          ; Type                                                  ;
+------------------------+----------------+-------------------------------------------------------+
; LPM_WIDTHN             ; 32             ; Untyped                                               ;
; LPM_WIDTHD             ; 4              ; Untyped                                               ;
; LPM_NREPRESENTATION    ; UNSIGNED       ; Untyped                                               ;
; LPM_DREPRESENTATION    ; UNSIGNED       ; Untyped                                               ;
; LPM_PIPELINE           ; 0              ; Untyped                                               ;
; LPM_REMAINDERPOSITIVE  ; TRUE           ; Untyped                                               ;
; MAXIMIZE_SPEED         ; 5              ; Untyped                                               ;
; CBXI_PARAMETER         ; lpm_divide_3bm ; Untyped                                               ;
; CARRY_CHAIN            ; MANUAL         ; Untyped                                               ;
; OPTIMIZE_FOR_SPEED     ; 5              ; Untyped                                               ;
; AUTO_CARRY_CHAINS      ; ON             ; AUTO_CARRY                                            ;
; IGNORE_CARRY_BUFFERS   ; OFF            ; IGNORE_CARRY                                          ;
; AUTO_CASCADE_CHAINS    ; ON             ; AUTO_CASCADE                                          ;
; IGNORE_CASCADE_BUFFERS ; OFF            ; IGNORE_CASCADE                                        ;
+------------------------+----------------+-------------------------------------------------------+
Note: In order to hide this table in the UI and the text report file, please set the "Show Parameter Settings in Synthesis Report" option in "Analysis and Synthesis Settings -> More Settings" to "Off".


+-------------------------------------------------------------------------------------------------+
; Parameter Settings for Inferred Entity Instance: Modulo_Entrada_E_Saida:comb_49|lpm_divide:Div3 ;
+------------------------+----------------+-------------------------------------------------------+
; Parameter Name         ; Value          ; Type                                                  ;
+------------------------+----------------+-------------------------------------------------------+
; LPM_WIDTHN             ; 32             ; Untyped                                               ;
; LPM_WIDTHD             ; 14             ; Untyped                                               ;
; LPM_NREPRESENTATION    ; UNSIGNED       ; Untyped                                               ;
; LPM_DREPRESENTATION    ; UNSIGNED       ; Untyped                                               ;
; LPM_PIPELINE           ; 0              ; Untyped                                               ;
; LPM_REMAINDERPOSITIVE  ; TRUE           ; Untyped                                               ;
; MAXIMIZE_SPEED         ; 5              ; Untyped                                               ;
; CBXI_PARAMETER         ; lpm_divide_hkm ; Untyped                                               ;
; CARRY_CHAIN            ; MANUAL         ; Untyped                                               ;
; OPTIMIZE_FOR_SPEED     ; 5              ; Untyped                                               ;
; AUTO_CARRY_CHAINS      ; ON             ; AUTO_CARRY                                            ;
; IGNORE_CARRY_BUFFERS   ; OFF            ; IGNORE_CARRY                                          ;
; AUTO_CASCADE_CHAINS    ; ON             ; AUTO_CASCADE                                          ;
; IGNORE_CASCADE_BUFFERS ; OFF            ; IGNORE_CASCADE                                        ;
+------------------------+----------------+-------------------------------------------------------+
Note: In order to hide this table in the UI and the text report file, please set the "Show Parameter Settings in Synthesis Report" option in "Analysis and Synthesis Settings -> More Settings" to "Off".


+-------------------------------------------------------------------------------------------------+
; Parameter Settings for Inferred Entity Instance: Modulo_Entrada_E_Saida:comb_49|lpm_divide:Mod4 ;
+------------------------+----------------+-------------------------------------------------------+
; Parameter Name         ; Value          ; Type                                                  ;
+------------------------+----------------+-------------------------------------------------------+
; LPM_WIDTHN             ; 32             ; Untyped                                               ;
; LPM_WIDTHD             ; 4              ; Untyped                                               ;
; LPM_NREPRESENTATION    ; UNSIGNED       ; Untyped                                               ;
; LPM_DREPRESENTATION    ; UNSIGNED       ; Untyped                                               ;
; LPM_PIPELINE           ; 0              ; Untyped                                               ;
; LPM_REMAINDERPOSITIVE  ; TRUE           ; Untyped                                               ;
; MAXIMIZE_SPEED         ; 5              ; Untyped                                               ;
; CBXI_PARAMETER         ; lpm_divide_3bm ; Untyped                                               ;
; CARRY_CHAIN            ; MANUAL         ; Untyped                                               ;
; OPTIMIZE_FOR_SPEED     ; 5              ; Untyped                                               ;
; AUTO_CARRY_CHAINS      ; ON             ; AUTO_CARRY                                            ;
; IGNORE_CARRY_BUFFERS   ; OFF            ; IGNORE_CARRY                                          ;
; AUTO_CASCADE_CHAINS    ; ON             ; AUTO_CASCADE                                          ;
; IGNORE_CASCADE_BUFFERS ; OFF            ; IGNORE_CASCADE                                        ;
+------------------------+----------------+-------------------------------------------------------+
Note: In order to hide this table in the UI and the text report file, please set the "Show Parameter Settings in Synthesis Report" option in "Analysis and Synthesis Settings -> More Settings" to "Off".


+-------------------------------------------------------------------------------------------------+
; Parameter Settings for Inferred Entity Instance: Modulo_Entrada_E_Saida:comb_49|lpm_divide:Div4 ;
+------------------------+----------------+-------------------------------------------------------+
; Parameter Name         ; Value          ; Type                                                  ;
+------------------------+----------------+-------------------------------------------------------+
; LPM_WIDTHN             ; 32             ; Untyped                                               ;
; LPM_WIDTHD             ; 17             ; Untyped                                               ;
; LPM_NREPRESENTATION    ; UNSIGNED       ; Untyped                                               ;
; LPM_DREPRESENTATION    ; UNSIGNED       ; Untyped                                               ;
; LPM_PIPELINE           ; 0              ; Untyped                                               ;
; LPM_REMAINDERPOSITIVE  ; TRUE           ; Untyped                                               ;
; MAXIMIZE_SPEED         ; 5              ; Untyped                                               ;
; CBXI_PARAMETER         ; lpm_divide_kkm ; Untyped                                               ;
; CARRY_CHAIN            ; MANUAL         ; Untyped                                               ;
; OPTIMIZE_FOR_SPEED     ; 5              ; Untyped                                               ;
; AUTO_CARRY_CHAINS      ; ON             ; AUTO_CARRY                                            ;
; IGNORE_CARRY_BUFFERS   ; OFF            ; IGNORE_CARRY                                          ;
; AUTO_CASCADE_CHAINS    ; ON             ; AUTO_CASCADE                                          ;
; IGNORE_CASCADE_BUFFERS ; OFF            ; IGNORE_CASCADE                                        ;
+------------------------+----------------+-------------------------------------------------------+
Note: In order to hide this table in the UI and the text report file, please set the "Show Parameter Settings in Synthesis Report" option in "Analysis and Synthesis Settings -> More Settings" to "Off".


+-------------------------------------------------------------------------------------------------+
; Parameter Settings for Inferred Entity Instance: Modulo_Entrada_E_Saida:comb_49|lpm_divide:Mod5 ;
+------------------------+----------------+-------------------------------------------------------+
; Parameter Name         ; Value          ; Type                                                  ;
+------------------------+----------------+-------------------------------------------------------+
; LPM_WIDTHN             ; 32             ; Untyped                                               ;
; LPM_WIDTHD             ; 4              ; Untyped                                               ;
; LPM_NREPRESENTATION    ; UNSIGNED       ; Untyped                                               ;
; LPM_DREPRESENTATION    ; UNSIGNED       ; Untyped                                               ;
; LPM_PIPELINE           ; 0              ; Untyped                                               ;
; LPM_REMAINDERPOSITIVE  ; TRUE           ; Untyped                                               ;
; MAXIMIZE_SPEED         ; 5              ; Untyped                                               ;
; CBXI_PARAMETER         ; lpm_divide_3bm ; Untyped                                               ;
; CARRY_CHAIN            ; MANUAL         ; Untyped                                               ;
; OPTIMIZE_FOR_SPEED     ; 5              ; Untyped                                               ;
; AUTO_CARRY_CHAINS      ; ON             ; AUTO_CARRY                                            ;
; IGNORE_CARRY_BUFFERS   ; OFF            ; IGNORE_CARRY                                          ;
; AUTO_CASCADE_CHAINS    ; ON             ; AUTO_CASCADE                                          ;
; IGNORE_CASCADE_BUFFERS ; OFF            ; IGNORE_CASCADE                                        ;
+------------------------+----------------+-------------------------------------------------------+
Note: In order to hide this table in the UI and the text report file, please set the "Show Parameter Settings in Synthesis Report" option in "Analysis and Synthesis Settings -> More Settings" to "Off".


+-------------------------------------------------------------------------------------------------+
; Parameter Settings for Inferred Entity Instance: Modulo_Entrada_E_Saida:comb_49|lpm_divide:Div5 ;
+------------------------+----------------+-------------------------------------------------------+
; Parameter Name         ; Value          ; Type                                                  ;
+------------------------+----------------+-------------------------------------------------------+
; LPM_WIDTHN             ; 32             ; Untyped                                               ;
; LPM_WIDTHD             ; 20             ; Untyped                                               ;
; LPM_NREPRESENTATION    ; UNSIGNED       ; Untyped                                               ;
; LPM_DREPRESENTATION    ; UNSIGNED       ; Untyped                                               ;
; LPM_PIPELINE           ; 0              ; Untyped                                               ;
; LPM_REMAINDERPOSITIVE  ; TRUE           ; Untyped                                               ;
; MAXIMIZE_SPEED         ; 5              ; Untyped                                               ;
; CBXI_PARAMETER         ; lpm_divide_ekm ; Untyped                                               ;
; CARRY_CHAIN            ; MANUAL         ; Untyped                                               ;
; OPTIMIZE_FOR_SPEED     ; 5              ; Untyped                                               ;
; AUTO_CARRY_CHAINS      ; ON             ; AUTO_CARRY                                            ;
; IGNORE_CARRY_BUFFERS   ; OFF            ; IGNORE_CARRY                                          ;
; AUTO_CASCADE_CHAINS    ; ON             ; AUTO_CASCADE                                          ;
; IGNORE_CASCADE_BUFFERS ; OFF            ; IGNORE_CASCADE                                        ;
+------------------------+----------------+-------------------------------------------------------+
Note: In order to hide this table in the UI and the text report file, please set the "Show Parameter Settings in Synthesis Report" option in "Analysis and Synthesis Settings -> More Settings" to "Off".


+-------------------------------------------------------------------------------------------------+
; Parameter Settings for Inferred Entity Instance: Modulo_Entrada_E_Saida:comb_49|lpm_divide:Mod6 ;
+------------------------+----------------+-------------------------------------------------------+
; Parameter Name         ; Value          ; Type                                                  ;
+------------------------+----------------+-------------------------------------------------------+
; LPM_WIDTHN             ; 32             ; Untyped                                               ;
; LPM_WIDTHD             ; 4              ; Untyped                                               ;
; LPM_NREPRESENTATION    ; UNSIGNED       ; Untyped                                               ;
; LPM_DREPRESENTATION    ; UNSIGNED       ; Untyped                                               ;
; LPM_PIPELINE           ; 0              ; Untyped                                               ;
; LPM_REMAINDERPOSITIVE  ; TRUE           ; Untyped                                               ;
; MAXIMIZE_SPEED         ; 5              ; Untyped                                               ;
; CBXI_PARAMETER         ; lpm_divide_3bm ; Untyped                                               ;
; CARRY_CHAIN            ; MANUAL         ; Untyped                                               ;
; OPTIMIZE_FOR_SPEED     ; 5              ; Untyped                                               ;
; AUTO_CARRY_CHAINS      ; ON             ; AUTO_CARRY                                            ;
; IGNORE_CARRY_BUFFERS   ; OFF            ; IGNORE_CARRY                                          ;
; AUTO_CASCADE_CHAINS    ; ON             ; AUTO_CASCADE                                          ;
; IGNORE_CASCADE_BUFFERS ; OFF            ; IGNORE_CASCADE                                        ;
+------------------------+----------------+-------------------------------------------------------+
Note: In order to hide this table in the UI and the text report file, please set the "Show Parameter Settings in Synthesis Report" option in "Analysis and Synthesis Settings -> More Settings" to "Off".


+-------------------------------------------------------------------------------------------------+
; Parameter Settings for Inferred Entity Instance: Modulo_Entrada_E_Saida:comb_49|lpm_divide:Div6 ;
+------------------------+----------------+-------------------------------------------------------+
; Parameter Name         ; Value          ; Type                                                  ;
+------------------------+----------------+-------------------------------------------------------+
; LPM_WIDTHN             ; 32             ; Untyped                                               ;
; LPM_WIDTHD             ; 24             ; Untyped                                               ;
; LPM_NREPRESENTATION    ; UNSIGNED       ; Untyped                                               ;
; LPM_DREPRESENTATION    ; UNSIGNED       ; Untyped                                               ;
; LPM_PIPELINE           ; 0              ; Untyped                                               ;
; LPM_REMAINDERPOSITIVE  ; TRUE           ; Untyped                                               ;
; MAXIMIZE_SPEED         ; 5              ; Untyped                                               ;
; CBXI_PARAMETER         ; lpm_divide_ikm ; Untyped                                               ;
; CARRY_CHAIN            ; MANUAL         ; Untyped                                               ;
; OPTIMIZE_FOR_SPEED     ; 5              ; Untyped                                               ;
; AUTO_CARRY_CHAINS      ; ON             ; AUTO_CARRY                                            ;
; IGNORE_CARRY_BUFFERS   ; OFF            ; IGNORE_CARRY                                          ;
; AUTO_CASCADE_CHAINS    ; ON             ; AUTO_CASCADE                                          ;
; IGNORE_CASCADE_BUFFERS ; OFF            ; IGNORE_CASCADE                                        ;
+------------------------+----------------+-------------------------------------------------------+
Note: In order to hide this table in the UI and the text report file, please set the "Show Parameter Settings in Synthesis Report" option in "Analysis and Synthesis Settings -> More Settings" to "Off".


+-------------------------------------------------------------------------------------------------+
; Parameter Settings for Inferred Entity Instance: Modulo_Entrada_E_Saida:comb_49|lpm_divide:Mod7 ;
+------------------------+----------------+-------------------------------------------------------+
; Parameter Name         ; Value          ; Type                                                  ;
+------------------------+----------------+-------------------------------------------------------+
; LPM_WIDTHN             ; 32             ; Untyped                                               ;
; LPM_WIDTHD             ; 4              ; Untyped                                               ;
; LPM_NREPRESENTATION    ; UNSIGNED       ; Untyped                                               ;
; LPM_DREPRESENTATION    ; UNSIGNED       ; Untyped                                               ;
; LPM_PIPELINE           ; 0              ; Untyped                                               ;
; LPM_REMAINDERPOSITIVE  ; TRUE           ; Untyped                                               ;
; MAXIMIZE_SPEED         ; 5              ; Untyped                                               ;
; CBXI_PARAMETER         ; lpm_divide_3bm ; Untyped                                               ;
; CARRY_CHAIN            ; MANUAL         ; Untyped                                               ;
; OPTIMIZE_FOR_SPEED     ; 5              ; Untyped                                               ;
; AUTO_CARRY_CHAINS      ; ON             ; AUTO_CARRY                                            ;
; IGNORE_CARRY_BUFFERS   ; OFF            ; IGNORE_CARRY                                          ;
; AUTO_CASCADE_CHAINS    ; ON             ; AUTO_CASCADE                                          ;
; IGNORE_CASCADE_BUFFERS ; OFF            ; IGNORE_CASCADE                                        ;
+------------------------+----------------+-------------------------------------------------------+
Note: In order to hide this table in the UI and the text report file, please set the "Show Parameter Settings in Synthesis Report" option in "Analysis and Synthesis Settings -> More Settings" to "Off".


+------------------------------------------------------------------------------+
; Parameter Settings for Inferred Entity Instance: ULA:comb_44|lpm_divide:Div0 ;
+------------------------+----------------+------------------------------------+
; Parameter Name         ; Value          ; Type                               ;
+------------------------+----------------+------------------------------------+
; LPM_WIDTHN             ; 32             ; Untyped                            ;
; LPM_WIDTHD             ; 32             ; Untyped                            ;
; LPM_NREPRESENTATION    ; UNSIGNED       ; Untyped                            ;
; LPM_DREPRESENTATION    ; UNSIGNED       ; Untyped                            ;
; LPM_PIPELINE           ; 0              ; Untyped                            ;
; LPM_REMAINDERPOSITIVE  ; TRUE           ; Untyped                            ;
; MAXIMIZE_SPEED         ; 5              ; Untyped                            ;
; CBXI_PARAMETER         ; lpm_divide_jkm ; Untyped                            ;
; CARRY_CHAIN            ; MANUAL         ; Untyped                            ;
; OPTIMIZE_FOR_SPEED     ; 5              ; Untyped                            ;
; AUTO_CARRY_CHAINS      ; ON             ; AUTO_CARRY                         ;
; IGNORE_CARRY_BUFFERS   ; OFF            ; IGNORE_CARRY                       ;
; AUTO_CASCADE_CHAINS    ; ON             ; AUTO_CASCADE                       ;
; IGNORE_CASCADE_BUFFERS ; OFF            ; IGNORE_CASCADE                     ;
+------------------------+----------------+------------------------------------+
Note: In order to hide this table in the UI and the text report file, please set the "Show Parameter Settings in Synthesis Report" option in "Analysis and Synthesis Settings -> More Settings" to "Off".


+-------------------------------------------------------------------------------------+
; Parameter Settings for Inferred Entity Instance: ULA:comb_44|lpm_mult:Mult0         ;
+------------------------------------------------+--------------+---------------------+
; Parameter Name                                 ; Value        ; Type                ;
+------------------------------------------------+--------------+---------------------+
; AUTO_CARRY_CHAINS                              ; ON           ; AUTO_CARRY          ;
; IGNORE_CARRY_BUFFERS                           ; OFF          ; IGNORE_CARRY        ;
; AUTO_CASCADE_CHAINS                            ; ON           ; AUTO_CASCADE        ;
; IGNORE_CASCADE_BUFFERS                         ; OFF          ; IGNORE_CASCADE      ;
; LPM_WIDTHA                                     ; 32           ; Untyped             ;
; LPM_WIDTHB                                     ; 32           ; Untyped             ;
; LPM_WIDTHP                                     ; 64           ; Untyped             ;
; LPM_WIDTHR                                     ; 64           ; Untyped             ;
; LPM_WIDTHS                                     ; 1            ; Untyped             ;
; LPM_REPRESENTATION                             ; UNSIGNED     ; Untyped             ;
; LPM_PIPELINE                                   ; 0            ; Untyped             ;
; LATENCY                                        ; 0            ; Untyped             ;
; INPUT_A_IS_CONSTANT                            ; NO           ; Untyped             ;
; INPUT_B_IS_CONSTANT                            ; NO           ; Untyped             ;
; USE_EAB                                        ; OFF          ; Untyped             ;
; MAXIMIZE_SPEED                                 ; 5            ; Untyped             ;
; DEVICE_FAMILY                                  ; Cyclone IV E ; Untyped             ;
; CARRY_CHAIN                                    ; MANUAL       ; Untyped             ;
; APEX20K_TECHNOLOGY_MAPPER                      ; LUT          ; TECH_MAPPER_APEX20K ;
; DEDICATED_MULTIPLIER_CIRCUITRY                 ; AUTO         ; Untyped             ;
; DEDICATED_MULTIPLIER_MIN_INPUT_WIDTH_FOR_AUTO  ; 0            ; Untyped             ;
; DEDICATED_MULTIPLIER_MIN_OUTPUT_WIDTH_FOR_AUTO ; 0            ; Untyped             ;
; CBXI_PARAMETER                                 ; mult_7dt     ; Untyped             ;
; INPUT_A_FIXED_VALUE                            ; Bx           ; Untyped             ;
; INPUT_B_FIXED_VALUE                            ; Bx           ; Untyped             ;
; USE_AHDL_IMPLEMENTATION                        ; OFF          ; Untyped             ;
+------------------------------------------------+--------------+---------------------+
Note: In order to hide this table in the UI and the text report file, please set the "Show Parameter Settings in Synthesis Report" option in "Analysis and Synthesis Settings -> More Settings" to "Off".


+--------------------------------------------------------------------------------------------+
; altsyncram Parameter Settings by Entity Instance                                           ;
+-------------------------------------------+------------------------------------------------+
; Name                                      ; Value                                          ;
+-------------------------------------------+------------------------------------------------+
; Number of entity instances                ; 2                                              ;
; Entity Instance                           ; Memoria_Instrucoes:comb_5|altsyncram:rom_rtl_0 ;
;     -- OPERATION_MODE                     ; ROM                                            ;
;     -- WIDTH_A                            ; 32                                             ;
;     -- NUMWORDS_A                         ; 258                                            ;
;     -- OUTDATA_REG_A                      ; UNREGISTERED                                   ;
;     -- WIDTH_B                            ; 1                                              ;
;     -- NUMWORDS_B                         ; 1                                              ;
;     -- ADDRESS_REG_B                      ; CLOCK1                                         ;
;     -- OUTDATA_REG_B                      ; UNREGISTERED                                   ;
;     -- RAM_BLOCK_TYPE                     ; AUTO                                           ;
;     -- READ_DURING_WRITE_MODE_MIXED_PORTS ; DONT_CARE                                      ;
; Entity Instance                           ; Memoria_Principal:comb_47|altsyncram:ram_rtl_0 ;
;     -- OPERATION_MODE                     ; SINGLE_PORT                                    ;
;     -- WIDTH_A                            ; 32                                             ;
;     -- NUMWORDS_A                         ; 258                                            ;
;     -- OUTDATA_REG_A                      ; UNREGISTERED                                   ;
;     -- WIDTH_B                            ; 1                                              ;
;     -- NUMWORDS_B                         ; 1                                              ;
;     -- ADDRESS_REG_B                      ; CLOCK1                                         ;
;     -- OUTDATA_REG_B                      ; UNREGISTERED                                   ;
;     -- RAM_BLOCK_TYPE                     ; AUTO                                           ;
;     -- READ_DURING_WRITE_MODE_MIXED_PORTS ; DONT_CARE                                      ;
+-------------------------------------------+------------------------------------------------+


+--------------------------------------------------------------------+
; lpm_mult Parameter Settings by Entity Instance                     ;
+---------------------------------------+----------------------------+
; Name                                  ; Value                      ;
+---------------------------------------+----------------------------+
; Number of entity instances            ; 1                          ;
; Entity Instance                       ; ULA:comb_44|lpm_mult:Mult0 ;
;     -- LPM_WIDTHA                     ; 32                         ;
;     -- LPM_WIDTHB                     ; 32                         ;
;     -- LPM_WIDTHP                     ; 64                         ;
;     -- LPM_REPRESENTATION             ; UNSIGNED                   ;
;     -- INPUT_A_IS_CONSTANT            ; NO                         ;
;     -- INPUT_B_IS_CONSTANT            ; NO                         ;
;     -- USE_EAB                        ; OFF                        ;
;     -- DEDICATED_MULTIPLIER_CIRCUITRY ; AUTO                       ;
;     -- INPUT_A_FIXED_VALUE            ; Bx                         ;
;     -- INPUT_B_FIXED_VALUE            ; Bx                         ;
+---------------------------------------+----------------------------+


+--------------------------------------------------------------------------------------------------------------------------------------------------------------------------------------------------------------+
; Port Connectivity Checks: "Memoria_Principal:comb_47"                                                                                                                                                        ;
+------+-------+----------+------------------------------------------------------------------------------------------------------------------------------------------------------------------------------------+
; Port ; Type  ; Severity ; Details                                                                                                                                                                            ;
+------+-------+----------+------------------------------------------------------------------------------------------------------------------------------------------------------------------------------------+
; END  ; Input ; Warning  ; Input port expression (32 bits) is wider than the input port (9 bits) it drives.  The 23 most-significant bit(s) in the expression will be dangling if they have no other fanouts. ;
+------+-------+----------+------------------------------------------------------------------------------------------------------------------------------------------------------------------------------------+


+--------------------------------------------------------------------------------------------------------------------------------------------------------------------------------------------------------------+
; Port Connectivity Checks: "Memoria_Instrucoes:comb_5"                                                                                                                                                        ;
+------+-------+----------+------------------------------------------------------------------------------------------------------------------------------------------------------------------------------------+
; Port ; Type  ; Severity ; Details                                                                                                                                                                            ;
+------+-------+----------+------------------------------------------------------------------------------------------------------------------------------------------------------------------------------------+
; PC   ; Input ; Warning  ; Input port expression (32 bits) is wider than the input port (9 bits) it drives.  The 23 most-significant bit(s) in the expression will be dangling if they have no other fanouts. ;
+------+-------+----------+------------------------------------------------------------------------------------------------------------------------------------------------------------------------------------+


+------------------------------------------------------------------------------------------------------------------------------------------------------------------------------------------------------------------------+
; Port Connectivity Checks: "PC:comb_4"                                                                                                                                                                                  ;
+---------------+--------+----------+------------------------------------------------------------------------------------------------------------------------------------------------------------------------------------+
; Port          ; Type   ; Severity ; Details                                                                                                                                                                            ;
+---------------+--------+----------+------------------------------------------------------------------------------------------------------------------------------------------------------------------------------------+
; Novo_Endereco ; Input  ; Warning  ; Input port expression (32 bits) is wider than the input port (9 bits) it drives.  The 23 most-significant bit(s) in the expression will be dangling if they have no other fanouts. ;
; PC            ; Output ; Warning  ; Output or bidir port (9 bits) is smaller than the port expression (32 bits) it drives.  The 23 most-significant bit(s) in the port expression will be connected to GND.            ;
+---------------+--------+----------+------------------------------------------------------------------------------------------------------------------------------------------------------------------------------------+


+-----------------------------------------------------+
; Post-Synthesis Netlist Statistics for Top Partition ;
+-----------------------+-----------------------------+
; Type                  ; Count                       ;
+-----------------------+-----------------------------+
; boundary_port         ; 507                         ;
; cycloneiii_ff         ; 583                         ;
;     ENA               ; 553                         ;
;     ENA SCLR          ; 22                          ;
;     plain             ; 8                           ;
; cycloneiii_lcell_comb ; 9394                        ;
;     arith             ; 2526                        ;
;         1 data inputs ; 7                           ;
;         2 data inputs ; 149                         ;
;         3 data inputs ; 2370                        ;
;     normal            ; 6868                        ;
;         0 data inputs ; 310                         ;
;         1 data inputs ; 136                         ;
;         2 data inputs ; 2737                        ;
;         3 data inputs ; 359                         ;
;         4 data inputs ; 3326                        ;
; cycloneiii_mac_mult   ; 3                           ;
; cycloneiii_mac_out    ; 3                           ;
; cycloneiii_ram_block  ; 58                          ;
;                       ;                             ;
; Max LUT depth         ; 140.50                      ;
; Average LUT depth     ; 71.85                       ;
+-----------------------+-----------------------------+


+-------------------------------+
; Elapsed Time Per Partition    ;
+----------------+--------------+
; Partition Name ; Elapsed Time ;
+----------------+--------------+
; Top            ; 00:00:14     ;
+----------------+--------------+


+-------------------------------+
; Analysis & Synthesis Messages ;
+-------------------------------+
Info: *******************************************************************
Info: Running Quartus Prime Analysis & Synthesis
    Info: Version 20.1.1 Build 720 11/11/2020 SJ Lite Edition
    Info: Processing started: Wed Jul 15 17:04:02 2026
Info: Command: quartus_map --read_settings_files=on --write_settings_files=off Processador_Completo -c Processador_Completo
Warning (18236): Number of processors has not been specified which may cause overloading on shared machines.  Set the global assignment NUM_PARALLEL_PROCESSORS in your QSF to an appropriate value for best performance.
Info (20030): Parallel compilation is enabled and will use 4 of the 4 processors detected
Info (12021): Found 2 design units, including 2 entities, in source file Modulo_Entrada_E_Saida.v
    Info (12023): Found entity 1: Modulo_Entrada_E_Saida File: /home/gabriel/Documents/Projects/Compiler/Processador-QAR/OldQuartus/Modulo_Entrada_E_Saida.v Line: 1
    Info (12023): Found entity 2: Decodificador_BCD File: /home/gabriel/Documents/Projects/Compiler/Processador-QAR/OldQuartus/Modulo_Entrada_E_Saida.v Line: 110
Info (12021): Found 1 design units, including 1 entities, in source file Unidade_de_Controle.v
    Info (12023): Found entity 1: Unidade_de_Controle File: /home/gabriel/Documents/Projects/Compiler/Processador-QAR/OldQuartus/Unidade_de_Controle.v Line: 1
Info (12021): Found 1 design units, including 1 entities, in source file ULA.v
    Info (12023): Found entity 1: ULA File: /home/gabriel/Documents/Projects/Compiler/Processador-QAR/OldQuartus/ULA.v Line: 1
Info (12021): Found 1 design units, including 1 entities, in source file Sub1.v
    Info (12023): Found entity 1: Sub1 File: /home/gabriel/Documents/Projects/Compiler/Processador-QAR/OldQuartus/Sub1.v Line: 1
Info (12021): Found 1 design units, including 1 entities, in source file PC.v
    Info (12023): Found entity 1: PC File: /home/gabriel/Documents/Projects/Compiler/Processador-QAR/OldQuartus/PC.v Line: 1
Info (12021): Found 1 design units, including 1 entities, in source file Mux2.v
    Info (12023): Found entity 1: Mux2 File: /home/gabriel/Documents/Projects/Compiler/Processador-QAR/OldQuartus/Mux2.v Line: 1
Info (12021): Found 1 design units, including 1 entities, in source file Mux_PC.v
    Info (12023): Found entity 1: Mux_PC File: /home/gabriel/Documents/Projects/Compiler/Processador-QAR/OldQuartus/Mux_PC.v Line: 1
Info (12021): Found 1 design units, including 1 entities, in source file Mux_Escrita_Especial.v
    Info (12023): Found entity 1: Mux_Escrita_Especial File: /home/gabriel/Documents/Projects/Compiler/Processador-QAR/OldQuartus/Mux_Escrita_Especial.v Line: 1
Info (12021): Found 1 design units, including 1 entities, in source file Mux_Escrita.v
    Info (12023): Found entity 1: Mux_Escrita File: /home/gabriel/Documents/Projects/Compiler/Processador-QAR/OldQuartus/Mux_Escrita.v Line: 1
Info (12021): Found 1 design units, including 1 entities, in source file Memoria_Principal.v
    Info (12023): Found entity 1: Memoria_Principal File: /home/gabriel/Documents/Projects/Compiler/Processador-QAR/OldQuartus/Memoria_Principal.v Line: 3
Info (12021): Found 1 design units, including 1 entities, in source file Memoria_Instrucoes.v
    Info (12023): Found entity 1: Memoria_Instrucoes File: /home/gabriel/Documents/Projects/Compiler/Processador-QAR/OldQuartus/Memoria_Instrucoes.v Line: 4
Info (12021): Found 1 design units, including 1 entities, in source file Gerenciador_de_Entrada.v
    Info (12023): Found entity 1: Gerenciador_de_Entrada File: /home/gabriel/Documents/Projects/Compiler/Processador-QAR/OldQuartus/Gerenciador_de_Entrada.v Line: 1
Info (12021): Found 1 design units, including 1 entities, in source file Banco_de_Registradores.v
    Info (12023): Found entity 1: Banco_de_Registradores File: /home/gabriel/Documents/Projects/Compiler/Processador-QAR/OldQuartus/Banco_de_Registradores.v Line: 1
Info (12021): Found 1 design units, including 1 entities, in source file Adder.v
    Info (12023): Found entity 1: Adder File: /home/gabriel/Documents/Projects/Compiler/Processador-QAR/OldQuartus/Adder.v Line: 1
Info (12021): Found 1 design units, including 1 entities, in source file Add1.v
    Info (12023): Found entity 1: Add1 File: /home/gabriel/Documents/Projects/Compiler/Processador-QAR/OldQuartus/Add1.v Line: 1
Info (12021): Found 1 design units, including 1 entities, in source file Processador_Completo.v
    Info (12023): Found entity 1: Processador_Completo File: /home/gabriel/Documents/Projects/Compiler/Processador-QAR/OldQuartus/Processador_Completo.v Line: 1
Critical Warning (10846): Verilog HDL Instantiation warning at Modulo_Entrada_E_Saida.v(97): instance has no name File: /home/gabriel/Documents/Projects/Compiler/Processador-QAR/OldQuartus/Modulo_Entrada_E_Saida.v Line: 97
Critical Warning (10846): Verilog HDL Instantiation warning at Modulo_Entrada_E_Saida.v(98): instance has no name File: /home/gabriel/Documents/Projects/Compiler/Processador-QAR/OldQuartus/Modulo_Entrada_E_Saida.v Line: 98
Critical Warning (10846): Verilog HDL Instantiation warning at Modulo_Entrada_E_Saida.v(99): instance has no name File: /home/gabriel/Documents/Projects/Compiler/Processador-QAR/OldQuartus/Modulo_Entrada_E_Saida.v Line: 99
Critical Warning (10846): Verilog HDL Instantiation warning at Modulo_Entrada_E_Saida.v(100): instance has no name File: /home/gabriel/Documents/Projects/Compiler/Processador-QAR/OldQuartus/Modulo_Entrada_E_Saida.v Line: 100
Critical Warning (10846): Verilog HDL Instantiation warning at Modulo_Entrada_E_Saida.v(101): instance has no name File: /home/gabriel/Documents/Projects/Compiler/Processador-QAR/OldQuartus/Modulo_Entrada_E_Saida.v Line: 101
Critical Warning (10846): Verilog HDL Instantiation warning at Modulo_Entrada_E_Saida.v(102): instance has no name File: /home/gabriel/Documents/Projects/Compiler/Processador-QAR/OldQuartus/Modulo_Entrada_E_Saida.v Line: 102
Critical Warning (10846): Verilog HDL Instantiation warning at Modulo_Entrada_E_Saida.v(103): instance has no name File: /home/gabriel/Documents/Projects/Compiler/Processador-QAR/OldQuartus/Modulo_Entrada_E_Saida.v Line: 103
Critical Warning (10846): Verilog HDL Instantiation warning at Modulo_Entrada_E_Saida.v(104): instance has no name File: /home/gabriel/Documents/Projects/Compiler/Processador-QAR/OldQuartus/Modulo_Entrada_E_Saida.v Line: 104
Critical Warning (10846): Verilog HDL Instantiation warning at Processador_Completo.v(88): instance has no name File: /home/gabriel/Documents/Projects/Compiler/Processador-QAR/OldQuartus/Processador_Completo.v Line: 88
Critical Warning (10846): Verilog HDL Instantiation warning at Processador_Completo.v(97): instance has no name File: /home/gabriel/Documents/Projects/Compiler/Processador-QAR/OldQuartus/Processador_Completo.v Line: 97
Critical Warning (10846): Verilog HDL Instantiation warning at Processador_Completo.v(104): instance has no name File: /home/gabriel/Documents/Projects/Compiler/Processador-QAR/OldQuartus/Processador_Completo.v Line: 104
Critical Warning (10846): Verilog HDL Instantiation warning at Processador_Completo.v(114): instance has no name File: /home/gabriel/Documents/Projects/Compiler/Processador-QAR/OldQuartus/Processador_Completo.v Line: 114
Critical Warning (10846): Verilog HDL Instantiation warning at Processador_Completo.v(120): instance has no name File: /home/gabriel/Documents/Projects/Compiler/Processador-QAR/OldQuartus/Processador_Completo.v Line: 120
Critical Warning (10846): Verilog HDL Instantiation warning at Processador_Completo.v(127): instance has no name File: /home/gabriel/Documents/Projects/Compiler/Processador-QAR/OldQuartus/Processador_Completo.v Line: 127
Critical Warning (10846): Verilog HDL Instantiation warning at Processador_Completo.v(138): instance has no name File: /home/gabriel/Documents/Projects/Compiler/Processador-QAR/OldQuartus/Processador_Completo.v Line: 138
Critical Warning (10846): Verilog HDL Instantiation warning at Processador_Completo.v(152): instance has no name File: /home/gabriel/Documents/Projects/Compiler/Processador-QAR/OldQuartus/Processador_Completo.v Line: 152
Critical Warning (10846): Verilog HDL Instantiation warning at Processador_Completo.v(164): instance has no name File: /home/gabriel/Documents/Projects/Compiler/Processador-QAR/OldQuartus/Processador_Completo.v Line: 164
Critical Warning (10846): Verilog HDL Instantiation warning at Processador_Completo.v(173): instance has no name File: /home/gabriel/Documents/Projects/Compiler/Processador-QAR/OldQuartus/Processador_Completo.v Line: 173
Critical Warning (10846): Verilog HDL Instantiation warning at Processador_Completo.v(179): instance has no name File: /home/gabriel/Documents/Projects/Compiler/Processador-QAR/OldQuartus/Processador_Completo.v Line: 179
Critical Warning (10846): Verilog HDL Instantiation warning at Processador_Completo.v(188): instance has no name File: /home/gabriel/Documents/Projects/Compiler/Processador-QAR/OldQuartus/Processador_Completo.v Line: 188
Critical Warning (10846): Verilog HDL Instantiation warning at Processador_Completo.v(197): instance has no name File: /home/gabriel/Documents/Projects/Compiler/Processador-QAR/OldQuartus/Processador_Completo.v Line: 197
Critical Warning (10846): Verilog HDL Instantiation warning at Processador_Completo.v(206): instance has no name File: /home/gabriel/Documents/Projects/Compiler/Processador-QAR/OldQuartus/Processador_Completo.v Line: 206
Critical Warning (10846): Verilog HDL Instantiation warning at Processador_Completo.v(225): instance has no name File: /home/gabriel/Documents/Projects/Compiler/Processador-QAR/OldQuartus/Processador_Completo.v Line: 225
Info (12127): Elaborating entity "Processador_Completo" for the top level hierarchy
Info (12128): Elaborating entity "Unidade_de_Controle" for hierarchy "Unidade_de_Controle:comb_3" File: /home/gabriel/Documents/Projects/Compiler/Processador-QAR/OldQuartus/Processador_Completo.v Line: 88
Info (12128): Elaborating entity "PC" for hierarchy "PC:comb_4" File: /home/gabriel/Documents/Projects/Compiler/Processador-QAR/OldQuartus/Processador_Completo.v Line: 97
Info (12128): Elaborating entity "Memoria_Instrucoes" for hierarchy "Memoria_Instrucoes:comb_5" File: /home/gabriel/Documents/Projects/Compiler/Processador-QAR/OldQuartus/Processador_Completo.v Line: 104
Warning (10850): Verilog HDL warning at Memoria_Instrucoes.v(26): number of words (48) in memory file does not match the number of elements in the address range [0:257] File: /home/gabriel/Documents/Projects/Compiler/Processador-QAR/OldQuartus/Memoria_Instrucoes.v Line: 26
Warning (10030): Net "rom.data_a" at Memoria_Instrucoes.v(14) has no driver or initial value, using a default initial value '0' File: /home/gabriel/Documents/Projects/Compiler/Processador-QAR/OldQuartus/Memoria_Instrucoes.v Line: 14
Warning (10030): Net "rom.waddr_a" at Memoria_Instrucoes.v(14) has no driver or initial value, using a default initial value '0' File: /home/gabriel/Documents/Projects/Compiler/Processador-QAR/OldQuartus/Memoria_Instrucoes.v Line: 14
Warning (10030): Net "rom.we_a" at Memoria_Instrucoes.v(14) has no driver or initial value, using a default initial value '0' File: /home/gabriel/Documents/Projects/Compiler/Processador-QAR/OldQuartus/Memoria_Instrucoes.v Line: 14
Info (12128): Elaborating entity "Gerenciador_de_Entrada" for hierarchy "Gerenciador_de_Entrada:comb_6" File: /home/gabriel/Documents/Projects/Compiler/Processador-QAR/OldQuartus/Processador_Completo.v Line: 114
Info (12128): Elaborating entity "Add1" for hierarchy "Add1:comb_7" File: /home/gabriel/Documents/Projects/Compiler/Processador-QAR/OldQuartus/Processador_Completo.v Line: 120
Info (12128): Elaborating entity "Adder" for hierarchy "Adder:comb_8" File: /home/gabriel/Documents/Projects/Compiler/Processador-QAR/OldQuartus/Processador_Completo.v Line: 127
Info (12128): Elaborating entity "Mux_PC" for hierarchy "Mux_PC:comb_9" File: /home/gabriel/Documents/Projects/Compiler/Processador-QAR/OldQuartus/Processador_Completo.v Line: 138
Info (12128): Elaborating entity "Banco_de_Registradores" for hierarchy "Banco_de_Registradores:comb_10" File: /home/gabriel/Documents/Projects/Compiler/Processador-QAR/OldQuartus/Processador_Completo.v Line: 152
Info (12128): Elaborating entity "Mux2" for hierarchy "Mux2:comb_43" File: /home/gabriel/Documents/Projects/Compiler/Processador-QAR/OldQuartus/Processador_Completo.v Line: 164
Info (12128): Elaborating entity "ULA" for hierarchy "ULA:comb_44" File: /home/gabriel/Documents/Projects/Compiler/Processador-QAR/OldQuartus/Processador_Completo.v Line: 173
Info (12128): Elaborating entity "Sub1" for hierarchy "Sub1:comb_45" File: /home/gabriel/Documents/Projects/Compiler/Processador-QAR/OldQuartus/Processador_Completo.v Line: 179
Info (12128): Elaborating entity "Mux_Escrita_Especial" for hierarchy "Mux_Escrita_Especial:comb_46" File: /home/gabriel/Documents/Projects/Compiler/Processador-QAR/OldQuartus/Processador_Completo.v Line: 188
Info (12128): Elaborating entity "Memoria_Principal" for hierarchy "Memoria_Principal:comb_47" File: /home/gabriel/Documents/Projects/Compiler/Processador-QAR/OldQuartus/Processador_Completo.v Line: 197
Info (12128): Elaborating entity "Mux_Escrita" for hierarchy "Mux_Escrita:comb_48" File: /home/gabriel/Documents/Projects/Compiler/Processador-QAR/OldQuartus/Processador_Completo.v Line: 206
Info (12128): Elaborating entity "Modulo_Entrada_E_Saida" for hierarchy "Modulo_Entrada_E_Saida:comb_49" File: /home/gabriel/Documents/Projects/Compiler/Processador-QAR/OldQuartus/Processador_Completo.v Line: 225
Warning (10230): Verilog HDL assignment warning at Modulo_Entrada_E_Saida.v(33): truncated value with size 32 to match size of target (22) File: /home/gabriel/Documents/Projects/Compiler/Processador-QAR/OldQuartus/Modulo_Entrada_E_Saida.v Line: 33
Warning (10230): Verilog HDL assignment warning at Modulo_Entrada_E_Saida.v(84): truncated value with size 32 to match size of target (4) File: /home/gabriel/Documents/Projects/Compiler/Processador-QAR/OldQuartus/Modulo_Entrada_E_Saida.v Line: 84
Warning (10230): Verilog HDL assignment warning at Modulo_Entrada_E_Saida.v(85): truncated value with size 32 to match size of target (4) File: /home/gabriel/Documents/Projects/Compiler/Processador-QAR/OldQuartus/Modulo_Entrada_E_Saida.v Line: 85
Warning (10230): Verilog HDL assignment warning at Modulo_Entrada_E_Saida.v(86): truncated value with size 32 to match size of target (4) File: /home/gabriel/Documents/Projects/Compiler/Processador-QAR/OldQuartus/Modulo_Entrada_E_Saida.v Line: 86
Warning (10230): Verilog HDL assignment warning at Modulo_Entrada_E_Saida.v(87): truncated value with size 32 to match size of target (4) File: /home/gabriel/Documents/Projects/Compiler/Processador-QAR/OldQuartus/Modulo_Entrada_E_Saida.v Line: 87
Warning (10230): Verilog HDL assignment warning at Modulo_Entrada_E_Saida.v(88): truncated value with size 32 to match size of target (4) File: /home/gabriel/Documents/Projects/Compiler/Processador-QAR/OldQuartus/Modulo_Entrada_E_Saida.v Line: 88
Warning (10230): Verilog HDL assignment warning at Modulo_Entrada_E_Saida.v(89): truncated value with size 32 to match size of target (4) File: /home/gabriel/Documents/Projects/Compiler/Processador-QAR/OldQuartus/Modulo_Entrada_E_Saida.v Line: 89
Warning (10230): Verilog HDL assignment warning at Modulo_Entrada_E_Saida.v(90): truncated value with size 32 to match size of target (4) File: /home/gabriel/Documents/Projects/Compiler/Processador-QAR/OldQuartus/Modulo_Entrada_E_Saida.v Line: 90
Warning (10230): Verilog HDL assignment warning at Modulo_Entrada_E_Saida.v(91): truncated value with size 32 to match size of target (4) File: /home/gabriel/Documents/Projects/Compiler/Processador-QAR/OldQuartus/Modulo_Entrada_E_Saida.v Line: 91
Info (12128): Elaborating entity "Decodificador_BCD" for hierarchy "Modulo_Entrada_E_Saida:comb_49|Decodificador_BCD:comb_354" File: /home/gabriel/Documents/Projects/Compiler/Processador-QAR/OldQuartus/Modulo_Entrada_E_Saida.v Line: 97
Warning (12011): Net is missing source, defaulting to GND
    Warning (12110): Net "Velho_PC[31]" is missing source, defaulting to GND File: /home/gabriel/Documents/Projects/Compiler/Processador-QAR/OldQuartus/Processador_Completo.v Line: 31
    Warning (12110): Net "Velho_PC[30]" is missing source, defaulting to GND File: /home/gabriel/Documents/Projects/Compiler/Processador-QAR/OldQuartus/Processador_Completo.v Line: 31
    Warning (12110): Net "Velho_PC[29]" is missing source, defaulting to GND File: /home/gabriel/Documents/Projects/Compiler/Processador-QAR/OldQuartus/Processador_Completo.v Line: 31
    Warning (12110): Net "Velho_PC[28]" is missing source, defaulting to GND File: /home/gabriel/Documents/Projects/Compiler/Processador-QAR/OldQuartus/Processador_Completo.v Line: 31
    Warning (12110): Net "Velho_PC[27]" is missing source, defaulting to GND File: /home/gabriel/Documents/Projects/Compiler/Processador-QAR/OldQuartus/Processador_Completo.v Line: 31
    Warning (12110): Net "Velho_PC[26]" is missing source, defaulting to GND File: /home/gabriel/Documents/Projects/Compiler/Processador-QAR/OldQuartus/Processador_Completo.v Line: 31
    Warning (12110): Net "Velho_PC[25]" is missing source, defaulting to GND File: /home/gabriel/Documents/Projects/Compiler/Processador-QAR/OldQuartus/Processador_Completo.v Line: 31
    Warning (12110): Net "Velho_PC[24]" is missing source, defaulting to GND File: /home/gabriel/Documents/Projects/Compiler/Processador-QAR/OldQuartus/Processador_Completo.v Line: 31
    Warning (12110): Net "Velho_PC[23]" is missing source, defaulting to GND File: /home/gabriel/Documents/Projects/Compiler/Processador-QAR/OldQuartus/Processador_Completo.v Line: 31
    Warning (12110): Net "Velho_PC[22]" is missing source, defaulting to GND File: /home/gabriel/Documents/Projects/Compiler/Processador-QAR/OldQuartus/Processador_Completo.v Line: 31
    Warning (12110): Net "Velho_PC[21]" is missing source, defaulting to GND File: /home/gabriel/Documents/Projects/Compiler/Processador-QAR/OldQuartus/Processador_Completo.v Line: 31
    Warning (12110): Net "Velho_PC[20]" is missing source, defaulting to GND File: /home/gabriel/Documents/Projects/Compiler/Processador-QAR/OldQuartus/Processador_Completo.v Line: 31
    Warning (12110): Net "Velho_PC[19]" is missing source, defaulting to GND File: /home/gabriel/Documents/Projects/Compiler/Processador-QAR/OldQuartus/Processador_Completo.v Line: 31
    Warning (12110): Net "Velho_PC[18]" is missing source, defaulting to GND File: /home/gabriel/Documents/Projects/Compiler/Processador-QAR/OldQuartus/Processador_Completo.v Line: 31
    Warning (12110): Net "Velho_PC[17]" is missing source, defaulting to GND File: /home/gabriel/Documents/Projects/Compiler/Processador-QAR/OldQuartus/Processador_Completo.v Line: 31
    Warning (12110): Net "Velho_PC[16]" is missing source, defaulting to GND File: /home/gabriel/Documents/Projects/Compiler/Processador-QAR/OldQuartus/Processador_Completo.v Line: 31
    Warning (12110): Net "Velho_PC[15]" is missing source, defaulting to GND File: /home/gabriel/Documents/Projects/Compiler/Processador-QAR/OldQuartus/Processador_Completo.v Line: 31
    Warning (12110): Net "Velho_PC[14]" is missing source, defaulting to GND File: /home/gabriel/Documents/Projects/Compiler/Processador-QAR/OldQuartus/Processador_Completo.v Line: 31
    Warning (12110): Net "Velho_PC[13]" is missing source, defaulting to GND File: /home/gabriel/Documents/Projects/Compiler/Processador-QAR/OldQuartus/Processador_Completo.v Line: 31
    Warning (12110): Net "Velho_PC[12]" is missing source, defaulting to GND File: /home/gabriel/Documents/Projects/Compiler/Processador-QAR/OldQuartus/Processador_Completo.v Line: 31
    Warning (12110): Net "Velho_PC[11]" is missing source, defaulting to GND File: /home/gabriel/Documents/Projects/Compiler/Processador-QAR/OldQuartus/Processador_Completo.v Line: 31
    Warning (12110): Net "Velho_PC[10]" is missing source, defaulting to GND File: /home/gabriel/Documents/Projects/Compiler/Processador-QAR/OldQuartus/Processador_Completo.v Line: 31
    Warning (12110): Net "Velho_PC[9]" is missing source, defaulting to GND File: /home/gabriel/Documents/Projects/Compiler/Processador-QAR/OldQuartus/Processador_Completo.v Line: 31
Warning (12011): Net is missing source, defaulting to GND
    Warning (12110): Net "Velho_PC[31]" is missing source, defaulting to GND File: /home/gabriel/Documents/Projects/Compiler/Processador-QAR/OldQuartus/Processador_Completo.v Line: 31
    Warning (12110): Net "Velho_PC[30]" is missing source, defaulting to GND File: /home/gabriel/Documents/Projects/Compiler/Processador-QAR/OldQuartus/Processador_Completo.v Line: 31
    Warning (12110): Net "Velho_PC[29]" is missing source, defaulting to GND File: /home/gabriel/Documents/Projects/Compiler/Processador-QAR/OldQuartus/Processador_Completo.v Line: 31
    Warning (12110): Net "Velho_PC[28]" is missing source, defaulting to GND File: /home/gabriel/Documents/Projects/Compiler/Processador-QAR/OldQuartus/Processador_Completo.v Line: 31
    Warning (12110): Net "Velho_PC[27]" is missing source, defaulting to GND File: /home/gabriel/Documents/Projects/Compiler/Processador-QAR/OldQuartus/Processador_Completo.v Line: 31
    Warning (12110): Net "Velho_PC[26]" is missing source, defaulting to GND File: /home/gabriel/Documents/Projects/Compiler/Processador-QAR/OldQuartus/Processador_Completo.v Line: 31
    Warning (12110): Net "Velho_PC[25]" is missing source, defaulting to GND File: /home/gabriel/Documents/Projects/Compiler/Processador-QAR/OldQuartus/Processador_Completo.v Line: 31
    Warning (12110): Net "Velho_PC[24]" is missing source, defaulting to GND File: /home/gabriel/Documents/Projects/Compiler/Processador-QAR/OldQuartus/Processador_Completo.v Line: 31
    Warning (12110): Net "Velho_PC[23]" is missing source, defaulting to GND File: /home/gabriel/Documents/Projects/Compiler/Processador-QAR/OldQuartus/Processador_Completo.v Line: 31
    Warning (12110): Net "Velho_PC[22]" is missing source, defaulting to GND File: /home/gabriel/Documents/Projects/Compiler/Processador-QAR/OldQuartus/Processador_Completo.v Line: 31
    Warning (12110): Net "Velho_PC[21]" is missing source, defaulting to GND File: /home/gabriel/Documents/Projects/Compiler/Processador-QAR/OldQuartus/Processador_Completo.v Line: 31
    Warning (12110): Net "Velho_PC[20]" is missing source, defaulting to GND File: /home/gabriel/Documents/Projects/Compiler/Processador-QAR/OldQuartus/Processador_Completo.v Line: 31
    Warning (12110): Net "Velho_PC[19]" is missing source, defaulting to GND File: /home/gabriel/Documents/Projects/Compiler/Processador-QAR/OldQuartus/Processador_Completo.v Line: 31
    Warning (12110): Net "Velho_PC[18]" is missing source, defaulting to GND File: /home/gabriel/Documents/Projects/Compiler/Processador-QAR/OldQuartus/Processador_Completo.v Line: 31
    Warning (12110): Net "Velho_PC[17]" is missing source, defaulting to GND File: /home/gabriel/Documents/Projects/Compiler/Processador-QAR/OldQuartus/Processador_Completo.v Line: 31
    Warning (12110): Net "Velho_PC[16]" is missing source, defaulting to GND File: /home/gabriel/Documents/Projects/Compiler/Processador-QAR/OldQuartus/Processador_Completo.v Line: 31
    Warning (12110): Net "Velho_PC[15]" is missing source, defaulting to GND File: /home/gabriel/Documents/Projects/Compiler/Processador-QAR/OldQuartus/Processador_Completo.v Line: 31
    Warning (12110): Net "Velho_PC[14]" is missing source, defaulting to GND File: /home/gabriel/Documents/Projects/Compiler/Processador-QAR/OldQuartus/Processador_Completo.v Line: 31
    Warning (12110): Net "Velho_PC[13]" is missing source, defaulting to GND File: /home/gabriel/Documents/Projects/Compiler/Processador-QAR/OldQuartus/Processador_Completo.v Line: 31
    Warning (12110): Net "Velho_PC[12]" is missing source, defaulting to GND File: /home/gabriel/Documents/Projects/Compiler/Processador-QAR/OldQuartus/Processador_Completo.v Line: 31
    Warning (12110): Net "Velho_PC[11]" is missing source, defaulting to GND File: /home/gabriel/Documents/Projects/Compiler/Processador-QAR/OldQuartus/Processador_Completo.v Line: 31
    Warning (12110): Net "Velho_PC[10]" is missing source, defaulting to GND File: /home/gabriel/Documents/Projects/Compiler/Processador-QAR/OldQuartus/Processador_Completo.v Line: 31
    Warning (12110): Net "Velho_PC[9]" is missing source, defaulting to GND File: /home/gabriel/Documents/Projects/Compiler/Processador-QAR/OldQuartus/Processador_Completo.v Line: 31
Info (276014): Found 1 instances of uninferred RAM logic
    Info (276007): RAM logic "Memoria_Instrucoes:comb_5|rom" is uninferred due to asynchronous read logic File: /home/gabriel/Documents/Projects/Compiler/Processador-QAR/OldQuartus/Memoria_Instrucoes.v Line: 14
Critical Warning (127005): Memory depth (512) in the design file differs from memory depth (258) in the Memory Initialization File "/home/gabriel/Documents/Projects/Compiler/Processador-QAR/OldQuartus/db/Processador_Completo.ram0_Memoria_Instrucoes_9b3481b3.hdl.mif" -- setting initial value for remaining addresses to 0
Warning (127007): Memory Initialization File or Hexadecimal (Intel-Format) File "/home/gabriel/Documents/Projects/Compiler/Processador-QAR/OldQuartus/db/Processador_Completo.ram0_Memoria_Instrucoes_9b3481b3.hdl.mif" contains "don't care" values -- overwriting them with 0s
Info (19000): Inferred 2 megafunctions from design logic
    Info (276029): Inferred altsyncram megafunction from the following design logic: "Memoria_Instrucoes:comb_5|rom_rtl_0" 
        Info (286033): Parameter OPERATION_MODE set to ROM
        Info (286033): Parameter WIDTH_A set to 32
        Info (286033): Parameter WIDTHAD_A set to 9
        Info (286033): Parameter NUMWORDS_A set to 258
        Info (286033): Parameter OUTDATA_REG_A set to UNREGISTERED
        Info (286033): Parameter ADDRESS_ACLR_A set to NONE
        Info (286033): Parameter OUTDATA_ACLR_A set to NONE
        Info (286033): Parameter INDATA_ACLR_A set to NONE
        Info (286033): Parameter WRCONTROL_ACLR_A set to NONE
        Info (286033): Parameter INIT_FILE set to db/Processador_Completo.ram0_Memoria_Instrucoes_9b3481b3.hdl.mif
    Info (276029): Inferred altsyncram megafunction from the following design logic: "Memoria_Principal:comb_47|ram_rtl_0" 
        Info (286033): Parameter OPERATION_MODE set to SINGLE_PORT
        Info (286033): Parameter WIDTH_A set to 32
        Info (286033): Parameter WIDTHAD_A set to 9
        Info (286033): Parameter NUMWORDS_A set to 258
        Info (286033): Parameter OUTDATA_REG_A set to UNREGISTERED
        Info (286033): Parameter ADDRESS_ACLR_A set to NONE
        Info (286033): Parameter OUTDATA_ACLR_A set to NONE
        Info (286033): Parameter READ_DURING_WRITE_MODE_PORT_A set to OLD_DATA
        Info (286033): Parameter INDATA_ACLR_A set to NONE
        Info (286033): Parameter WRCONTROL_ACLR_A set to NONE
Info (278001): Inferred 17 megafunctions from design logic
    Info (278004): Inferred divider/modulo megafunction ("lpm_divide") from the following logic: "Modulo_Entrada_E_Saida:comb_49|Mod0" File: /home/gabriel/Documents/Projects/Compiler/Processador-QAR/OldQuartus/Modulo_Entrada_E_Saida.v Line: 84
    Info (278004): Inferred divider/modulo megafunction ("lpm_divide") from the following logic: "Modulo_Entrada_E_Saida:comb_49|Div0" File: /home/gabriel/Documents/Projects/Compiler/Processador-QAR/OldQuartus/Modulo_Entrada_E_Saida.v Line: 85
    Info (278004): Inferred divider/modulo megafunction ("lpm_divide") from the following logic: "Modulo_Entrada_E_Saida:comb_49|Mod1" File: /home/gabriel/Documents/Projects/Compiler/Processador-QAR/OldQuartus/Modulo_Entrada_E_Saida.v Line: 85
    Info (278004): Inferred divider/modulo megafunction ("lpm_divide") from the following logic: "Modulo_Entrada_E_Saida:comb_49|Div1" File: /home/gabriel/Documents/Projects/Compiler/Processador-QAR/OldQuartus/Modulo_Entrada_E_Saida.v Line: 86
    Info (278004): Inferred divider/modulo megafunction ("lpm_divide") from the following logic: "Modulo_Entrada_E_Saida:comb_49|Mod2" File: /home/gabriel/Documents/Projects/Compiler/Processador-QAR/OldQuartus/Modulo_Entrada_E_Saida.v Line: 86
    Info (278004): Inferred divider/modulo megafunction ("lpm_divide") from the following logic: "Modulo_Entrada_E_Saida:comb_49|Div2" File: /home/gabriel/Documents/Projects/Compiler/Processador-QAR/OldQuartus/Modulo_Entrada_E_Saida.v Line: 87
    Info (278004): Inferred divider/modulo megafunction ("lpm_divide") from the following logic: "Modulo_Entrada_E_Saida:comb_49|Mod3" File: /home/gabriel/Documents/Projects/Compiler/Processador-QAR/OldQuartus/Modulo_Entrada_E_Saida.v Line: 87
    Info (278004): Inferred divider/modulo megafunction ("lpm_divide") from the following logic: "Modulo_Entrada_E_Saida:comb_49|Div3" File: /home/gabriel/Documents/Projects/Compiler/Processador-QAR/OldQuartus/Modulo_Entrada_E_Saida.v Line: 88
    Info (278004): Inferred divider/modulo megafunction ("lpm_divide") from the following logic: "Modulo_Entrada_E_Saida:comb_49|Mod4" File: /home/gabriel/Documents/Projects/Compiler/Processador-QAR/OldQuartus/Modulo_Entrada_E_Saida.v Line: 88
    Info (278004): Inferred divider/modulo megafunction ("lpm_divide") from the following logic: "Modulo_Entrada_E_Saida:comb_49|Div4" File: /home/gabriel/Documents/Projects/Compiler/Processador-QAR/OldQuartus/Modulo_Entrada_E_Saida.v Line: 89
    Info (278004): Inferred divider/modulo megafunction ("lpm_divide") from the following logic: "Modulo_Entrada_E_Saida:comb_49|Mod5" File: /home/gabriel/Documents/Projects/Compiler/Processador-QAR/OldQuartus/Modulo_Entrada_E_Saida.v Line: 89
    Info (278004): Inferred divider/modulo megafunction ("lpm_divide") from the following logic: "Modulo_Entrada_E_Saida:comb_49|Div5" File: /home/gabriel/Documents/Projects/Compiler/Processador-QAR/OldQuartus/Modulo_Entrada_E_Saida.v Line: 90
    Info (278004): Inferred divider/modulo megafunction ("lpm_divide") from the following logic: "Modulo_Entrada_E_Saida:comb_49|Mod6" File: /home/gabriel/Documents/Projects/Compiler/Processador-QAR/OldQuartus/Modulo_Entrada_E_Saida.v Line: 90
    Info (278004): Inferred divider/modulo megafunction ("lpm_divide") from the following logic: "Modulo_Entrada_E_Saida:comb_49|Div6" File: /home/gabriel/Documents/Projects/Compiler/Processador-QAR/OldQuartus/Modulo_Entrada_E_Saida.v Line: 91
    Info (278004): Inferred divider/modulo megafunction ("lpm_divide") from the following logic: "Modulo_Entrada_E_Saida:comb_49|Mod7" File: /home/gabriel/Documents/Projects/Compiler/Processador-QAR/OldQuartus/Modulo_Entrada_E_Saida.v Line: 91
    Info (278004): Inferred divider/modulo megafunction ("lpm_divide") from the following logic: "ULA:comb_44|Div0" File: /home/gabriel/Documents/Projects/Compiler/Processador-QAR/OldQuartus/ULA.v Line: 28
    Info (278003): Inferred multiplier megafunction ("lpm_mult") from the following logic: "ULA:comb_44|Mult0" File: /home/gabriel/Documents/Projects/Compiler/Processador-QAR/OldQuartus/ULA.v Line: 27
Info (12130): Elaborated megafunction instantiation "Memoria_Instrucoes:comb_5|altsyncram:rom_rtl_0"
Info (12133): Instantiated megafunction "Memoria_Instrucoes:comb_5|altsyncram:rom_rtl_0" with the following parameter:
    Info (12134): Parameter "OPERATION_MODE" = "ROM"
    Info (12134): Parameter "WIDTH_A" = "32"
    Info (12134): Parameter "WIDTHAD_A" = "9"
    Info (12134): Parameter "NUMWORDS_A" = "258"
    Info (12134): Parameter "OUTDATA_REG_A" = "UNREGISTERED"
    Info (12134): Parameter "ADDRESS_ACLR_A" = "NONE"
    Info (12134): Parameter "OUTDATA_ACLR_A" = "NONE"
    Info (12134): Parameter "INDATA_ACLR_A" = "NONE"
    Info (12134): Parameter "WRCONTROL_ACLR_A" = "NONE"
    Info (12134): Parameter "INIT_FILE" = "db/Processador_Completo.ram0_Memoria_Instrucoes_9b3481b3.hdl.mif"
Info (12021): Found 1 design units, including 1 entities, in source file db/altsyncram_lf91.tdf
    Info (12023): Found entity 1: altsyncram_lf91 File: /home/gabriel/Documents/Projects/Compiler/Processador-QAR/OldQuartus/db/altsyncram_lf91.tdf Line: 28
Info (12130): Elaborated megafunction instantiation "Memoria_Principal:comb_47|altsyncram:ram_rtl_0"
Info (12133): Instantiated megafunction "Memoria_Principal:comb_47|altsyncram:ram_rtl_0" with the following parameter:
    Info (12134): Parameter "OPERATION_MODE" = "SINGLE_PORT"
    Info (12134): Parameter "WIDTH_A" = "32"
    Info (12134): Parameter "WIDTHAD_A" = "9"
    Info (12134): Parameter "NUMWORDS_A" = "258"
    Info (12134): Parameter "OUTDATA_REG_A" = "UNREGISTERED"
    Info (12134): Parameter "ADDRESS_ACLR_A" = "NONE"
    Info (12134): Parameter "OUTDATA_ACLR_A" = "NONE"
    Info (12134): Parameter "READ_DURING_WRITE_MODE_PORT_A" = "OLD_DATA"
    Info (12134): Parameter "INDATA_ACLR_A" = "NONE"
    Info (12134): Parameter "WRCONTROL_ACLR_A" = "NONE"
Info (12021): Found 1 design units, including 1 entities, in source file db/altsyncram_ud81.tdf
    Info (12023): Found entity 1: altsyncram_ud81 File: /home/gabriel/Documents/Projects/Compiler/Processador-QAR/OldQuartus/db/altsyncram_ud81.tdf Line: 28
Info (12130): Elaborated megafunction instantiation "Modulo_Entrada_E_Saida:comb_49|lpm_divide:Mod0" File: /home/gabriel/Documents/Projects/Compiler/Processador-QAR/OldQuartus/Modulo_Entrada_E_Saida.v Line: 84
Info (12133): Instantiated megafunction "Modulo_Entrada_E_Saida:comb_49|lpm_divide:Mod0" with the following parameter: File: /home/gabriel/Documents/Projects/Compiler/Processador-QAR/OldQuartus/Modulo_Entrada_E_Saida.v Line: 84
    Info (12134): Parameter "LPM_WIDTHN" = "32"
    Info (12134): Parameter "LPM_WIDTHD" = "4"
    Info (12134): Parameter "LPM_NREPRESENTATION" = "UNSIGNED"
    Info (12134): Parameter "LPM_DREPRESENTATION" = "UNSIGNED"
Info (12021): Found 1 design units, including 1 entities, in source file db/lpm_divide_3bm.tdf
    Info (12023): Found entity 1: lpm_divide_3bm File: /home/gabriel/Documents/Projects/Compiler/Processador-QAR/OldQuartus/db/lpm_divide_3bm.tdf Line: 25
Info (12021): Found 1 design units, including 1 entities, in source file db/sign_div_unsign_olh.tdf
    Info (12023): Found entity 1: sign_div_unsign_olh File: /home/gabriel/Documents/Projects/Compiler/Processador-QAR/OldQuartus/db/sign_div_unsign_olh.tdf Line: 25
Info (12021): Found 1 design units, including 1 entities, in source file db/alt_u_div_47f.tdf
    Info (12023): Found entity 1: alt_u_div_47f File: /home/gabriel/Documents/Projects/Compiler/Processador-QAR/OldQuartus/db/alt_u_div_47f.tdf Line: 27
Info (12021): Found 1 design units, including 1 entities, in source file db/add_sub_7pc.tdf
    Info (12023): Found entity 1: add_sub_7pc File: /home/gabriel/Documents/Projects/Compiler/Processador-QAR/OldQuartus/db/add_sub_7pc.tdf Line: 23
Info (12021): Found 1 design units, including 1 entities, in source file db/add_sub_8pc.tdf
    Info (12023): Found entity 1: add_sub_8pc File: /home/gabriel/Documents/Projects/Compiler/Processador-QAR/OldQuartus/db/add_sub_8pc.tdf Line: 23
Info (12130): Elaborated megafunction instantiation "Modulo_Entrada_E_Saida:comb_49|lpm_divide:Div0" File: /home/gabriel/Documents/Projects/Compiler/Processador-QAR/OldQuartus/Modulo_Entrada_E_Saida.v Line: 85
Info (12133): Instantiated megafunction "Modulo_Entrada_E_Saida:comb_49|lpm_divide:Div0" with the following parameter: File: /home/gabriel/Documents/Projects/Compiler/Processador-QAR/OldQuartus/Modulo_Entrada_E_Saida.v Line: 85
    Info (12134): Parameter "LPM_WIDTHN" = "32"
    Info (12134): Parameter "LPM_WIDTHD" = "4"
    Info (12134): Parameter "LPM_NREPRESENTATION" = "UNSIGNED"
    Info (12134): Parameter "LPM_DREPRESENTATION" = "UNSIGNED"
Info (12021): Found 1 design units, including 1 entities, in source file db/lpm_divide_0jm.tdf
    Info (12023): Found entity 1: lpm_divide_0jm File: /home/gabriel/Documents/Projects/Compiler/Processador-QAR/OldQuartus/db/lpm_divide_0jm.tdf Line: 25
Info (12130): Elaborated megafunction instantiation "Modulo_Entrada_E_Saida:comb_49|lpm_divide:Div1" File: /home/gabriel/Documents/Projects/Compiler/Processador-QAR/OldQuartus/Modulo_Entrada_E_Saida.v Line: 86
Info (12133): Instantiated megafunction "Modulo_Entrada_E_Saida:comb_49|lpm_divide:Div1" with the following parameter: File: /home/gabriel/Documents/Projects/Compiler/Processador-QAR/OldQuartus/Modulo_Entrada_E_Saida.v Line: 86
    Info (12134): Parameter "LPM_WIDTHN" = "32"
    Info (12134): Parameter "LPM_WIDTHD" = "7"
    Info (12134): Parameter "LPM_NREPRESENTATION" = "UNSIGNED"
    Info (12134): Parameter "LPM_DREPRESENTATION" = "UNSIGNED"
Info (12021): Found 1 design units, including 1 entities, in source file db/lpm_divide_3jm.tdf
    Info (12023): Found entity 1: lpm_divide_3jm File: /home/gabriel/Documents/Projects/Compiler/Processador-QAR/OldQuartus/db/lpm_divide_3jm.tdf Line: 25
Info (12021): Found 1 design units, including 1 entities, in source file db/sign_div_unsign_rlh.tdf
    Info (12023): Found entity 1: sign_div_unsign_rlh File: /home/gabriel/Documents/Projects/Compiler/Processador-QAR/OldQuartus/db/sign_div_unsign_rlh.tdf Line: 25
Info (12021): Found 1 design units, including 1 entities, in source file db/alt_u_div_a7f.tdf
    Info (12023): Found entity 1: alt_u_div_a7f File: /home/gabriel/Documents/Projects/Compiler/Processador-QAR/OldQuartus/db/alt_u_div_a7f.tdf Line: 27
Info (12130): Elaborated megafunction instantiation "Modulo_Entrada_E_Saida:comb_49|lpm_divide:Div2" File: /home/gabriel/Documents/Projects/Compiler/Processador-QAR/OldQuartus/Modulo_Entrada_E_Saida.v Line: 87
Info (12133): Instantiated megafunction "Modulo_Entrada_E_Saida:comb_49|lpm_divide:Div2" with the following parameter: File: /home/gabriel/Documents/Projects/Compiler/Processador-QAR/OldQuartus/Modulo_Entrada_E_Saida.v Line: 87
    Info (12134): Parameter "LPM_WIDTHN" = "32"
    Info (12134): Parameter "LPM_WIDTHD" = "10"
    Info (12134): Parameter "LPM_NREPRESENTATION" = "UNSIGNED"
    Info (12134): Parameter "LPM_DREPRESENTATION" = "UNSIGNED"
Info (12021): Found 1 design units, including 1 entities, in source file db/lpm_divide_dkm.tdf
    Info (12023): Found entity 1: lpm_divide_dkm File: /home/gabriel/Documents/Projects/Compiler/Processador-QAR/OldQuartus/db/lpm_divide_dkm.tdf Line: 25
Info (12021): Found 1 design units, including 1 entities, in source file db/sign_div_unsign_5nh.tdf
    Info (12023): Found entity 1: sign_div_unsign_5nh File: /home/gabriel/Documents/Projects/Compiler/Processador-QAR/OldQuartus/db/sign_div_unsign_5nh.tdf Line: 25
Info (12021): Found 1 design units, including 1 entities, in source file db/alt_u_div_u9f.tdf
    Info (12023): Found entity 1: alt_u_div_u9f File: /home/gabriel/Documents/Projects/Compiler/Processador-QAR/OldQuartus/db/alt_u_div_u9f.tdf Line: 27
Info (12130): Elaborated megafunction instantiation "Modulo_Entrada_E_Saida:comb_49|lpm_divide:Div3" File: /home/gabriel/Documents/Projects/Compiler/Processador-QAR/OldQuartus/Modulo_Entrada_E_Saida.v Line: 88
Info (12133): Instantiated megafunction "Modulo_Entrada_E_Saida:comb_49|lpm_divide:Div3" with the following parameter: File: /home/gabriel/Documents/Projects/Compiler/Processador-QAR/OldQuartus/Modulo_Entrada_E_Saida.v Line: 88
    Info (12134): Parameter "LPM_WIDTHN" = "32"
    Info (12134): Parameter "LPM_WIDTHD" = "14"
    Info (12134): Parameter "LPM_NREPRESENTATION" = "UNSIGNED"
    Info (12134): Parameter "LPM_DREPRESENTATION" = "UNSIGNED"
Info (12021): Found 1 design units, including 1 entities, in source file db/lpm_divide_hkm.tdf
    Info (12023): Found entity 1: lpm_divide_hkm File: /home/gabriel/Documents/Projects/Compiler/Processador-QAR/OldQuartus/db/lpm_divide_hkm.tdf Line: 25
Info (12021): Found 1 design units, including 1 entities, in source file db/sign_div_unsign_9nh.tdf
    Info (12023): Found entity 1: sign_div_unsign_9nh File: /home/gabriel/Documents/Projects/Compiler/Processador-QAR/OldQuartus/db/sign_div_unsign_9nh.tdf Line: 25
Info (12021): Found 1 design units, including 1 entities, in source file db/alt_u_div_6af.tdf
    Info (12023): Found entity 1: alt_u_div_6af File: /home/gabriel/Documents/Projects/Compiler/Processador-QAR/OldQuartus/db/alt_u_div_6af.tdf Line: 27
Info (12130): Elaborated megafunction instantiation "Modulo_Entrada_E_Saida:comb_49|lpm_divide:Div4" File: /home/gabriel/Documents/Projects/Compiler/Processador-QAR/OldQuartus/Modulo_Entrada_E_Saida.v Line: 89
Info (12133): Instantiated megafunction "Modulo_Entrada_E_Saida:comb_49|lpm_divide:Div4" with the following parameter: File: /home/gabriel/Documents/Projects/Compiler/Processador-QAR/OldQuartus/Modulo_Entrada_E_Saida.v Line: 89
    Info (12134): Parameter "LPM_WIDTHN" = "32"
    Info (12134): Parameter "LPM_WIDTHD" = "17"
    Info (12134): Parameter "LPM_NREPRESENTATION" = "UNSIGNED"
    Info (12134): Parameter "LPM_DREPRESENTATION" = "UNSIGNED"
Info (12021): Found 1 design units, including 1 entities, in source file db/lpm_divide_kkm.tdf
    Info (12023): Found entity 1: lpm_divide_kkm File: /home/gabriel/Documents/Projects/Compiler/Processador-QAR/OldQuartus/db/lpm_divide_kkm.tdf Line: 25
Info (12021): Found 1 design units, including 1 entities, in source file db/sign_div_unsign_cnh.tdf
    Info (12023): Found entity 1: sign_div_unsign_cnh File: /home/gabriel/Documents/Projects/Compiler/Processador-QAR/OldQuartus/db/sign_div_unsign_cnh.tdf Line: 25
Info (12021): Found 1 design units, including 1 entities, in source file db/alt_u_div_caf.tdf
    Info (12023): Found entity 1: alt_u_div_caf File: /home/gabriel/Documents/Projects/Compiler/Processador-QAR/OldQuartus/db/alt_u_div_caf.tdf Line: 27
Info (12130): Elaborated megafunction instantiation "Modulo_Entrada_E_Saida:comb_49|lpm_divide:Div5" File: /home/gabriel/Documents/Projects/Compiler/Processador-QAR/OldQuartus/Modulo_Entrada_E_Saida.v Line: 90
Info (12133): Instantiated megafunction "Modulo_Entrada_E_Saida:comb_49|lpm_divide:Div5" with the following parameter: File: /home/gabriel/Documents/Projects/Compiler/Processador-QAR/OldQuartus/Modulo_Entrada_E_Saida.v Line: 90
    Info (12134): Parameter "LPM_WIDTHN" = "32"
    Info (12134): Parameter "LPM_WIDTHD" = "20"
    Info (12134): Parameter "LPM_NREPRESENTATION" = "UNSIGNED"
    Info (12134): Parameter "LPM_DREPRESENTATION" = "UNSIGNED"
Info (12021): Found 1 design units, including 1 entities, in source file db/lpm_divide_ekm.tdf
    Info (12023): Found entity 1: lpm_divide_ekm File: /home/gabriel/Documents/Projects/Compiler/Processador-QAR/OldQuartus/db/lpm_divide_ekm.tdf Line: 25
Info (12021): Found 1 design units, including 1 entities, in source file db/sign_div_unsign_6nh.tdf
    Info (12023): Found entity 1: sign_div_unsign_6nh File: /home/gabriel/Documents/Projects/Compiler/Processador-QAR/OldQuartus/db/sign_div_unsign_6nh.tdf Line: 25
Info (12021): Found 1 design units, including 1 entities, in source file db/alt_u_div_0af.tdf
    Info (12023): Found entity 1: alt_u_div_0af File: /home/gabriel/Documents/Projects/Compiler/Processador-QAR/OldQuartus/db/alt_u_div_0af.tdf Line: 27
Info (12130): Elaborated megafunction instantiation "Modulo_Entrada_E_Saida:comb_49|lpm_divide:Div6" File: /home/gabriel/Documents/Projects/Compiler/Processador-QAR/OldQuartus/Modulo_Entrada_E_Saida.v Line: 91
Info (12133): Instantiated megafunction "Modulo_Entrada_E_Saida:comb_49|lpm_divide:Div6" with the following parameter: File: /home/gabriel/Documents/Projects/Compiler/Processador-QAR/OldQuartus/Modulo_Entrada_E_Saida.v Line: 91
    Info (12134): Parameter "LPM_WIDTHN" = "32"
    Info (12134): Parameter "LPM_WIDTHD" = "24"
    Info (12134): Parameter "LPM_NREPRESENTATION" = "UNSIGNED"
    Info (12134): Parameter "LPM_DREPRESENTATION" = "UNSIGNED"
Info (12021): Found 1 design units, including 1 entities, in source file db/lpm_divide_ikm.tdf
    Info (12023): Found entity 1: lpm_divide_ikm File: /home/gabriel/Documents/Projects/Compiler/Processador-QAR/OldQuartus/db/lpm_divide_ikm.tdf Line: 25
Info (12021): Found 1 design units, including 1 entities, in source file db/sign_div_unsign_anh.tdf
    Info (12023): Found entity 1: sign_div_unsign_anh File: /home/gabriel/Documents/Projects/Compiler/Processador-QAR/OldQuartus/db/sign_div_unsign_anh.tdf Line: 25
Info (12021): Found 1 design units, including 1 entities, in source file db/alt_u_div_8af.tdf
    Info (12023): Found entity 1: alt_u_div_8af File: /home/gabriel/Documents/Projects/Compiler/Processador-QAR/OldQuartus/db/alt_u_div_8af.tdf Line: 27
Info (12130): Elaborated megafunction instantiation "ULA:comb_44|lpm_divide:Div0" File: /home/gabriel/Documents/Projects/Compiler/Processador-QAR/OldQuartus/ULA.v Line: 28
Info (12133): Instantiated megafunction "ULA:comb_44|lpm_divide:Div0" with the following parameter: File: /home/gabriel/Documents/Projects/Compiler/Processador-QAR/OldQuartus/ULA.v Line: 28
    Info (12134): Parameter "LPM_WIDTHN" = "32"
    Info (12134): Parameter "LPM_WIDTHD" = "32"
    Info (12134): Parameter "LPM_NREPRESENTATION" = "UNSIGNED"
    Info (12134): Parameter "LPM_DREPRESENTATION" = "UNSIGNED"
Info (12021): Found 1 design units, including 1 entities, in source file db/lpm_divide_jkm.tdf
    Info (12023): Found entity 1: lpm_divide_jkm File: /home/gabriel/Documents/Projects/Compiler/Processador-QAR/OldQuartus/db/lpm_divide_jkm.tdf Line: 25
Info (12021): Found 1 design units, including 1 entities, in source file db/sign_div_unsign_bnh.tdf
    Info (12023): Found entity 1: sign_div_unsign_bnh File: /home/gabriel/Documents/Projects/Compiler/Processador-QAR/OldQuartus/db/sign_div_unsign_bnh.tdf Line: 25
Info (12021): Found 1 design units, including 1 entities, in source file db/alt_u_div_7af.tdf
    Info (12023): Found entity 1: alt_u_div_7af File: /home/gabriel/Documents/Projects/Compiler/Processador-QAR/OldQuartus/db/alt_u_div_7af.tdf Line: 27
Info (12130): Elaborated megafunction instantiation "ULA:comb_44|lpm_mult:Mult0" File: /home/gabriel/Documents/Projects/Compiler/Processador-QAR/OldQuartus/ULA.v Line: 27
Info (12133): Instantiated megafunction "ULA:comb_44|lpm_mult:Mult0" with the following parameter: File: /home/gabriel/Documents/Projects/Compiler/Processador-QAR/OldQuartus/ULA.v Line: 27
    Info (12134): Parameter "LPM_WIDTHA" = "32"
    Info (12134): Parameter "LPM_WIDTHB" = "32"
    Info (12134): Parameter "LPM_WIDTHP" = "64"
    Info (12134): Parameter "LPM_WIDTHR" = "64"
    Info (12134): Parameter "LPM_WIDTHS" = "1"
    Info (12134): Parameter "LPM_REPRESENTATION" = "UNSIGNED"
    Info (12134): Parameter "INPUT_A_IS_CONSTANT" = "NO"
    Info (12134): Parameter "INPUT_B_IS_CONSTANT" = "NO"
    Info (12134): Parameter "MAXIMIZE_SPEED" = "5"
Info (12021): Found 1 design units, including 1 entities, in source file db/mult_7dt.tdf
    Info (12023): Found entity 1: mult_7dt File: /home/gabriel/Documents/Projects/Compiler/Processador-QAR/OldQuartus/db/mult_7dt.tdf Line: 31
Warning (14284): Synthesized away the following node(s):
    Warning (14285): Synthesized away the following RAM node(s):
        Warning (14320): Synthesized away node "Memoria_Instrucoes:comb_5|altsyncram:rom_rtl_0|altsyncram_lf91:auto_generated|ram_block1a26" File: /home/gabriel/Documents/Projects/Compiler/Processador-QAR/OldQuartus/db/altsyncram_lf91.tdf Line: 581
        Warning (14320): Synthesized away node "Memoria_Instrucoes:comb_5|altsyncram:rom_rtl_0|altsyncram_lf91:auto_generated|ram_block1a27" File: /home/gabriel/Documents/Projects/Compiler/Processador-QAR/OldQuartus/db/altsyncram_lf91.tdf Line: 602
        Warning (14320): Synthesized away node "Memoria_Instrucoes:comb_5|altsyncram:rom_rtl_0|altsyncram_lf91:auto_generated|ram_block1a28" File: /home/gabriel/Documents/Projects/Compiler/Processador-QAR/OldQuartus/db/altsyncram_lf91.tdf Line: 623
        Warning (14320): Synthesized away node "Memoria_Instrucoes:comb_5|altsyncram:rom_rtl_0|altsyncram_lf91:auto_generated|ram_block1a29" File: /home/gabriel/Documents/Projects/Compiler/Processador-QAR/OldQuartus/db/altsyncram_lf91.tdf Line: 644
        Warning (14320): Synthesized away node "Memoria_Instrucoes:comb_5|altsyncram:rom_rtl_0|altsyncram_lf91:auto_generated|ram_block1a30" File: /home/gabriel/Documents/Projects/Compiler/Processador-QAR/OldQuartus/db/altsyncram_lf91.tdf Line: 665
        Warning (14320): Synthesized away node "Memoria_Instrucoes:comb_5|altsyncram:rom_rtl_0|altsyncram_lf91:auto_generated|ram_block1a31" File: /home/gabriel/Documents/Projects/Compiler/Processador-QAR/OldQuartus/db/altsyncram_lf91.tdf Line: 686
Warning (14284): Synthesized away the following node(s):
    Warning (14285): Synthesized away the following DSP element node(s):
        Warning (14320): Synthesized away node "ULA:comb_44|lpm_mult:Mult0|mult_7dt:auto_generated|mac_mult7" File: /home/gabriel/Documents/Projects/Compiler/Processador-QAR/OldQuartus/db/mult_7dt.tdf Line: 67
        Warning (14320): Synthesized away node "ULA:comb_44|lpm_mult:Mult0|mult_7dt:auto_generated|mac_out8" File: /home/gabriel/Documents/Projects/Compiler/Processador-QAR/OldQuartus/db/mult_7dt.tdf Line: 91
Warning (12241): 3 hierarchies have connectivity warnings - see the Connectivity Checks report folder
Info (13014): Ignored 84 buffer(s)
    Info (13019): Ignored 84 SOFT buffer(s)
Warning (13024): Output pins are stuck at VCC or GND
    Warning (13410): Pin "Velho_PC[9]" is stuck at GND File: /home/gabriel/Documents/Projects/Compiler/Processador-QAR/OldQuartus/Processador_Completo.v Line: 31
    Warning (13410): Pin "Velho_PC[10]" is stuck at GND File: /home/gabriel/Documents/Projects/Compiler/Processador-QAR/OldQuartus/Processador_Completo.v Line: 31
    Warning (13410): Pin "Velho_PC[11]" is stuck at GND File: /home/gabriel/Documents/Projects/Compiler/Processador-QAR/OldQuartus/Processador_Completo.v Line: 31
    Warning (13410): Pin "Velho_PC[12]" is stuck at GND File: /home/gabriel/Documents/Projects/Compiler/Processador-QAR/OldQuartus/Processador_Completo.v Line: 31
    Warning (13410): Pin "Velho_PC[13]" is stuck at GND File: /home/gabriel/Documents/Projects/Compiler/Processador-QAR/OldQuartus/Processador_Completo.v Line: 31
    Warning (13410): Pin "Velho_PC[14]" is stuck at GND File: /home/gabriel/Documents/Projects/Compiler/Processador-QAR/OldQuartus/Processador_Completo.v Line: 31
    Warning (13410): Pin "Velho_PC[15]" is stuck at GND File: /home/gabriel/Documents/Projects/Compiler/Processador-QAR/OldQuartus/Processador_Completo.v Line: 31
    Warning (13410): Pin "Velho_PC[16]" is stuck at GND File: /home/gabriel/Documents/Projects/Compiler/Processador-QAR/OldQuartus/Processador_Completo.v Line: 31
    Warning (13410): Pin "Velho_PC[17]" is stuck at GND File: /home/gabriel/Documents/Projects/Compiler/Processador-QAR/OldQuartus/Processador_Completo.v Line: 31
    Warning (13410): Pin "Velho_PC[18]" is stuck at GND File: /home/gabriel/Documents/Projects/Compiler/Processador-QAR/OldQuartus/Processador_Completo.v Line: 31
    Warning (13410): Pin "Velho_PC[19]" is stuck at GND File: /home/gabriel/Documents/Projects/Compiler/Processador-QAR/OldQuartus/Processador_Completo.v Line: 31
    Warning (13410): Pin "Velho_PC[20]" is stuck at GND File: /home/gabriel/Documents/Projects/Compiler/Processador-QAR/OldQuartus/Processador_Completo.v Line: 31
    Warning (13410): Pin "Velho_PC[21]" is stuck at GND File: /home/gabriel/Documents/Projects/Compiler/Processador-QAR/OldQuartus/Processador_Completo.v Line: 31
    Warning (13410): Pin "Velho_PC[22]" is stuck at GND File: /home/gabriel/Documents/Projects/Compiler/Processador-QAR/OldQuartus/Processador_Completo.v Line: 31
    Warning (13410): Pin "Velho_PC[23]" is stuck at GND File: /home/gabriel/Documents/Projects/Compiler/Processador-QAR/OldQuartus/Processador_Completo.v Line: 31
    Warning (13410): Pin "Velho_PC[24]" is stuck at GND File: /home/gabriel/Documents/Projects/Compiler/Processador-QAR/OldQuartus/Processador_Completo.v Line: 31
    Warning (13410): Pin "Velho_PC[25]" is stuck at GND File: /home/gabriel/Documents/Projects/Compiler/Processador-QAR/OldQuartus/Processador_Completo.v Line: 31
    Warning (13410): Pin "Velho_PC[26]" is stuck at GND File: /home/gabriel/Documents/Projects/Compiler/Processador-QAR/OldQuartus/Processador_Completo.v Line: 31
    Warning (13410): Pin "Velho_PC[27]" is stuck at GND File: /home/gabriel/Documents/Projects/Compiler/Processador-QAR/OldQuartus/Processador_Completo.v Line: 31
    Warning (13410): Pin "Velho_PC[28]" is stuck at GND File: /home/gabriel/Documents/Projects/Compiler/Processador-QAR/OldQuartus/Processador_Completo.v Line: 31
    Warning (13410): Pin "Velho_PC[29]" is stuck at GND File: /home/gabriel/Documents/Projects/Compiler/Processador-QAR/OldQuartus/Processador_Completo.v Line: 31
    Warning (13410): Pin "Velho_PC[30]" is stuck at GND File: /home/gabriel/Documents/Projects/Compiler/Processador-QAR/OldQuartus/Processador_Completo.v Line: 31
    Warning (13410): Pin "Velho_PC[31]" is stuck at GND File: /home/gabriel/Documents/Projects/Compiler/Processador-QAR/OldQuartus/Processador_Completo.v Line: 31
Info (286030): Timing-Driven Synthesis is running
Info (17016): Found the following redundant logic cells in design
    Info (17048): Logic cell "Modulo_Entrada_E_Saida:comb_49|lpm_divide:Mod1|lpm_divide_3bm:auto_generated|sign_div_unsign_olh:divider|alt_u_div_47f:divider|add_sub_31_result_int[0]~0" File: /home/gabriel/Documents/Projects/Compiler/Processador-QAR/OldQuartus/db/alt_u_div_47f.tdf Line: 152
    Info (17048): Logic cell "Modulo_Entrada_E_Saida:comb_49|lpm_divide:Mod1|lpm_divide_3bm:auto_generated|sign_div_unsign_olh:divider|alt_u_div_47f:divider|add_sub_6_result_int[0]~10" File: /home/gabriel/Documents/Projects/Compiler/Processador-QAR/OldQuartus/db/alt_u_div_47f.tdf Line: 167
    Info (17048): Logic cell "Modulo_Entrada_E_Saida:comb_49|lpm_divide:Mod1|lpm_divide_3bm:auto_generated|sign_div_unsign_olh:divider|alt_u_div_47f:divider|add_sub_7_result_int[0]~10" File: /home/gabriel/Documents/Projects/Compiler/Processador-QAR/OldQuartus/db/alt_u_div_47f.tdf Line: 172
    Info (17048): Logic cell "Modulo_Entrada_E_Saida:comb_49|lpm_divide:Mod1|lpm_divide_3bm:auto_generated|sign_div_unsign_olh:divider|alt_u_div_47f:divider|add_sub_8_result_int[0]~10" File: /home/gabriel/Documents/Projects/Compiler/Processador-QAR/OldQuartus/db/alt_u_div_47f.tdf Line: 177
    Info (17048): Logic cell "Modulo_Entrada_E_Saida:comb_49|lpm_divide:Mod1|lpm_divide_3bm:auto_generated|sign_div_unsign_olh:divider|alt_u_div_47f:divider|add_sub_9_result_int[0]~10" File: /home/gabriel/Documents/Projects/Compiler/Processador-QAR/OldQuartus/db/alt_u_div_47f.tdf Line: 182
    Info (17048): Logic cell "Modulo_Entrada_E_Saida:comb_49|lpm_divide:Mod1|lpm_divide_3bm:auto_generated|sign_div_unsign_olh:divider|alt_u_div_47f:divider|add_sub_10_result_int[0]~10" File: /home/gabriel/Documents/Projects/Compiler/Processador-QAR/OldQuartus/db/alt_u_div_47f.tdf Line: 37
    Info (17048): Logic cell "Modulo_Entrada_E_Saida:comb_49|lpm_divide:Mod1|lpm_divide_3bm:auto_generated|sign_div_unsign_olh:divider|alt_u_div_47f:divider|add_sub_11_result_int[0]~10" File: /home/gabriel/Documents/Projects/Compiler/Processador-QAR/OldQuartus/db/alt_u_div_47f.tdf Line: 42
    Info (17048): Logic cell "Modulo_Entrada_E_Saida:comb_49|lpm_divide:Mod1|lpm_divide_3bm:auto_generated|sign_div_unsign_olh:divider|alt_u_div_47f:divider|add_sub_12_result_int[0]~10" File: /home/gabriel/Documents/Projects/Compiler/Processador-QAR/OldQuartus/db/alt_u_div_47f.tdf Line: 47
    Info (17048): Logic cell "Modulo_Entrada_E_Saida:comb_49|lpm_divide:Mod1|lpm_divide_3bm:auto_generated|sign_div_unsign_olh:divider|alt_u_div_47f:divider|add_sub_13_result_int[0]~10" File: /home/gabriel/Documents/Projects/Compiler/Processador-QAR/OldQuartus/db/alt_u_div_47f.tdf Line: 52
    Info (17048): Logic cell "Modulo_Entrada_E_Saida:comb_49|lpm_divide:Mod1|lpm_divide_3bm:auto_generated|sign_div_unsign_olh:divider|alt_u_div_47f:divider|add_sub_14_result_int[0]~10" File: /home/gabriel/Documents/Projects/Compiler/Processador-QAR/OldQuartus/db/alt_u_div_47f.tdf Line: 57
    Info (17048): Logic cell "Modulo_Entrada_E_Saida:comb_49|lpm_divide:Mod1|lpm_divide_3bm:auto_generated|sign_div_unsign_olh:divider|alt_u_div_47f:divider|add_sub_15_result_int[0]~10" File: /home/gabriel/Documents/Projects/Compiler/Processador-QAR/OldQuartus/db/alt_u_div_47f.tdf Line: 62
    Info (17048): Logic cell "Modulo_Entrada_E_Saida:comb_49|lpm_divide:Mod1|lpm_divide_3bm:auto_generated|sign_div_unsign_olh:divider|alt_u_div_47f:divider|add_sub_16_result_int[0]~10" File: /home/gabriel/Documents/Projects/Compiler/Processador-QAR/OldQuartus/db/alt_u_div_47f.tdf Line: 67
    Info (17048): Logic cell "Modulo_Entrada_E_Saida:comb_49|lpm_divide:Mod1|lpm_divide_3bm:auto_generated|sign_div_unsign_olh:divider|alt_u_div_47f:divider|add_sub_17_result_int[0]~10" File: /home/gabriel/Documents/Projects/Compiler/Processador-QAR/OldQuartus/db/alt_u_div_47f.tdf Line: 72
    Info (17048): Logic cell "Modulo_Entrada_E_Saida:comb_49|lpm_divide:Mod1|lpm_divide_3bm:auto_generated|sign_div_unsign_olh:divider|alt_u_div_47f:divider|add_sub_18_result_int[0]~10" File: /home/gabriel/Documents/Projects/Compiler/Processador-QAR/OldQuartus/db/alt_u_div_47f.tdf Line: 77
    Info (17048): Logic cell "Modulo_Entrada_E_Saida:comb_49|lpm_divide:Mod1|lpm_divide_3bm:auto_generated|sign_div_unsign_olh:divider|alt_u_div_47f:divider|add_sub_19_result_int[0]~10" File: /home/gabriel/Documents/Projects/Compiler/Processador-QAR/OldQuartus/db/alt_u_div_47f.tdf Line: 82
    Info (17048): Logic cell "Modulo_Entrada_E_Saida:comb_49|lpm_divide:Mod1|lpm_divide_3bm:auto_generated|sign_div_unsign_olh:divider|alt_u_div_47f:divider|add_sub_20_result_int[0]~10" File: /home/gabriel/Documents/Projects/Compiler/Processador-QAR/OldQuartus/db/alt_u_div_47f.tdf Line: 92
    Info (17048): Logic cell "Modulo_Entrada_E_Saida:comb_49|lpm_divide:Mod1|lpm_divide_3bm:auto_generated|sign_div_unsign_olh:divider|alt_u_div_47f:divider|add_sub_21_result_int[0]~10" File: /home/gabriel/Documents/Projects/Compiler/Processador-QAR/OldQuartus/db/alt_u_div_47f.tdf Line: 97
    Info (17048): Logic cell "Modulo_Entrada_E_Saida:comb_49|lpm_divide:Mod1|lpm_divide_3bm:auto_generated|sign_div_unsign_olh:divider|alt_u_div_47f:divider|add_sub_22_result_int[0]~10" File: /home/gabriel/Documents/Projects/Compiler/Processador-QAR/OldQuartus/db/alt_u_div_47f.tdf Line: 102
    Info (17048): Logic cell "Modulo_Entrada_E_Saida:comb_49|lpm_divide:Mod1|lpm_divide_3bm:auto_generated|sign_div_unsign_olh:divider|alt_u_div_47f:divider|add_sub_23_result_int[0]~10" File: /home/gabriel/Documents/Projects/Compiler/Processador-QAR/OldQuartus/db/alt_u_div_47f.tdf Line: 107
    Info (17048): Logic cell "Modulo_Entrada_E_Saida:comb_49|lpm_divide:Mod1|lpm_divide_3bm:auto_generated|sign_div_unsign_olh:divider|alt_u_div_47f:divider|add_sub_24_result_int[0]~10" File: /home/gabriel/Documents/Projects/Compiler/Processador-QAR/OldQuartus/db/alt_u_div_47f.tdf Line: 112
    Info (17048): Logic cell "Modulo_Entrada_E_Saida:comb_49|lpm_divide:Mod1|lpm_divide_3bm:auto_generated|sign_div_unsign_olh:divider|alt_u_div_47f:divider|add_sub_25_result_int[0]~10" File: /home/gabriel/Documents/Projects/Compiler/Processador-QAR/OldQuartus/db/alt_u_div_47f.tdf Line: 117
    Info (17048): Logic cell "Modulo_Entrada_E_Saida:comb_49|lpm_divide:Mod1|lpm_divide_3bm:auto_generated|sign_div_unsign_olh:divider|alt_u_div_47f:divider|add_sub_26_result_int[0]~10" File: /home/gabriel/Documents/Projects/Compiler/Processador-QAR/OldQuartus/db/alt_u_div_47f.tdf Line: 122
    Info (17048): Logic cell "Modulo_Entrada_E_Saida:comb_49|lpm_divide:Mod1|lpm_divide_3bm:auto_generated|sign_div_unsign_olh:divider|alt_u_div_47f:divider|add_sub_27_result_int[0]~10" File: /home/gabriel/Documents/Projects/Compiler/Processador-QAR/OldQuartus/db/alt_u_div_47f.tdf Line: 127
    Info (17048): Logic cell "Modulo_Entrada_E_Saida:comb_49|lpm_divide:Mod1|lpm_divide_3bm:auto_generated|sign_div_unsign_olh:divider|alt_u_div_47f:divider|add_sub_28_result_int[0]~10" File: /home/gabriel/Documents/Projects/Compiler/Processador-QAR/OldQuartus/db/alt_u_div_47f.tdf Line: 132
    Info (17048): Logic cell "Modulo_Entrada_E_Saida:comb_49|lpm_divide:Mod1|lpm_divide_3bm:auto_generated|sign_div_unsign_olh:divider|alt_u_div_47f:divider|add_sub_29_result_int[0]~10" File: /home/gabriel/Documents/Projects/Compiler/Processador-QAR/OldQuartus/db/alt_u_div_47f.tdf Line: 137
    Info (17048): Logic cell "Modulo_Entrada_E_Saida:comb_49|lpm_divide:Mod1|lpm_divide_3bm:auto_generated|sign_div_unsign_olh:divider|alt_u_div_47f:divider|add_sub_30_result_int[0]~10" File: /home/gabriel/Documents/Projects/Compiler/Processador-QAR/OldQuartus/db/alt_u_div_47f.tdf Line: 147
    Info (17048): Logic cell "Modulo_Entrada_E_Saida:comb_49|lpm_divide:Mod2|lpm_divide_3bm:auto_generated|sign_div_unsign_olh:divider|alt_u_div_47f:divider|add_sub_31_result_int[0]~0" File: /home/gabriel/Documents/Projects/Compiler/Processador-QAR/OldQuartus/db/alt_u_div_47f.tdf Line: 152
    Info (17048): Logic cell "Modulo_Entrada_E_Saida:comb_49|lpm_divide:Mod2|lpm_divide_3bm:auto_generated|sign_div_unsign_olh:divider|alt_u_div_47f:divider|add_sub_9_result_int[0]~10" File: /home/gabriel/Documents/Projects/Compiler/Processador-QAR/OldQuartus/db/alt_u_div_47f.tdf Line: 182
    Info (17048): Logic cell "Modulo_Entrada_E_Saida:comb_49|lpm_divide:Mod2|lpm_divide_3bm:auto_generated|sign_div_unsign_olh:divider|alt_u_div_47f:divider|add_sub_10_result_int[0]~10" File: /home/gabriel/Documents/Projects/Compiler/Processador-QAR/OldQuartus/db/alt_u_div_47f.tdf Line: 37
    Info (17048): Logic cell "Modulo_Entrada_E_Saida:comb_49|lpm_divide:Mod2|lpm_divide_3bm:auto_generated|sign_div_unsign_olh:divider|alt_u_div_47f:divider|add_sub_11_result_int[0]~10" File: /home/gabriel/Documents/Projects/Compiler/Processador-QAR/OldQuartus/db/alt_u_div_47f.tdf Line: 42
    Info (17048): Logic cell "Modulo_Entrada_E_Saida:comb_49|lpm_divide:Mod2|lpm_divide_3bm:auto_generated|sign_div_unsign_olh:divider|alt_u_div_47f:divider|add_sub_12_result_int[0]~10" File: /home/gabriel/Documents/Projects/Compiler/Processador-QAR/OldQuartus/db/alt_u_div_47f.tdf Line: 47
    Info (17048): Logic cell "Modulo_Entrada_E_Saida:comb_49|lpm_divide:Mod2|lpm_divide_3bm:auto_generated|sign_div_unsign_olh:divider|alt_u_div_47f:divider|add_sub_13_result_int[0]~10" File: /home/gabriel/Documents/Projects/Compiler/Processador-QAR/OldQuartus/db/alt_u_div_47f.tdf Line: 52
    Info (17048): Logic cell "Modulo_Entrada_E_Saida:comb_49|lpm_divide:Mod2|lpm_divide_3bm:auto_generated|sign_div_unsign_olh:divider|alt_u_div_47f:divider|add_sub_14_result_int[0]~10" File: /home/gabriel/Documents/Projects/Compiler/Processador-QAR/OldQuartus/db/alt_u_div_47f.tdf Line: 57
    Info (17048): Logic cell "Modulo_Entrada_E_Saida:comb_49|lpm_divide:Mod2|lpm_divide_3bm:auto_generated|sign_div_unsign_olh:divider|alt_u_div_47f:divider|add_sub_15_result_int[0]~10" File: /home/gabriel/Documents/Projects/Compiler/Processador-QAR/OldQuartus/db/alt_u_div_47f.tdf Line: 62
    Info (17048): Logic cell "Modulo_Entrada_E_Saida:comb_49|lpm_divide:Mod2|lpm_divide_3bm:auto_generated|sign_div_unsign_olh:divider|alt_u_div_47f:divider|add_sub_16_result_int[0]~10" File: /home/gabriel/Documents/Projects/Compiler/Processador-QAR/OldQuartus/db/alt_u_div_47f.tdf Line: 67
    Info (17048): Logic cell "Modulo_Entrada_E_Saida:comb_49|lpm_divide:Mod2|lpm_divide_3bm:auto_generated|sign_div_unsign_olh:divider|alt_u_div_47f:divider|add_sub_17_result_int[0]~10" File: /home/gabriel/Documents/Projects/Compiler/Processador-QAR/OldQuartus/db/alt_u_div_47f.tdf Line: 72
    Info (17048): Logic cell "Modulo_Entrada_E_Saida:comb_49|lpm_divide:Mod2|lpm_divide_3bm:auto_generated|sign_div_unsign_olh:divider|alt_u_div_47f:divider|add_sub_18_result_int[0]~10" File: /home/gabriel/Documents/Projects/Compiler/Processador-QAR/OldQuartus/db/alt_u_div_47f.tdf Line: 77
    Info (17048): Logic cell "Modulo_Entrada_E_Saida:comb_49|lpm_divide:Mod2|lpm_divide_3bm:auto_generated|sign_div_unsign_olh:divider|alt_u_div_47f:divider|add_sub_19_result_int[0]~10" File: /home/gabriel/Documents/Projects/Compiler/Processador-QAR/OldQuartus/db/alt_u_div_47f.tdf Line: 82
    Info (17048): Logic cell "Modulo_Entrada_E_Saida:comb_49|lpm_divide:Mod2|lpm_divide_3bm:auto_generated|sign_div_unsign_olh:divider|alt_u_div_47f:divider|add_sub_20_result_int[0]~10" File: /home/gabriel/Documents/Projects/Compiler/Processador-QAR/OldQuartus/db/alt_u_div_47f.tdf Line: 92
    Info (17048): Logic cell "Modulo_Entrada_E_Saida:comb_49|lpm_divide:Mod2|lpm_divide_3bm:auto_generated|sign_div_unsign_olh:divider|alt_u_div_47f:divider|add_sub_21_result_int[0]~10" File: /home/gabriel/Documents/Projects/Compiler/Processador-QAR/OldQuartus/db/alt_u_div_47f.tdf Line: 97
    Info (17048): Logic cell "Modulo_Entrada_E_Saida:comb_49|lpm_divide:Mod2|lpm_divide_3bm:auto_generated|sign_div_unsign_olh:divider|alt_u_div_47f:divider|add_sub_22_result_int[0]~10" File: /home/gabriel/Documents/Projects/Compiler/Processador-QAR/OldQuartus/db/alt_u_div_47f.tdf Line: 102
    Info (17048): Logic cell "Modulo_Entrada_E_Saida:comb_49|lpm_divide:Mod2|lpm_divide_3bm:auto_generated|sign_div_unsign_olh:divider|alt_u_div_47f:divider|add_sub_23_result_int[0]~10" File: /home/gabriel/Documents/Projects/Compiler/Processador-QAR/OldQuartus/db/alt_u_div_47f.tdf Line: 107
    Info (17048): Logic cell "Modulo_Entrada_E_Saida:comb_49|lpm_divide:Mod2|lpm_divide_3bm:auto_generated|sign_div_unsign_olh:divider|alt_u_div_47f:divider|add_sub_24_result_int[0]~10" File: /home/gabriel/Documents/Projects/Compiler/Processador-QAR/OldQuartus/db/alt_u_div_47f.tdf Line: 112
    Info (17048): Logic cell "Modulo_Entrada_E_Saida:comb_49|lpm_divide:Mod2|lpm_divide_3bm:auto_generated|sign_div_unsign_olh:divider|alt_u_div_47f:divider|add_sub_25_result_int[0]~10" File: /home/gabriel/Documents/Projects/Compiler/Processador-QAR/OldQuartus/db/alt_u_div_47f.tdf Line: 117
    Info (17048): Logic cell "Modulo_Entrada_E_Saida:comb_49|lpm_divide:Mod2|lpm_divide_3bm:auto_generated|sign_div_unsign_olh:divider|alt_u_div_47f:divider|add_sub_26_result_int[0]~10" File: /home/gabriel/Documents/Projects/Compiler/Processador-QAR/OldQuartus/db/alt_u_div_47f.tdf Line: 122
    Info (17048): Logic cell "Modulo_Entrada_E_Saida:comb_49|lpm_divide:Mod2|lpm_divide_3bm:auto_generated|sign_div_unsign_olh:divider|alt_u_div_47f:divider|add_sub_27_result_int[0]~10" File: /home/gabriel/Documents/Projects/Compiler/Processador-QAR/OldQuartus/db/alt_u_div_47f.tdf Line: 127
    Info (17048): Logic cell "Modulo_Entrada_E_Saida:comb_49|lpm_divide:Mod2|lpm_divide_3bm:auto_generated|sign_div_unsign_olh:divider|alt_u_div_47f:divider|add_sub_28_result_int[0]~10" File: /home/gabriel/Documents/Projects/Compiler/Processador-QAR/OldQuartus/db/alt_u_div_47f.tdf Line: 132
    Info (17048): Logic cell "Modulo_Entrada_E_Saida:comb_49|lpm_divide:Mod2|lpm_divide_3bm:auto_generated|sign_div_unsign_olh:divider|alt_u_div_47f:divider|add_sub_29_result_int[0]~10" File: /home/gabriel/Documents/Projects/Compiler/Processador-QAR/OldQuartus/db/alt_u_div_47f.tdf Line: 137
    Info (17048): Logic cell "Modulo_Entrada_E_Saida:comb_49|lpm_divide:Mod2|lpm_divide_3bm:auto_generated|sign_div_unsign_olh:divider|alt_u_div_47f:divider|add_sub_30_result_int[0]~10" File: /home/gabriel/Documents/Projects/Compiler/Processador-QAR/OldQuartus/db/alt_u_div_47f.tdf Line: 147
    Info (17048): Logic cell "Modulo_Entrada_E_Saida:comb_49|lpm_divide:Mod3|lpm_divide_3bm:auto_generated|sign_div_unsign_olh:divider|alt_u_div_47f:divider|add_sub_31_result_int[0]~0" File: /home/gabriel/Documents/Projects/Compiler/Processador-QAR/OldQuartus/db/alt_u_div_47f.tdf Line: 152
    Info (17048): Logic cell "Modulo_Entrada_E_Saida:comb_49|lpm_divide:Mod3|lpm_divide_3bm:auto_generated|sign_div_unsign_olh:divider|alt_u_div_47f:divider|add_sub_12_result_int[0]~10" File: /home/gabriel/Documents/Projects/Compiler/Processador-QAR/OldQuartus/db/alt_u_div_47f.tdf Line: 47
    Info (17048): Logic cell "Modulo_Entrada_E_Saida:comb_49|lpm_divide:Mod3|lpm_divide_3bm:auto_generated|sign_div_unsign_olh:divider|alt_u_div_47f:divider|add_sub_13_result_int[0]~10" File: /home/gabriel/Documents/Projects/Compiler/Processador-QAR/OldQuartus/db/alt_u_div_47f.tdf Line: 52
    Info (17048): Logic cell "Modulo_Entrada_E_Saida:comb_49|lpm_divide:Mod3|lpm_divide_3bm:auto_generated|sign_div_unsign_olh:divider|alt_u_div_47f:divider|add_sub_14_result_int[0]~10" File: /home/gabriel/Documents/Projects/Compiler/Processador-QAR/OldQuartus/db/alt_u_div_47f.tdf Line: 57
    Info (17048): Logic cell "Modulo_Entrada_E_Saida:comb_49|lpm_divide:Mod3|lpm_divide_3bm:auto_generated|sign_div_unsign_olh:divider|alt_u_div_47f:divider|add_sub_15_result_int[0]~10" File: /home/gabriel/Documents/Projects/Compiler/Processador-QAR/OldQuartus/db/alt_u_div_47f.tdf Line: 62
    Info (17048): Logic cell "Modulo_Entrada_E_Saida:comb_49|lpm_divide:Mod3|lpm_divide_3bm:auto_generated|sign_div_unsign_olh:divider|alt_u_div_47f:divider|add_sub_16_result_int[0]~10" File: /home/gabriel/Documents/Projects/Compiler/Processador-QAR/OldQuartus/db/alt_u_div_47f.tdf Line: 67
    Info (17048): Logic cell "Modulo_Entrada_E_Saida:comb_49|lpm_divide:Mod3|lpm_divide_3bm:auto_generated|sign_div_unsign_olh:divider|alt_u_div_47f:divider|add_sub_17_result_int[0]~10" File: /home/gabriel/Documents/Projects/Compiler/Processador-QAR/OldQuartus/db/alt_u_div_47f.tdf Line: 72
    Info (17048): Logic cell "Modulo_Entrada_E_Saida:comb_49|lpm_divide:Mod3|lpm_divide_3bm:auto_generated|sign_div_unsign_olh:divider|alt_u_div_47f:divider|add_sub_18_result_int[0]~10" File: /home/gabriel/Documents/Projects/Compiler/Processador-QAR/OldQuartus/db/alt_u_div_47f.tdf Line: 77
    Info (17048): Logic cell "Modulo_Entrada_E_Saida:comb_49|lpm_divide:Mod3|lpm_divide_3bm:auto_generated|sign_div_unsign_olh:divider|alt_u_div_47f:divider|add_sub_19_result_int[0]~10" File: /home/gabriel/Documents/Projects/Compiler/Processador-QAR/OldQuartus/db/alt_u_div_47f.tdf Line: 82
    Info (17048): Logic cell "Modulo_Entrada_E_Saida:comb_49|lpm_divide:Mod3|lpm_divide_3bm:auto_generated|sign_div_unsign_olh:divider|alt_u_div_47f:divider|add_sub_20_result_int[0]~10" File: /home/gabriel/Documents/Projects/Compiler/Processador-QAR/OldQuartus/db/alt_u_div_47f.tdf Line: 92
    Info (17048): Logic cell "Modulo_Entrada_E_Saida:comb_49|lpm_divide:Mod3|lpm_divide_3bm:auto_generated|sign_div_unsign_olh:divider|alt_u_div_47f:divider|add_sub_21_result_int[0]~10" File: /home/gabriel/Documents/Projects/Compiler/Processador-QAR/OldQuartus/db/alt_u_div_47f.tdf Line: 97
    Info (17048): Logic cell "Modulo_Entrada_E_Saida:comb_49|lpm_divide:Mod3|lpm_divide_3bm:auto_generated|sign_div_unsign_olh:divider|alt_u_div_47f:divider|add_sub_22_result_int[0]~10" File: /home/gabriel/Documents/Projects/Compiler/Processador-QAR/OldQuartus/db/alt_u_div_47f.tdf Line: 102
    Info (17048): Logic cell "Modulo_Entrada_E_Saida:comb_49|lpm_divide:Mod3|lpm_divide_3bm:auto_generated|sign_div_unsign_olh:divider|alt_u_div_47f:divider|add_sub_23_result_int[0]~10" File: /home/gabriel/Documents/Projects/Compiler/Processador-QAR/OldQuartus/db/alt_u_div_47f.tdf Line: 107
    Info (17048): Logic cell "Modulo_Entrada_E_Saida:comb_49|lpm_divide:Mod3|lpm_divide_3bm:auto_generated|sign_div_unsign_olh:divider|alt_u_div_47f:divider|add_sub_24_result_int[0]~10" File: /home/gabriel/Documents/Projects/Compiler/Processador-QAR/OldQuartus/db/alt_u_div_47f.tdf Line: 112
    Info (17048): Logic cell "Modulo_Entrada_E_Saida:comb_49|lpm_divide:Mod3|lpm_divide_3bm:auto_generated|sign_div_unsign_olh:divider|alt_u_div_47f:divider|add_sub_25_result_int[0]~10" File: /home/gabriel/Documents/Projects/Compiler/Processador-QAR/OldQuartus/db/alt_u_div_47f.tdf Line: 117
    Info (17048): Logic cell "Modulo_Entrada_E_Saida:comb_49|lpm_divide:Mod3|lpm_divide_3bm:auto_generated|sign_div_unsign_olh:divider|alt_u_div_47f:divider|add_sub_26_result_int[0]~10" File: /home/gabriel/Documents/Projects/Compiler/Processador-QAR/OldQuartus/db/alt_u_div_47f.tdf Line: 122
    Info (17048): Logic cell "Modulo_Entrada_E_Saida:comb_49|lpm_divide:Mod3|lpm_divide_3bm:auto_generated|sign_div_unsign_olh:divider|alt_u_div_47f:divider|add_sub_27_result_int[0]~10" File: /home/gabriel/Documents/Projects/Compiler/Processador-QAR/OldQuartus/db/alt_u_div_47f.tdf Line: 127
    Info (17048): Logic cell "Modulo_Entrada_E_Saida:comb_49|lpm_divide:Mod3|lpm_divide_3bm:auto_generated|sign_div_unsign_olh:divider|alt_u_div_47f:divider|add_sub_28_result_int[0]~10" File: /home/gabriel/Documents/Projects/Compiler/Processador-QAR/OldQuartus/db/alt_u_div_47f.tdf Line: 132
    Info (17048): Logic cell "Modulo_Entrada_E_Saida:comb_49|lpm_divide:Mod3|lpm_divide_3bm:auto_generated|sign_div_unsign_olh:divider|alt_u_div_47f:divider|add_sub_29_result_int[0]~10" File: /home/gabriel/Documents/Projects/Compiler/Processador-QAR/OldQuartus/db/alt_u_div_47f.tdf Line: 137
    Info (17048): Logic cell "Modulo_Entrada_E_Saida:comb_49|lpm_divide:Mod3|lpm_divide_3bm:auto_generated|sign_div_unsign_olh:divider|alt_u_div_47f:divider|add_sub_30_result_int[0]~10" File: /home/gabriel/Documents/Projects/Compiler/Processador-QAR/OldQuartus/db/alt_u_div_47f.tdf Line: 147
    Info (17048): Logic cell "Modulo_Entrada_E_Saida:comb_49|lpm_divide:Mod4|lpm_divide_3bm:auto_generated|sign_div_unsign_olh:divider|alt_u_div_47f:divider|add_sub_31_result_int[0]~0" File: /home/gabriel/Documents/Projects/Compiler/Processador-QAR/OldQuartus/db/alt_u_div_47f.tdf Line: 152
    Info (17048): Logic cell "Modulo_Entrada_E_Saida:comb_49|lpm_divide:Mod4|lpm_divide_3bm:auto_generated|sign_div_unsign_olh:divider|alt_u_div_47f:divider|add_sub_16_result_int[0]~10" File: /home/gabriel/Documents/Projects/Compiler/Processador-QAR/OldQuartus/db/alt_u_div_47f.tdf Line: 67
    Info (17048): Logic cell "Modulo_Entrada_E_Saida:comb_49|lpm_divide:Mod4|lpm_divide_3bm:auto_generated|sign_div_unsign_olh:divider|alt_u_div_47f:divider|add_sub_17_result_int[0]~10" File: /home/gabriel/Documents/Projects/Compiler/Processador-QAR/OldQuartus/db/alt_u_div_47f.tdf Line: 72
    Info (17048): Logic cell "Modulo_Entrada_E_Saida:comb_49|lpm_divide:Mod4|lpm_divide_3bm:auto_generated|sign_div_unsign_olh:divider|alt_u_div_47f:divider|add_sub_18_result_int[0]~10" File: /home/gabriel/Documents/Projects/Compiler/Processador-QAR/OldQuartus/db/alt_u_div_47f.tdf Line: 77
    Info (17048): Logic cell "Modulo_Entrada_E_Saida:comb_49|lpm_divide:Mod4|lpm_divide_3bm:auto_generated|sign_div_unsign_olh:divider|alt_u_div_47f:divider|add_sub_19_result_int[0]~10" File: /home/gabriel/Documents/Projects/Compiler/Processador-QAR/OldQuartus/db/alt_u_div_47f.tdf Line: 82
    Info (17048): Logic cell "Modulo_Entrada_E_Saida:comb_49|lpm_divide:Mod4|lpm_divide_3bm:auto_generated|sign_div_unsign_olh:divider|alt_u_div_47f:divider|add_sub_20_result_int[0]~10" File: /home/gabriel/Documents/Projects/Compiler/Processador-QAR/OldQuartus/db/alt_u_div_47f.tdf Line: 92
    Info (17048): Logic cell "Modulo_Entrada_E_Saida:comb_49|lpm_divide:Mod4|lpm_divide_3bm:auto_generated|sign_div_unsign_olh:divider|alt_u_div_47f:divider|add_sub_21_result_int[0]~10" File: /home/gabriel/Documents/Projects/Compiler/Processador-QAR/OldQuartus/db/alt_u_div_47f.tdf Line: 97
    Info (17048): Logic cell "Modulo_Entrada_E_Saida:comb_49|lpm_divide:Mod4|lpm_divide_3bm:auto_generated|sign_div_unsign_olh:divider|alt_u_div_47f:divider|add_sub_22_result_int[0]~10" File: /home/gabriel/Documents/Projects/Compiler/Processador-QAR/OldQuartus/db/alt_u_div_47f.tdf Line: 102
    Info (17048): Logic cell "Modulo_Entrada_E_Saida:comb_49|lpm_divide:Mod4|lpm_divide_3bm:auto_generated|sign_div_unsign_olh:divider|alt_u_div_47f:divider|add_sub_23_result_int[0]~10" File: /home/gabriel/Documents/Projects/Compiler/Processador-QAR/OldQuartus/db/alt_u_div_47f.tdf Line: 107
    Info (17048): Logic cell "Modulo_Entrada_E_Saida:comb_49|lpm_divide:Mod4|lpm_divide_3bm:auto_generated|sign_div_unsign_olh:divider|alt_u_div_47f:divider|add_sub_24_result_int[0]~10" File: /home/gabriel/Documents/Projects/Compiler/Processador-QAR/OldQuartus/db/alt_u_div_47f.tdf Line: 112
    Info (17048): Logic cell "Modulo_Entrada_E_Saida:comb_49|lpm_divide:Mod4|lpm_divide_3bm:auto_generated|sign_div_unsign_olh:divider|alt_u_div_47f:divider|add_sub_25_result_int[0]~10" File: /home/gabriel/Documents/Projects/Compiler/Processador-QAR/OldQuartus/db/alt_u_div_47f.tdf Line: 117
    Info (17048): Logic cell "Modulo_Entrada_E_Saida:comb_49|lpm_divide:Mod4|lpm_divide_3bm:auto_generated|sign_div_unsign_olh:divider|alt_u_div_47f:divider|add_sub_26_result_int[0]~10" File: /home/gabriel/Documents/Projects/Compiler/Processador-QAR/OldQuartus/db/alt_u_div_47f.tdf Line: 122
    Info (17048): Logic cell "Modulo_Entrada_E_Saida:comb_49|lpm_divide:Mod4|lpm_divide_3bm:auto_generated|sign_div_unsign_olh:divider|alt_u_div_47f:divider|add_sub_27_result_int[0]~10" File: /home/gabriel/Documents/Projects/Compiler/Processador-QAR/OldQuartus/db/alt_u_div_47f.tdf Line: 127
    Info (17048): Logic cell "Modulo_Entrada_E_Saida:comb_49|lpm_divide:Mod4|lpm_divide_3bm:auto_generated|sign_div_unsign_olh:divider|alt_u_div_47f:divider|add_sub_28_result_int[0]~10" File: /home/gabriel/Documents/Projects/Compiler/Processador-QAR/OldQuartus/db/alt_u_div_47f.tdf Line: 132
    Info (17048): Logic cell "Modulo_Entrada_E_Saida:comb_49|lpm_divide:Mod4|lpm_divide_3bm:auto_generated|sign_div_unsign_olh:divider|alt_u_div_47f:divider|add_sub_29_result_int[0]~10" File: /home/gabriel/Documents/Projects/Compiler/Processador-QAR/OldQuartus/db/alt_u_div_47f.tdf Line: 137
    Info (17048): Logic cell "Modulo_Entrada_E_Saida:comb_49|lpm_divide:Mod4|lpm_divide_3bm:auto_generated|sign_div_unsign_olh:divider|alt_u_div_47f:divider|add_sub_30_result_int[0]~10" File: /home/gabriel/Documents/Projects/Compiler/Processador-QAR/OldQuartus/db/alt_u_div_47f.tdf Line: 147
    Info (17048): Logic cell "Modulo_Entrada_E_Saida:comb_49|lpm_divide:Mod5|lpm_divide_3bm:auto_generated|sign_div_unsign_olh:divider|alt_u_div_47f:divider|add_sub_31_result_int[0]~0" File: /home/gabriel/Documents/Projects/Compiler/Processador-QAR/OldQuartus/db/alt_u_div_47f.tdf Line: 152
    Info (17048): Logic cell "Modulo_Entrada_E_Saida:comb_49|lpm_divide:Mod5|lpm_divide_3bm:auto_generated|sign_div_unsign_olh:divider|alt_u_div_47f:divider|add_sub_19_result_int[0]~10" File: /home/gabriel/Documents/Projects/Compiler/Processador-QAR/OldQuartus/db/alt_u_div_47f.tdf Line: 82
    Info (17048): Logic cell "Modulo_Entrada_E_Saida:comb_49|lpm_divide:Mod5|lpm_divide_3bm:auto_generated|sign_div_unsign_olh:divider|alt_u_div_47f:divider|add_sub_20_result_int[0]~10" File: /home/gabriel/Documents/Projects/Compiler/Processador-QAR/OldQuartus/db/alt_u_div_47f.tdf Line: 92
    Info (17048): Logic cell "Modulo_Entrada_E_Saida:comb_49|lpm_divide:Mod5|lpm_divide_3bm:auto_generated|sign_div_unsign_olh:divider|alt_u_div_47f:divider|add_sub_21_result_int[0]~10" File: /home/gabriel/Documents/Projects/Compiler/Processador-QAR/OldQuartus/db/alt_u_div_47f.tdf Line: 97
    Info (17048): Logic cell "Modulo_Entrada_E_Saida:comb_49|lpm_divide:Mod5|lpm_divide_3bm:auto_generated|sign_div_unsign_olh:divider|alt_u_div_47f:divider|add_sub_22_result_int[0]~10" File: /home/gabriel/Documents/Projects/Compiler/Processador-QAR/OldQuartus/db/alt_u_div_47f.tdf Line: 102
    Info (17048): Logic cell "Modulo_Entrada_E_Saida:comb_49|lpm_divide:Mod5|lpm_divide_3bm:auto_generated|sign_div_unsign_olh:divider|alt_u_div_47f:divider|add_sub_23_result_int[0]~10" File: /home/gabriel/Documents/Projects/Compiler/Processador-QAR/OldQuartus/db/alt_u_div_47f.tdf Line: 107
    Info (17048): Logic cell "Modulo_Entrada_E_Saida:comb_49|lpm_divide:Mod5|lpm_divide_3bm:auto_generated|sign_div_unsign_olh:divider|alt_u_div_47f:divider|add_sub_24_result_int[0]~10" File: /home/gabriel/Documents/Projects/Compiler/Processador-QAR/OldQuartus/db/alt_u_div_47f.tdf Line: 112
    Info (17048): Logic cell "Modulo_Entrada_E_Saida:comb_49|lpm_divide:Mod5|lpm_divide_3bm:auto_generated|sign_div_unsign_olh:divider|alt_u_div_47f:divider|add_sub_25_result_int[0]~10" File: /home/gabriel/Documents/Projects/Compiler/Processador-QAR/OldQuartus/db/alt_u_div_47f.tdf Line: 117
    Info (17048): Logic cell "Modulo_Entrada_E_Saida:comb_49|lpm_divide:Mod5|lpm_divide_3bm:auto_generated|sign_div_unsign_olh:divider|alt_u_div_47f:divider|add_sub_26_result_int[0]~10" File: /home/gabriel/Documents/Projects/Compiler/Processador-QAR/OldQuartus/db/alt_u_div_47f.tdf Line: 122
    Info (17048): Logic cell "Modulo_Entrada_E_Saida:comb_49|lpm_divide:Mod5|lpm_divide_3bm:auto_generated|sign_div_unsign_olh:divider|alt_u_div_47f:divider|add_sub_27_result_int[0]~10" File: /home/gabriel/Documents/Projects/Compiler/Processador-QAR/OldQuartus/db/alt_u_div_47f.tdf Line: 127
    Info (17048): Logic cell "Modulo_Entrada_E_Saida:comb_49|lpm_divide:Mod5|lpm_divide_3bm:auto_generated|sign_div_unsign_olh:divider|alt_u_div_47f:divider|add_sub_28_result_int[0]~10" File: /home/gabriel/Documents/Projects/Compiler/Processador-QAR/OldQuartus/db/alt_u_div_47f.tdf Line: 132
    Info (17048): Logic cell "Modulo_Entrada_E_Saida:comb_49|lpm_divide:Mod5|lpm_divide_3bm:auto_generated|sign_div_unsign_olh:divider|alt_u_div_47f:divider|add_sub_29_result_int[0]~10" File: /home/gabriel/Documents/Projects/Compiler/Processador-QAR/OldQuartus/db/alt_u_div_47f.tdf Line: 137
    Info (17048): Logic cell "Modulo_Entrada_E_Saida:comb_49|lpm_divide:Mod5|lpm_divide_3bm:auto_generated|sign_div_unsign_olh:divider|alt_u_div_47f:divider|add_sub_30_result_int[0]~10" File: /home/gabriel/Documents/Projects/Compiler/Processador-QAR/OldQuartus/db/alt_u_div_47f.tdf Line: 147
    Info (17048): Logic cell "Modulo_Entrada_E_Saida:comb_49|lpm_divide:Mod6|lpm_divide_3bm:auto_generated|sign_div_unsign_olh:divider|alt_u_div_47f:divider|add_sub_31_result_int[0]~0" File: /home/gabriel/Documents/Projects/Compiler/Processador-QAR/OldQuartus/db/alt_u_div_47f.tdf Line: 152
    Info (17048): Logic cell "Modulo_Entrada_E_Saida:comb_49|lpm_divide:Mod6|lpm_divide_3bm:auto_generated|sign_div_unsign_olh:divider|alt_u_div_47f:divider|add_sub_22_result_int[0]~10" File: /home/gabriel/Documents/Projects/Compiler/Processador-QAR/OldQuartus/db/alt_u_div_47f.tdf Line: 102
    Info (17048): Logic cell "Modulo_Entrada_E_Saida:comb_49|lpm_divide:Mod6|lpm_divide_3bm:auto_generated|sign_div_unsign_olh:divider|alt_u_div_47f:divider|add_sub_23_result_int[0]~10" File: /home/gabriel/Documents/Projects/Compiler/Processador-QAR/OldQuartus/db/alt_u_div_47f.tdf Line: 107
    Info (17048): Logic cell "Modulo_Entrada_E_Saida:comb_49|lpm_divide:Mod6|lpm_divide_3bm:auto_generated|sign_div_unsign_olh:divider|alt_u_div_47f:divider|add_sub_24_result_int[0]~10" File: /home/gabriel/Documents/Projects/Compiler/Processador-QAR/OldQuartus/db/alt_u_div_47f.tdf Line: 112
    Info (17048): Logic cell "Modulo_Entrada_E_Saida:comb_49|lpm_divide:Mod6|lpm_divide_3bm:auto_generated|sign_div_unsign_olh:divider|alt_u_div_47f:divider|add_sub_25_result_int[0]~10" File: /home/gabriel/Documents/Projects/Compiler/Processador-QAR/OldQuartus/db/alt_u_div_47f.tdf Line: 117
    Info (17048): Logic cell "Modulo_Entrada_E_Saida:comb_49|lpm_divide:Mod6|lpm_divide_3bm:auto_generated|sign_div_unsign_olh:divider|alt_u_div_47f:divider|add_sub_26_result_int[0]~10" File: /home/gabriel/Documents/Projects/Compiler/Processador-QAR/OldQuartus/db/alt_u_div_47f.tdf Line: 122
    Info (17048): Logic cell "Modulo_Entrada_E_Saida:comb_49|lpm_divide:Mod6|lpm_divide_3bm:auto_generated|sign_div_unsign_olh:divider|alt_u_div_47f:divider|add_sub_27_result_int[0]~10" File: /home/gabriel/Documents/Projects/Compiler/Processador-QAR/OldQuartus/db/alt_u_div_47f.tdf Line: 127
    Info (17048): Logic cell "Modulo_Entrada_E_Saida:comb_49|lpm_divide:Mod6|lpm_divide_3bm:auto_generated|sign_div_unsign_olh:divider|alt_u_div_47f:divider|add_sub_28_result_int[0]~10" File: /home/gabriel/Documents/Projects/Compiler/Processador-QAR/OldQuartus/db/alt_u_div_47f.tdf Line: 132
    Info (17048): Logic cell "Modulo_Entrada_E_Saida:comb_49|lpm_divide:Mod6|lpm_divide_3bm:auto_generated|sign_div_unsign_olh:divider|alt_u_div_47f:divider|add_sub_29_result_int[0]~10" File: /home/gabriel/Documents/Projects/Compiler/Processador-QAR/OldQuartus/db/alt_u_div_47f.tdf Line: 137
    Info (17048): Logic cell "Modulo_Entrada_E_Saida:comb_49|lpm_divide:Mod6|lpm_divide_3bm:auto_generated|sign_div_unsign_olh:divider|alt_u_div_47f:divider|add_sub_30_result_int[0]~10" File: /home/gabriel/Documents/Projects/Compiler/Processador-QAR/OldQuartus/db/alt_u_div_47f.tdf Line: 147
    Info (17048): Logic cell "Modulo_Entrada_E_Saida:comb_49|lpm_divide:Mod7|lpm_divide_3bm:auto_generated|sign_div_unsign_olh:divider|alt_u_div_47f:divider|add_sub_31_result_int[0]~0" File: /home/gabriel/Documents/Projects/Compiler/Processador-QAR/OldQuartus/db/alt_u_div_47f.tdf Line: 152
    Info (17048): Logic cell "Modulo_Entrada_E_Saida:comb_49|lpm_divide:Mod7|lpm_divide_3bm:auto_generated|sign_div_unsign_olh:divider|alt_u_div_47f:divider|add_sub_26_result_int[0]~10" File: /home/gabriel/Documents/Projects/Compiler/Processador-QAR/OldQuartus/db/alt_u_div_47f.tdf Line: 122
    Info (17048): Logic cell "Modulo_Entrada_E_Saida:comb_49|lpm_divide:Mod7|lpm_divide_3bm:auto_generated|sign_div_unsign_olh:divider|alt_u_div_47f:divider|add_sub_27_result_int[0]~10" File: /home/gabriel/Documents/Projects/Compiler/Processador-QAR/OldQuartus/db/alt_u_div_47f.tdf Line: 127
    Info (17048): Logic cell "Modulo_Entrada_E_Saida:comb_49|lpm_divide:Mod7|lpm_divide_3bm:auto_generated|sign_div_unsign_olh:divider|alt_u_div_47f:divider|add_sub_28_result_int[0]~10" File: /home/gabriel/Documents/Projects/Compiler/Processador-QAR/OldQuartus/db/alt_u_div_47f.tdf Line: 132
    Info (17048): Logic cell "Modulo_Entrada_E_Saida:comb_49|lpm_divide:Mod7|lpm_divide_3bm:auto_generated|sign_div_unsign_olh:divider|alt_u_div_47f:divider|add_sub_29_result_int[0]~10" File: /home/gabriel/Documents/Projects/Compiler/Processador-QAR/OldQuartus/db/alt_u_div_47f.tdf Line: 137
    Info (17048): Logic cell "Modulo_Entrada_E_Saida:comb_49|lpm_divide:Mod7|lpm_divide_3bm:auto_generated|sign_div_unsign_olh:divider|alt_u_div_47f:divider|add_sub_30_result_int[0]~10" File: /home/gabriel/Documents/Projects/Compiler/Processador-QAR/OldQuartus/db/alt_u_div_47f.tdf Line: 147
Info (144001): Generated suppressed messages file /home/gabriel/Documents/Projects/Compiler/Processador-QAR/OldQuartus/output_files/Processador_Completo.map.smsg
Info (16010): Generating hard_block partition "hard_block:auto_generated_inst"
    Info (16011): Adding 0 node(s), including 0 DDIO, 0 PLL, 0 transceiver and 0 LCELL
Info (21057): Implemented 10458 device resources after synthesis - the final resource count might be different
    Info (21058): Implemented 20 input pins
    Info (21059): Implemented 487 output pins
    Info (21061): Implemented 9887 logic cells
    Info (21064): Implemented 58 RAM segments
    Info (21062): Implemented 6 DSP elements
Info: Quartus Prime Analysis & Synthesis was successful. 0 errors, 124 warnings
    Info: Peak virtual memory: 568 megabytes
    Info: Processing ended: Wed Jul 15 17:04:24 2026
    Info: Elapsed time: 00:00:22
    Info: Total CPU time (on all processors): 00:00:34


+------------------------------------------+
; Analysis & Synthesis Suppressed Messages ;
+------------------------------------------+
The suppressed messages can be found in /home/gabriel/Documents/Projects/Compiler/Processador-QAR/OldQuartus/output_files/Processador_Completo.map.smsg.


